payout_id,seller_id,payout_date,amount,days_since_first_transaction
P000000,S000000,2025-05-23,285.03,107
P000001,S000001,2026-01-29,334.48,111
P000002,S000002,2025-11-24,1080.27,72
P000003,S000003,2025-07-23,65.22,32
P000004,S000004,2025-09-02,150.05,59
P000005,S000005,2026-02-19,572.04,93
P000006,S000006,2025-02-22,2140.48,21
P000007,S000007,2025-10-04,4526.41,21
P000008,S000008,2025-06-12,790.19,81
P000009,S000009,2025-05-19,687.58,100
P000010,S000010,2025-10-19,740.28,86
P000011,S000011,2026-04-18,867.54,112
P000012,S000012,2026-01-06,543.01,101
P000013,S000013,2026-01-22,814.21,109
P000014,S000014,2026-01-03,657.64,104
P000015,S000015,2026-01-25,241.96,90
P000016,S000016,2025-10-25,425.48,103
P000017,S000017,2025-05-31,171.83,96
P000018,S000018,2026-01-23,115.33,71
P000019,S000019,2025-09-26,801.91,91
P000020,S000020,2025-10-15,37.51,83
P000021,S000021,2025-08-17,321.18,88
P000022,S000022,2025-06-12,536.54,90
P000023,S000023,2026-03-07,586.6,84
P000024,S000025,2025-11-22,711.56,90
P000025,S000026,2025-09-05,817.37,101
P000026,S000027,2026-02-03,375.86,95
P000027,S000028,2025-10-14,275.77,83
P000028,S000029,2025-09-15,1056.14,95
P000029,S000030,2025-09-23,265.83,87
P000030,S000031,2025-07-15,460.03,110
P000031,S000032,2025-05-15,171.51,85
P000032,S000033,2025-10-27,885.59,95
P000033,S000034,2026-02-20,929.88,83
P000034,S000035,2025-04-27,286.14,91
P000035,S000036,2026-02-28,516.96,110
P000036,S000037,2026-02-21,545.26,114
P000037,S000038,2025-06-26,105.31,52
P000038,S000039,2025-12-12,723.38,115
P000039,S000040,2025-06-20,372.99,97
P000040,S000041,2026-01-06,423.67,91
P000041,S000042,2025-12-28,261.54,79
P000042,S000043,2025-08-21,803.57,102
P000043,S000044,2025-03-11,47.03,16
P000044,S000045,2026-04-03,415.45,97
P000045,S000046,2025-09-12,927.48,71
P000046,S000047,2026-03-14,364.48,112
P000047,S000048,2025-09-28,54.77,18
P000048,S000049,2026-01-18,407.6,91
P000049,S000050,2026-01-29,645.75,116
P000050,S000051,2025-06-13,651.87,90
P000051,S000053,2025-09-13,576.69,79
P000052,S000054,2025-10-03,409.54,92
P000053,S000055,2025-04-28,926.63,96
P000054,S000056,2025-11-04,669.39,108
P000055,S000057,2025-06-03,331.54,94
P000056,S000058,2026-01-11,786.83,94
P000057,S000059,2025-12-17,685.18,101
P000058,S000060,2026-03-22,256.68,106
P000059,S000061,2026-01-19,884.36,112
P000060,S000062,2025-09-04,1095.0,110
P000061,S000063,2026-03-26,993.58,96
P000062,S000064,2025-09-21,546.87,109
P000063,S000065,2025-08-14,537.67,107
P000064,S000066,2026-03-21,237.88,89
P000065,S000067,2025-08-21,480.51,96
P000066,S000068,2025-04-25,720.55,85
P000067,S000070,2026-01-02,134.87,75
P000068,S000071,2025-07-07,103.16,38
P000069,S000073,2025-06-01,213.38,101
P000070,S000074,2025-12-26,78.75,62
P000071,S000075,2025-10-17,591.88,108
P000072,S000076,2025-07-19,264.9,77
P000073,S000077,2025-07-12,138.7,83
P000074,S000078,2025-10-15,65.13,14
P000075,S000079,2025-09-20,2007.21,17
P000076,S000080,2026-03-19,794.14,97
P000077,S000081,2025-09-17,1340.14,100
P000078,S000082,2025-05-31,514.08,83
P000079,S000083,2026-02-08,96.74,73
P000080,S000084,2025-12-06,447.83,106
P000081,S000085,2025-12-14,627.9,81
P000082,S000086,2025-05-15,451.05,72
P000083,S000087,2025-08-01,506.12,96
P000084,S000088,2026-01-24,1113.18,108
P000085,S000089,2025-12-23,17.08,27
P000086,S000090,2025-09-06,145.73,87
P000087,S000091,2026-02-01,698.05,100
P000088,S000092,2026-02-13,214.32,88
P000089,S000093,2025-09-15,558.07,116
P000090,S000094,2026-03-06,513.26,86
P000091,S000095,2025-08-08,447.86,112
P000092,S000096,2025-07-12,652.43,97
P000093,S000097,2025-12-12,768.33,96
P000094,S000098,2025-09-10,1802.39,12
P000095,S000099,2025-05-23,1755.49,80
P000096,S000100,2026-02-23,814.26,113
P000097,S000101,2025-06-12,514.38,81
P000098,S000103,2025-03-01,368.66,56
P000099,S000104,2026-02-03,435.94,106
P000100,S000105,2026-01-11,461.6,88
P000101,S000106,2026-01-29,458.51,103
P000102,S000107,2025-12-11,430.93,97
P000103,S000108,2025-10-01,62.57,87
P000104,S000109,2025-12-15,700.78,91
P000105,S000110,2025-08-05,407.18,114
P000106,S000111,2026-01-16,200.27,94
P000107,S000112,2025-11-08,687.17,109
P000108,S000113,2025-09-26,724.07,97
P000109,S000114,2025-10-21,866.49,103
P000110,S000115,2025-11-22,950.65,114
P000111,S000116,2025-03-03,15.89,22
P000112,S000117,2025-05-26,811.63,89
P000113,S000118,2025-07-26,282.01,112
P000114,S000120,2025-10-03,1164.62,110
P000115,S000121,2025-11-18,423.28,78
P000116,S000122,2025-12-04,763.23,99
P000117,S000123,2025-07-08,2245.47,16
P000118,S000124,2026-03-06,593.16,103
P000119,S000125,2025-10-26,1028.74,84
P000120,S000126,2025-05-12,928.72,103
P000121,S000127,2026-01-15,204.52,97
P000122,S000128,2025-11-16,476.39,107
P000123,S000130,2025-10-11,114.15,65
P000124,S000131,2025-09-01,143.18,27
P000125,S000132,2025-05-11,240.38,92
P000126,S000133,2025-11-09,252.9,105
P000127,S000135,2025-08-10,996.79,111
P000128,S000136,2025-11-17,666.17,92
P000129,S000137,2025-03-26,209.26,65
P000130,S000138,2025-08-23,904.16,108
P000131,S000139,2025-09-14,958.46,85
P000132,S000140,2026-03-29,273.45,94
P000133,S000141,2025-06-15,564.19,86
P000134,S000142,2025-07-22,415.55,101
P000135,S000143,2025-09-21,588.49,112
P000136,S000144,2026-04-08,1001.06,97
P000137,S000145,2026-02-18,549.76,99
P000138,S000147,2025-07-19,564.21,112
P000139,S000148,2026-01-26,292.25,89
P000140,S000149,2025-05-03,945.26,101
P000141,S000150,2026-02-07,1235.67,86
P000142,S000151,2025-07-16,697.94,92
P000143,S000152,2026-03-27,465.75,108
P000144,S000153,2025-07-30,996.38,102
P000145,S000154,2025-09-26,804.65,110
P000146,S000155,2025-09-24,2003.12,18
P000147,S000156,2025-05-28,460.01,94
P000148,S000157,2025-10-04,10.44,13
P000149,S000159,2026-01-28,785.17,104
P000150,S000160,2026-04-07,741.93,93
P000151,S000161,2025-12-05,455.03,96
P000152,S000162,2025-09-18,552.24,111
P000153,S000163,2025-09-16,179.34,104
P000154,S000164,2025-08-30,766.4,84
P000155,S000165,2026-02-19,699.22,116
P000156,S000166,2025-08-08,748.34,98
P000157,S000167,2025-06-13,434.34,102
P000158,S000168,2025-08-14,707.18,103
P000159,S000169,2025-03-06,40.3,34
P000160,S000170,2025-05-24,432.35,100
P000161,S000171,2025-05-24,704.07,111
P000162,S000172,2026-01-28,1076.65,103
P000163,S000173,2026-01-09,597.72,110
P000164,S000174,2025-12-18,527.58,97
P000165,S000175,2025-09-22,832.47,95
P000166,S000176,2025-12-31,941.37,92
P000167,S000177,2025-06-05,947.91,95
P000168,S000178,2026-02-19,900.21,85
P000169,S000179,2025-10-20,593.91,106
P000170,S000180,2026-03-17,149.42,90
P000171,S000181,2025-06-10,469.42,93
P000172,S000182,2025-10-18,284.93,96
P000173,S000183,2025-12-22,781.88,98
P000174,S000184,2025-10-04,237.82,90
P000175,S000185,2025-08-28,227.12,57
P000176,S000186,2025-06-12,328.87,99
P000177,S000187,2025-09-05,661.25,108
P000178,S000188,2025-07-13,399.56,98
P000179,S000189,2025-07-28,649.84,96
P000180,S000190,2025-12-09,878.11,89
P000181,S000192,2025-11-26,490.38,100
P000182,S000193,2025-08-11,1962.89,89
P000183,S000194,2026-03-27,1047.58,94
P000184,S000195,2025-05-18,604.36,102
P000185,S000196,2025-08-16,113.81,73
P000186,S000197,2025-05-23,926.66,96
P000187,S000198,2025-08-27,436.23,110
P000188,S000199,2026-04-03,212.78,99
P000189,S000200,2025-08-23,827.01,101
P000190,S000201,2026-03-18,354.69,109
P000191,S000202,2025-09-24,551.48,79
P000192,S000203,2025-12-18,762.87,93
P000193,S000204,2025-09-23,506.62,85
P000194,S000205,2025-07-12,991.98,95
P000195,S000206,2026-01-06,175.28,91
P000196,S000207,2026-04-11,506.28,108
P000197,S000208,2025-07-16,349.76,96
P000198,S000209,2026-01-11,157.37,83
P000199,S000210,2025-06-22,869.95,76
P000200,S000211,2025-12-27,612.49,98
P000201,S000212,2026-02-03,885.01,111
P000202,S000213,2025-10-07,561.47,114
P000203,S000214,2026-01-05,749.61,101
P000204,S000215,2025-07-28,240.47,90
P000205,S000216,2025-05-19,498.37,104
P000206,S000217,2025-05-11,1411.86,94
P000207,S000218,2025-09-21,201.12,87
P000208,S000219,2026-02-19,194.74,65
P000209,S000220,2025-05-29,89.9,81
P000210,S000221,2025-09-28,845.45,104
P000211,S000222,2026-01-02,516.46,105
P000212,S000223,2025-06-30,190.56,99
P000213,S000224,2026-01-11,816.33,112
P000214,S000225,2025-08-06,300.88,106
P000215,S000226,2026-01-27,247.1,93
P000216,S000227,2025-11-19,737.79,108
P000217,S000228,2025-10-11,106.75,56
P000218,S000229,2025-05-09,55.6,55
P000219,S000230,2025-09-24,287.51,87
P000220,S000231,2026-02-09,164.0,73
P000221,S000232,2025-04-12,170.9,79
P000222,S000233,2026-01-07,178.08,68
P000223,S000234,2025-10-08,512.67,99
P000224,S000235,2026-01-09,768.12,111
P000225,S000236,2025-12-05,1035.77,94
P000226,S000237,2025-09-02,161.93,75
P000227,S000238,2025-07-25,278.55,82
P000228,S000239,2025-11-27,472.0,99
P000229,S000240,2025-06-03,1214.65,102
P000230,S000241,2025-11-27,931.39,113
P000231,S000242,2025-05-18,627.64,98
P000232,S000243,2025-12-04,225.68,88
P000233,S000244,2025-11-24,322.91,94
P000234,S000245,2025-05-23,987.88,110
P000235,S000246,2026-01-24,441.41,104
P000236,S000247,2025-09-12,569.66,96
P000237,S000248,2026-01-14,95.42,90
P000238,S000249,2025-04-24,35.69,35
P000239,S000250,2025-06-04,496.76,84
P000240,S000251,2025-10-09,894.05,100
P000241,S000252,2025-06-18,101.93,40
P000242,S000253,2025-08-23,920.91,114
P000243,S000254,2025-12-22,664.83,101
P000244,S000255,2025-06-16,779.13,114
P000245,S000257,2025-04-26,303.9,61
P000246,S000258,2025-06-22,850.48,107
P000247,S000259,2025-11-08,517.23,89
P000248,S000260,2026-01-20,373.27,93
P000249,S000261,2025-06-10,795.17,87
P000250,S000262,2025-06-23,28.1,13
P000251,S000263,2026-03-17,832.64,96
P000252,S000264,2026-04-03,46.6,65
P000253,S000265,2025-08-29,3154.34,19
P000254,S000266,2025-09-17,778.24,95
P000255,S000267,2025-07-03,370.71,57
P000256,S000268,2025-11-18,875.19,98
P000257,S000269,2025-10-25,947.19,76
P000258,S000270,2025-08-02,217.8,88
P000259,S000271,2025-04-26,637.1,107
P000260,S000272,2025-06-19,879.14,95
P000261,S000273,2026-03-23,114.29,96
P000262,S000274,2025-09-05,763.32,95
P000263,S000275,2025-10-09,272.88,85
P000264,S000276,2025-09-19,294.57,81
P000265,S000277,2026-01-30,1019.06,108
P000266,S000278,2025-03-24,97.28,45
P000267,S000279,2025-05-25,779.99,111
P000268,S000280,2025-07-17,426.73,79
P000269,S000281,2025-10-03,95.96,43
P000270,S000282,2025-12-16,557.26,95
P000271,S000283,2025-10-04,422.43,97
P000272,S000284,2025-09-15,155.27,77
P000273,S000285,2026-03-14,805.82,95
P000274,S000286,2025-06-22,755.33,112
P000275,S000287,2025-11-03,725.02,94
P000276,S000288,2025-08-13,1726.21,21
P000277,S000289,2025-09-12,574.76,80
P000278,S000290,2026-02-08,185.14,109
P000279,S000292,2026-03-07,221.52,82
P000280,S000293,2025-08-01,776.31,91
P000281,S000294,2025-11-06,1067.32,111
P000282,S000295,2025-10-06,41.67,32
P000283,S000296,2026-02-12,137.77,87
P000284,S000297,2025-08-18,165.93,62
P000285,S000298,2025-07-22,559.2,91
P000286,S000299,2025-04-21,1026.7,103
P000287,S000300,2025-06-25,78.14,33
P000288,S000301,2026-02-05,14.27,26
P000289,S000302,2025-04-08,534.19,90
P000290,S000303,2026-03-01,712.89,96
P000291,S000304,2025-11-07,726.03,110
P000292,S000305,2025-05-19,450.89,86
P000293,S000306,2025-07-10,292.96,80
P000294,S000307,2025-09-25,282.66,64
P000295,S000309,2025-05-17,152.68,57
P000296,S000310,2025-12-01,258.02,81
P000297,S000311,2025-12-20,307.13,91
P000298,S000312,2025-05-23,528.65,91
P000299,S000314,2025-06-29,135.99,74
P000300,S000315,2025-12-09,340.62,86
P000301,S000316,2026-01-10,534.55,106
P000302,S000317,2025-12-27,287.57,84
P000303,S000318,2026-03-29,286.25,83
P000304,S000319,2025-11-03,2541.85,26
P000305,S000320,2025-08-13,943.25,105
P000306,S000321,2025-06-06,566.8,117
P000307,S000322,2025-11-30,818.18,104
P000308,S000323,2026-03-06,707.2,93
P000309,S000324,2026-03-23,2429.14,88
P000310,S000325,2025-06-25,492.27,85
P000311,S000326,2025-07-19,432.07,98
P000312,S000327,2025-04-29,303.16,98
P000313,S000328,2025-05-03,284.22,52
P000314,S000329,2025-11-07,355.17,91
P000315,S000330,2025-11-02,872.18,105
P000316,S000331,2025-08-14,147.48,74
P000317,S000332,2025-07-31,436.7,97
P000318,S000333,2026-01-15,558.55,75
P000319,S000334,2025-10-05,448.7,109
P000320,S000335,2026-01-25,630.92,94
P000321,S000337,2025-08-13,496.56,106
P000322,S000338,2025-07-04,762.65,111
P000323,S000339,2026-03-15,222.42,88
P000324,S000340,2025-10-31,492.72,65
P000325,S000341,2025-06-05,29.59,48
P000326,S000342,2025-11-22,680.73,99
P000327,S000343,2025-10-20,439.09,92
P000328,S000345,2025-07-14,354.49,76
P000329,S000346,2026-04-05,604.9,90
P000330,S000347,2026-03-19,850.08,95
P000331,S000348,2025-06-20,398.63,105
P000332,S000349,2025-06-21,511.48,96
P000333,S000350,2025-10-18,670.45,95
P000334,S000351,2025-04-13,234.4,76
P000335,S000352,2025-08-07,712.23,102
P000336,S000353,2025-09-20,264.73,77
P000337,S000354,2026-02-13,60.95,38
P000338,S000355,2026-01-19,4344.09,21
P000339,S000357,2026-03-14,730.86,104
P000340,S000358,2025-05-06,307.65,92
P000341,S000359,2025-12-20,129.72,64
P000342,S000360,2026-01-29,486.55,57
P000343,S000361,2026-03-11,847.99,108
P000344,S000362,2025-07-10,311.06,106
P000345,S000363,2026-02-16,586.54,83
P000346,S000364,2025-05-14,767.02,90
P000347,S000365,2025-10-31,494.54,114
P000348,S000366,2025-10-15,930.45,113
P000349,S000367,2025-08-01,505.56,97
P000350,S000368,2025-02-07,2836.01,28
P000351,S000369,2026-01-23,469.36,102
P000352,S000370,2025-08-16,734.71,96
P000353,S000371,2025-12-07,702.59,99
P000354,S000372,2025-09-23,916.74,107
P000355,S000373,2025-08-18,939.13,87
P000356,S000374,2026-03-03,954.96,102
P000357,S000375,2025-05-25,978.75,106
P000358,S000376,2026-01-05,808.43,99
P000359,S000377,2026-01-09,295.83,100
P000360,S000378,2025-08-27,72.54,90
P000361,S000379,2025-07-17,528.83,100
P000362,S000380,2025-04-19,904.64,107
P000363,S000381,2026-03-07,682.33,89
P000364,S000382,2026-04-05,578.26,109
P000365,S000383,2025-06-19,122.95,74
P000366,S000384,2025-04-22,83.27,29
P000367,S000385,2025-05-22,781.5,89
P000368,S000386,2025-05-12,318.79,107
P000369,S000387,2025-11-22,4345.12,17
P000370,S000388,2026-02-25,501.0,95
P000371,S000389,2025-06-12,766.47,91
P000372,S000390,2026-01-13,684.01,97
P000373,S000391,2025-06-04,2044.25,89
P000374,S000392,2025-09-03,845.2,105
P000375,S000393,2025-10-29,152.98,77
P000376,S000394,2025-12-18,1266.66,83
P000377,S000395,2026-02-22,710.43,98
P000378,S000396,2025-04-22,386.1,89
P000379,S000397,2025-06-25,1057.68,104
P000380,S000399,2025-07-19,133.24,21
P000381,S000400,2026-03-01,36.58,57
P000382,S000401,2025-11-08,3778.76,22
P000383,S000402,2025-08-09,941.93,104
P000384,S000403,2026-02-14,38.25,51
P000385,S000404,2025-10-20,1043.24,109
P000386,S000405,2025-10-23,566.42,108
P000387,S000406,2025-08-31,531.08,68
P000388,S000407,2025-05-28,892.24,94
P000389,S000408,2025-12-29,3552.13,8
P000390,S000409,2025-04-13,854.13,93
P000391,S000410,2025-06-05,795.72,92
P000392,S000411,2025-07-12,652.24,109
P000393,S000412,2025-07-20,390.01,89
P000394,S000413,2025-05-31,540.32,101
P000395,S000414,2025-04-20,408.56,85
P000396,S000415,2025-12-10,921.66,83
P000397,S000416,2026-04-11,302.43,111
P000398,S000417,2025-05-17,1011.84,91
P000399,S000418,2025-07-31,720.82,103
P000400,S000419,2025-10-27,822.19,104
P000401,S000420,2026-02-26,174.8,57
P000402,S000421,2025-12-26,428.65,106
P000403,S000422,2026-01-02,18.61,13
P000404,S000423,2025-10-11,134.76,52
P000405,S000424,2025-08-19,85.5,71
P000406,S000425,2025-05-28,350.29,74
P000407,S000426,2026-02-23,820.53,95
P000408,S000427,2026-01-31,246.3,102
P000409,S000428,2025-02-25,197.39,39
P000410,S000429,2025-12-26,931.05,98
P000411,S000430,2025-05-11,815.68,100
P000412,S000431,2025-12-31,145.12,88
P000413,S000432,2026-02-14,798.39,107
P000414,S000433,2025-06-02,650.77,101
P000415,S000434,2025-09-18,643.64,101
P000416,S000435,2025-05-31,823.12,105
P000417,S000436,2025-11-06,791.92,93
P000418,S000437,2026-03-14,590.46,96
P000419,S000438,2025-05-08,330.08,81
P000420,S000439,2025-09-18,676.97,112
P000421,S000440,2026-03-23,1549.49,91
P000422,S000441,2025-07-23,543.52,94
P000423,S000442,2025-06-06,951.61,107
P000424,S000443,2025-10-06,567.18,100
P000425,S000444,2025-10-12,339.46,76
P000426,S000445,2025-12-13,921.49,100
P000427,S000446,2025-08-05,894.39,93
P000428,S000447,2026-03-19,653.9,91
P000429,S000448,2025-09-17,157.83,31
P000430,S000449,2025-07-14,155.74,69
P000431,S000450,2026-04-14,786.67,114
P000432,S000451,2026-03-21,373.47,97
P000433,S000452,2025-10-05,1002.86,89
P000434,S000453,2025-04-09,17.31,87
P000435,S000454,2025-11-12,58.87,42
P000436,S000455,2025-10-31,417.45,101
P000437,S000456,2025-06-06,446.55,101
P000438,S000457,2025-11-10,33.33,24
P000439,S000458,2026-02-04,600.98,92
P000440,S000459,2025-05-07,54.8,18
P000441,S000460,2026-01-06,690.5,89
P000442,S000461,2025-05-22,526.64,89
P000443,S000462,2026-01-21,359.58,108
P000444,S000463,2025-09-23,708.26,113
P000445,S000464,2025-04-19,276.08,103
P000446,S000465,2026-01-22,37.68,25
P000447,S000467,2025-11-21,293.63,96
P000448,S000468,2025-06-15,329.79,90
P000449,S000469,2026-03-22,75.24,97
P000450,S000470,2026-01-14,1019.46,106
P000451,S000471,2026-01-30,243.56,90
P000452,S000472,2025-08-30,89.53,41
P000453,S000473,2025-07-20,1949.68,27
P000454,S000474,2025-12-06,310.35,107
P000455,S000475,2026-02-06,99.62,100
P000456,S000476,2026-02-21,685.04,100
P000457,S000477,2025-04-03,378.09,81
P000458,S000478,2025-12-12,674.08,99
P000459,S000479,2025-03-23,16.93,9
P000460,S000480,2025-07-30,340.5,96
P000461,S000481,2026-02-07,636.83,96
P000462,S000482,2025-07-07,569.7,85
P000463,S000483,2026-02-10,792.73,113
P000464,S000484,2025-09-21,131.11,76
P000465,S000485,2025-07-12,416.38,102
P000466,S000486,2025-08-04,89.85,92
P000467,S000487,2025-10-22,314.2,96
P000468,S000488,2025-12-31,190.65,62
P000469,S000489,2025-11-17,886.53,98
P000470,S000490,2026-02-13,83.04,66
P000471,S000491,2026-03-09,832.85,108
P000472,S000492,2026-01-14,657.23,101
P000473,S000493,2025-11-10,334.66,93
P000474,S000494,2025-07-13,658.99,84
P000475,S000495,2025-08-24,37.5,63
P000476,S000496,2025-05-09,107.73,68
P000477,S000497,2025-08-14,260.33,66
P000478,S000498,2026-03-07,665.76,61
P000479,S000499,2025-09-13,476.05,96
P000480,S000500,2025-06-01,712.25,109
P000481,S000501,2025-12-10,39.54,42
P000482,S000502,2026-03-25,368.65,91
P000483,S000503,2026-02-12,140.22,68
P000484,S000504,2025-07-11,438.22,87
P000485,S000505,2025-09-11,126.46,86
P000486,S000506,2025-11-08,934.33,118
P000487,S000507,2025-07-08,1007.53,94
P000488,S000508,2025-07-16,483.57,94
P000489,S000509,2025-07-02,934.0,82
P000490,S000510,2026-04-10,596.3,98
P000491,S000511,2025-12-28,732.97,82
P000492,S000512,2026-01-30,393.89,84
P000493,S000513,2026-01-23,301.63,73
P000494,S000514,2026-04-11,245.53,112
P000495,S000515,2025-05-22,932.06,103
P000496,S000516,2026-02-02,602.06,66
P000497,S000517,2025-03-17,98.69,50
P000498,S000518,2025-10-18,765.83,113
P000499,S000519,2025-11-22,861.05,103
P000500,S000520,2025-07-01,36.28,38
P000501,S000521,2025-05-24,98.2,69
P000502,S000522,2025-06-14,781.04,91
P000503,S000523,2026-02-11,663.4,85
P000504,S000524,2025-08-21,576.49,114
P000505,S000525,2025-08-10,184.51,102
P000506,S000526,2026-03-03,232.42,75
P000507,S000527,2025-06-04,474.26,102
P000508,S000528,2026-03-08,664.99,94
P000509,S000529,2026-02-04,209.81,55
P000510,S000530,2025-11-09,176.25,74
P000511,S000531,2025-06-02,754.13,85
P000512,S000532,2025-06-16,277.13,104
P000513,S000533,2025-07-25,898.2,102
P000514,S000534,2025-10-28,2426.4,90
P000515,S000535,2025-06-13,798.08,106
P000516,S000536,2025-09-30,704.81,105
P000517,S000537,2025-05-27,696.57,101
P000518,S000538,2025-11-03,627.58,101
P000519,S000539,2025-04-02,583.5,84
P000520,S000541,2025-02-19,3409.81,25
P000521,S000542,2025-07-08,728.3,112
P000522,S000543,2025-06-12,1013.63,99
P000523,S000544,2026-01-28,267.3,86
P000524,S000545,2025-04-17,715.48,65
P000525,S000546,2025-09-07,159.19,91
P000526,S000547,2025-11-21,118.71,101
P000527,S000548,2025-10-01,438.05,78
P000528,S000549,2025-12-19,401.03,101
P000529,S000550,2026-01-26,633.39,92
P000530,S000551,2025-08-23,694.03,84
P000531,S000552,2026-02-21,567.55,110
P000532,S000553,2025-08-04,960.49,98
P000533,S000554,2026-03-22,550.28,86
P000534,S000555,2025-10-08,234.07,93
P000535,S000556,2026-01-13,1033.5,108
P000536,S000557,2026-02-21,964.7,93
P000537,S000558,2026-01-18,827.72,88
P000538,S000559,2026-02-24,950.7,106
P000539,S000560,2025-10-22,883.9,93
P000540,S000561,2025-05-11,450.42,111
P000541,S000562,2025-09-28,691.45,89
P000542,S000563,2025-06-13,828.51,93
P000543,S000564,2026-02-27,329.37,74
P000544,S000565,2025-07-08,12.13,21
P000545,S000566,2025-07-03,151.45,83
P000546,S000567,2025-07-24,329.37,104
P000547,S000568,2025-11-22,443.4,81
P000548,S000569,2025-10-28,367.43,78
P000549,S000570,2026-03-01,94.29,67
P000550,S000571,2025-08-24,1406.01,83
P000551,S000572,2025-07-03,605.56,80
P000552,S000573,2025-04-27,762.59,87
P000553,S000574,2025-03-05,117.18,55
P000554,S000575,2025-09-03,860.41,109
P000555,S000576,2026-03-25,456.2,110
P000556,S000577,2025-10-28,876.95,102
P000557,S000578,2026-03-06,465.46,102
P000558,S000579,2025-05-24,867.2,102
P000559,S000580,2025-04-14,120.31,66
P000560,S000581,2026-02-06,330.56,96
P000561,S000582,2025-05-08,640.43,76
P000562,S000583,2025-04-25,198.82,83
P000563,S000584,2025-09-04,986.57,85
P000564,S000585,2026-03-01,256.41,75
P000565,S000586,2025-12-21,480.91,101
P000566,S000587,2025-05-24,550.6,103
P000567,S000588,2026-02-13,285.25,103
P000568,S000589,2026-01-28,649.12,84
P000569,S000590,2026-02-06,889.91,105
P000570,S000591,2026-03-15,844.16,101
P000571,S000592,2025-07-09,288.27,96
P000572,S000593,2026-03-23,340.26,85
P000573,S000594,2025-08-06,670.18,89
P000574,S000596,2025-11-05,239.62,93
P000575,S000597,2026-02-01,622.47,110
P000576,S000598,2025-11-07,137.51,79
P000577,S000599,2025-12-17,142.11,106
P000578,S000600,2025-11-11,1062.53,87
P000579,S000601,2026-01-20,79.48,99
P000580,S000602,2025-12-25,843.81,76
P000581,S000603,2025-06-03,355.23,99
P000582,S000604,2026-02-04,250.99,95
P000583,S000605,2025-10-15,718.12,90
P000584,S000606,2025-07-29,166.06,63
P000585,S000607,2025-10-28,563.88,107
P000586,S000609,2025-12-01,1450.5,16
P000587,S000610,2026-02-22,709.06,112
P000588,S000611,2025-09-22,247.41,91
P000589,S000612,2026-02-04,1229.17,111
P000590,S000613,2025-08-31,796.64,100
P000591,S000614,2025-12-07,273.98,86
P000592,S000615,2025-11-21,247.22,87
P000593,S000616,2025-07-18,254.84,89
P000594,S000617,2025-07-28,679.63,108
P000595,S000618,2025-05-03,344.49,95
P000596,S000619,2025-06-04,540.57,100
P000597,S000620,2025-09-29,517.46,106
P000598,S000621,2025-10-05,579.92,103
P000599,S000622,2025-06-01,182.73,67
P000600,S000623,2025-09-07,408.85,95
P000601,S000624,2025-11-28,692.9,109
P000602,S000625,2025-07-05,224.51,86
P000603,S000626,2025-08-16,272.98,91
P000604,S000627,2025-08-22,858.84,96
P000605,S000628,2025-10-09,650.94,97
P000606,S000629,2025-06-03,3828.57,16
P000607,S000630,2026-01-14,491.75,92
P000608,S000631,2025-07-23,595.45,74
P000609,S000632,2025-09-07,308.1,72
P000610,S000633,2025-08-22,51.6,82
P000611,S000634,2025-06-23,793.93,107
P000612,S000635,2025-10-11,46.32,31
P000613,S000636,2025-07-16,755.03,107
P000614,S000637,2025-08-13,635.06,116
P000615,S000638,2026-02-11,475.13,116
P000616,S000639,2026-04-01,220.36,97
P000617,S000640,2025-12-23,363.22,87
P000618,S000641,2026-03-21,557.61,102
P000619,S000642,2026-02-01,49.38,21
P000620,S000644,2026-02-03,662.01,113
P000621,S000645,2025-08-09,304.81,97
P000622,S000646,2025-10-12,214.68,115
P000623,S000647,2025-09-14,94.14,36
P000624,S000648,2026-03-27,396.9,93
P000625,S000649,2026-02-18,103.23,98
P000626,S000650,2025-10-10,603.29,102
P000627,S000651,2025-12-13,71.95,98
P000628,S000652,2025-06-26,352.29,102
P000629,S000653,2026-01-14,221.01,83
P000630,S000654,2025-10-27,611.88,94
P000631,S000655,2025-10-19,624.03,96
P000632,S000657,2025-12-05,274.95,94
P000633,S000658,2025-05-23,665.02,104
P000634,S000659,2025-07-20,956.48,89
P000635,S000660,2025-06-01,1754.61,85
P000636,S000661,2025-12-11,671.1,70
P000637,S000662,2025-05-01,301.61,101
P000638,S000663,2025-07-05,1029.75,111
P000639,S000664,2025-11-17,310.56,100
P000640,S000665,2025-10-28,25.63,9
P000641,S000666,2025-10-13,700.16,98
P000642,S000667,2026-03-03,181.12,92
P000643,S000668,2026-03-19,658.28,103
P000644,S000669,2025-05-24,81.32,79
P000645,S000670,2026-03-14,1572.5,90
P000646,S000672,2025-12-08,876.42,106
P000647,S000673,2025-05-06,2872.72,89
P000648,S000674,2025-11-09,96.8,56
P000649,S000675,2026-01-01,780.02,101
P000650,S000677,2025-05-27,773.95,114
P000651,S000678,2025-10-13,542.25,92
P000652,S000679,2026-03-20,33.2,101
P000653,S000680,2025-10-09,4127.48,17
P000654,S000681,2025-06-10,183.99,102
P000655,S000682,2026-03-17,331.01,79
P000656,S000683,2026-04-04,928.09,109
P000657,S000684,2025-06-19,141.47,101
P000658,S000685,2026-02-13,552.11,107
P000659,S000686,2025-09-09,277.56,98
P000660,S000687,2025-11-13,578.23,100
P000661,S000688,2025-09-20,659.59,97
P000662,S000689,2026-01-16,95.25,36
P000663,S000690,2026-04-07,1314.1,95
P000664,S000691,2026-02-03,645.52,108
P000665,S000692,2026-03-20,863.42,101
P000666,S000693,2026-02-19,12.93,11
P000667,S000694,2025-05-07,442.27,84
P000668,S000695,2025-07-25,520.14,96
P000669,S000696,2026-01-02,990.95,94
P000670,S000697,2025-11-07,472.68,89
P000671,S000698,2025-04-25,499.78,93
P000672,S000699,2025-03-02,3944.61,25
P000673,S000700,2025-10-11,174.48,73
P000674,S000701,2025-09-08,2058.3,25
P000675,S000702,2025-05-19,194.72,74
P000676,S000703,2025-06-14,477.96,98
P000677,S000704,2025-03-05,2552.69,15
P000678,S000705,2025-11-02,360.59,88
P000679,S000706,2025-04-17,248.81,100
P000680,S000707,2025-11-02,462.27,96
P000681,S000708,2025-08-31,273.2,60
P000682,S000709,2025-08-05,18.12,23
P000683,S000710,2025-12-02,279.86,78
P000684,S000711,2025-10-09,521.22,86
P000685,S000712,2025-12-29,243.03,55
P000686,S000713,2026-01-16,596.4,102
P000687,S000714,2026-03-26,862.32,108
P000688,S000715,2026-01-30,395.6,98
P000689,S000717,2025-10-19,389.42,108
P000690,S000718,2025-06-29,1024.62,90
P000691,S000719,2025-11-16,447.66,98
P000692,S000720,2025-05-31,583.77,92
P000693,S000721,2026-01-08,31.83,11
P000694,S000722,2025-12-22,40.89,14
P000695,S000723,2025-05-27,726.82,102
P000696,S000724,2026-01-17,112.79,91
P000697,S000725,2025-05-16,130.25,84
P000698,S000726,2025-12-28,1164.05,95
P000699,S000727,2025-05-11,845.73,97
P000700,S000728,2025-10-17,797.26,109
P000701,S000729,2025-11-28,187.88,86
P000702,S000730,2025-12-30,151.74,42
P000703,S000731,2025-09-21,552.09,111
P000704,S000732,2026-03-29,1010.06,116
P000705,S000733,2026-01-13,534.27,95
P000706,S000734,2025-07-04,910.11,101
P000707,S000735,2025-12-29,188.3,106
P000708,S000736,2025-12-22,689.4,85
P000709,S000737,2025-08-07,824.97,88
P000710,S000739,2026-03-08,1227.16,104
P000711,S000740,2026-02-05,1059.85,99
P000712,S000741,2026-01-15,811.08,99
P000713,S000742,2025-10-29,294.74,66
P000714,S000743,2025-08-05,437.8,117
P000715,S000744,2026-01-21,267.38,85
P000716,S000745,2025-08-21,50.97,24
P000717,S000746,2025-10-30,342.82,104
P000718,S000747,2025-08-05,995.63,100
P000719,S000748,2025-08-12,221.56,101
P000720,S000749,2025-06-24,875.16,110
P000721,S000750,2026-03-14,894.77,71
P000722,S000751,2025-06-04,138.02,88
P000723,S000752,2025-05-15,348.4,97
P000724,S000753,2026-03-05,229.86,86
P000725,S000754,2025-10-05,169.9,68
P000726,S000755,2025-09-13,129.66,79
P000727,S000756,2026-01-11,542.33,105
P000728,S000757,2025-08-23,455.25,88
P000729,S000758,2025-05-26,388.04,96
P000730,S000759,2025-11-20,204.28,56
P000731,S000760,2025-06-26,697.97,109
P000732,S000761,2025-11-03,400.67,94
P000733,S000762,2026-04-08,868.27,115
P000734,S000763,2026-03-17,836.0,98
P000735,S000764,2025-08-17,416.83,88
P000736,S000765,2026-02-01,1156.88,111
P000737,S000766,2025-11-11,1087.33,91
P000738,S000767,2025-10-12,853.94,102
P000739,S000768,2025-05-15,502.6,79
P000740,S000770,2025-11-25,627.88,78
P000741,S000771,2026-04-13,979.31,107
P000742,S000772,2025-04-26,702.78,113
P000743,S000773,2025-12-17,8.56,21
P000744,S000774,2026-01-27,140.88,57
P000745,S000775,2026-02-14,137.16,45
P000746,S000776,2025-09-30,493.58,110
P000747,S000777,2025-05-17,655.92,84
P000748,S000778,2025-07-17,836.0,99
P000749,S000779,2026-02-08,682.03,93
P000750,S000780,2026-03-03,317.99,106
P000751,S000781,2025-12-09,947.6,94
P000752,S000782,2025-05-02,126.89,72
P000753,S000783,2025-06-01,354.45,107
P000754,S000784,2025-10-06,771.8,93
P000755,S000785,2025-11-08,886.03,90
P000756,S000786,2025-04-24,200.51,75
P000757,S000787,2025-12-14,321.0,85
P000758,S000788,2025-10-15,417.7,82
P000759,S000789,2025-04-28,609.58,113
P000760,S000790,2025-05-11,1050.54,95
P000761,S000791,2025-10-08,658.59,112
P000762,S000792,2025-12-27,658.58,97
P000763,S000793,2026-02-19,102.11,59
P000764,S000794,2025-09-24,530.42,96
P000765,S000795,2025-07-13,1013.88,81
P000766,S000796,2026-03-25,1085.31,94
P000767,S000797,2025-07-10,28.68,11
P000768,S000798,2025-08-14,462.1,110
P000769,S000799,2025-09-17,725.47,93
P000770,S000800,2025-01-25,4400.55,14
P000771,S000801,2025-07-31,696.75,101
P000772,S000802,2025-10-21,67.84,31
P000773,S000804,2026-01-06,396.76,96
P000774,S000805,2026-01-26,529.52,105
P000775,S000806,2025-11-07,650.65,100
P000776,S000807,2025-05-21,565.73,100
P000777,S000808,2025-09-10,414.35,109
P000778,S000809,2026-04-03,295.28,92
P000779,S000810,2025-02-07,2367.65,7
P000780,S000811,2025-12-07,4129.37,19
P000781,S000812,2025-12-31,429.75,97
P000782,S000813,2025-07-20,81.43,81
P000783,S000814,2026-01-28,544.79,105
P000784,S000815,2026-02-22,881.67,106
P000785,S000816,2025-04-19,718.48,90
P000786,S000817,2025-05-22,909.22,101
P000787,S000818,2025-12-03,427.47,90
P000788,S000819,2026-04-22,1152.75,107
P000789,S000820,2025-04-22,627.48,102
P000790,S000821,2025-11-22,558.55,83
P000791,S000822,2025-05-26,872.86,93
P000792,S000823,2025-12-09,884.83,100
P000793,S000824,2025-11-11,202.33,85
P000794,S000825,2025-05-19,293.31,96
P000795,S000826,2025-12-21,618.18,105
P000796,S000827,2026-03-10,312.69,93
P000797,S000828,2026-02-25,707.53,101
P000798,S000829,2025-05-08,725.35,117
P000799,S000830,2025-04-25,3492.59,21
P000800,S000831,2025-06-21,130.56,47
P000801,S000832,2025-09-05,86.39,77
P000802,S000833,2025-06-01,703.32,99
P000803,S000834,2026-02-21,125.63,100
P000804,S000835,2026-01-18,427.56,97
P000805,S000836,2026-02-14,656.91,109
P000806,S000837,2025-06-18,100.08,86
P000807,S000838,2025-05-01,443.22,84
P000808,S000839,2026-03-21,301.24,76
P000809,S000841,2025-11-13,42.41,28
P000810,S000842,2026-03-16,669.59,108
P000811,S000843,2025-04-30,886.93,101
P000812,S000844,2025-04-09,739.25,90
P000813,S000845,2025-04-13,734.79,98
P000814,S000846,2025-05-19,598.95,76
P000815,S000847,2025-05-03,757.84,104
P000816,S000848,2026-02-12,1093.09,108
P000817,S000849,2025-11-14,642.17,90
P000818,S000850,2026-04-10,461.21,106
P000819,S000851,2026-01-13,547.06,84
P000820,S000852,2026-04-14,757.99,117
P000821,S000853,2025-07-20,551.84,111
P000822,S000854,2025-08-02,1049.36,108
P000823,S000855,2026-02-27,784.52,109
P000824,S000856,2025-07-23,496.71,106
P000825,S000857,2025-05-11,937.16,105
P000826,S000858,2025-12-13,418.28,81
P000827,S000859,2026-01-23,384.67,88
P000828,S000860,2026-04-08,821.25,107
P000829,S000861,2026-03-17,925.36,102
P000830,S000862,2025-05-30,549.25,103
P000831,S000863,2026-01-22,934.51,104
P000832,S000864,2026-02-16,198.7,103
P000833,S000865,2026-01-04,266.36,109
P000834,S000866,2026-02-15,188.54,85
P000835,S000867,2026-02-13,1103.57,101
P000836,S000868,2025-09-30,711.26,107
P000837,S000869,2025-04-29,732.13,97
P000838,S000870,2025-09-23,852.42,98
P000839,S000872,2025-06-04,490.12,112
P000840,S000873,2025-06-09,316.22,112
P000841,S000874,2025-11-23,28.68,25
P000842,S000875,2025-10-10,894.73,97
P000843,S000876,2025-11-01,919.53,102
P000844,S000877,2025-12-25,600.12,83
P000845,S000878,2025-11-01,367.36,102
P000846,S000879,2025-11-17,1149.9,86
P000847,S000880,2025-05-24,202.48,101
P000848,S000881,2026-02-03,89.51,88
P000849,S000882,2025-07-01,2778.05,12
P000850,S000883,2025-06-13,503.07,106
P000851,S000884,2026-01-21,353.11,74
P000852,S000885,2025-12-23,62.06,71
P000853,S000886,2025-05-02,328.87,98
P000854,S000887,2025-04-06,3409.04,12
P000855,S000888,2025-04-17,324.9,101
P000856,S000889,2025-07-12,90.19,92
P000857,S000890,2025-05-20,183.82,93
P000858,S000891,2025-11-16,34.07,55
P000859,S000892,2025-10-14,550.66,86
P000860,S000893,2026-04-14,282.18,106
P000861,S000894,2026-01-08,231.21,97
P000862,S000895,2025-09-08,3363.8,16
P000863,S000896,2025-09-13,216.44,57
P000864,S000897,2025-05-06,738.31,104
P000865,S000898,2025-05-16,181.84,103
P000866,S000899,2025-11-14,370.8,91
P000867,S000900,2025-04-14,503.81,98
P000868,S000901,2025-04-27,390.63,99
P000869,S000902,2025-06-24,613.06,93
P000870,S000903,2026-02-28,229.69,98
P000871,S000904,2025-10-05,475.07,80
P000872,S000905,2025-12-26,673.53,101
P000873,S000906,2025-09-21,749.38,109
P000874,S000907,2025-06-30,183.69,105
P000875,S000908,2025-08-13,532.43,89
P000876,S000909,2025-05-18,932.5,98
P000877,S000910,2026-01-23,280.41,91
P000878,S000911,2025-06-12,282.59,90
P000879,S000912,2025-08-25,276.49,89
P000880,S000913,2026-04-03,763.48,99
P000881,S000914,2025-11-27,690.6,114
P000882,S000915,2025-08-01,97.78,45
P000883,S000916,2025-10-22,516.91,95
P000884,S000917,2025-12-18,91.48,63
P000885,S000918,2025-07-01,166.2,63
P000886,S000919,2025-12-01,1104.67,98
P000887,S000920,2026-03-06,539.53,109
P000888,S000921,2025-11-02,591.68,82
P000889,S000922,2025-10-02,311.7,101
P000890,S000923,2025-05-29,570.29,96
P000891,S000924,2025-07-16,505.14,96
P000892,S000925,2026-03-09,87.39,50
P000893,S000926,2025-08-03,89.13,11
P000894,S000927,2025-06-29,71.92,68
P000895,S000928,2025-06-25,2851.18,22
P000896,S000929,2025-11-03,55.63,24
P000897,S000930,2025-10-17,1005.41,89
P000898,S000931,2025-12-27,227.16,105
P000899,S000932,2025-07-04,2177.85,89
P000900,S000934,2025-10-04,901.18,111
P000901,S000935,2026-04-03,1015.7,114
P000902,S000936,2025-06-02,426.35,80
P000903,S000937,2025-06-07,667.96,93
P000904,S000938,2025-09-30,561.03,104
P000905,S000939,2025-10-06,896.9,93
P000906,S000940,2026-01-02,669.81,111
P000907,S000941,2025-09-17,691.91,111
P000908,S000942,2026-02-28,169.2,83
P000909,S000943,2025-09-19,258.19,75
P000910,S000944,2025-05-25,842.74,94
P000911,S000945,2025-06-03,301.39,103
P000912,S000946,2026-04-01,657.35,99
P000913,S000947,2025-06-09,552.85,105
P000914,S000948,2026-04-08,270.06,103
P000915,S000949,2025-07-24,843.76,103
P000916,S000950,2025-05-28,815.44,113
P000917,S000951,2025-07-28,1006.36,86
P000918,S000952,2025-11-27,668.26,105
P000919,S000953,2025-09-15,404.66,97
P000920,S000954,2026-01-18,1169.48,94
P000921,S000955,2025-12-01,1108.88,111
P000922,S000956,2025-06-24,1951.16,28
P000923,S000957,2025-12-11,330.36,105
P000924,S000958,2026-04-13,313.1,102
P000925,S000959,2025-09-20,819.01,112
P000926,S000960,2025-05-29,94.1,85
P000927,S000961,2025-09-13,189.66,78
P000928,S000962,2026-02-06,569.33,80
P000929,S000963,2025-07-06,765.26,106
P000930,S000964,2026-03-19,518.65,94
P000931,S000966,2025-11-19,222.86,91
P000932,S000967,2025-07-31,147.24,85
P000933,S000968,2026-03-14,744.15,101
P000934,S000969,2025-04-12,1188.15,79
P000935,S000970,2025-08-05,800.07,106
P000936,S000971,2025-08-11,181.71,67
P000937,S000973,2025-09-30,295.74,60
P000938,S000974,2025-06-08,467.38,92
P000939,S000975,2025-06-27,686.7,92
P000940,S000976,2025-05-12,257.26,57
P000941,S000977,2025-11-22,951.44,114
P000942,S000978,2025-05-30,2916.05,19
P000943,S000979,2025-11-01,875.83,93
P000944,S000980,2025-09-30,278.92,55
P000945,S000981,2025-12-13,549.26,85
P000946,S000982,2025-11-08,719.18,111
P000947,S000984,2025-11-05,153.36,92
P000948,S000985,2025-12-11,368.52,105
P000949,S000986,2025-12-04,339.22,88
P000950,S000987,2025-07-24,65.3,61
P000951,S000988,2025-07-22,435.09,112
P000952,S000989,2026-01-15,119.29,59
P000953,S000990,2025-08-12,141.71,57
P000954,S000991,2025-10-30,386.76,98
P000955,S000993,2025-09-24,497.46,93
P000956,S000994,2025-10-30,617.09,107
P000957,S000995,2025-12-09,643.88,107
P000958,S000996,2025-10-06,37.63,13
P000959,S000997,2025-08-19,667.58,96
P000960,S000998,2026-04-07,782.29,101
P000961,S000999,2025-10-12,328.06,90
P000962,S001000,2026-01-25,105.49,79
P000963,S001001,2025-12-28,250.05,87
P000964,S001002,2025-10-20,340.32,76
P000965,S001003,2026-03-10,862.58,107
P000966,S001004,2025-06-10,553.47,95
P000967,S001005,2026-03-04,346.48,88
P000968,S001006,2026-03-02,542.13,112
P000969,S001007,2025-10-20,247.89,98
P000970,S001008,2026-01-19,466.72,102
P000971,S001009,2025-10-25,496.31,100
P000972,S001010,2025-07-08,1069.75,58
P000973,S001011,2026-02-05,977.92,96
P000974,S001012,2025-06-30,1956.78,86
P000975,S001013,2025-07-26,1327.18,86
P000976,S001014,2025-10-19,868.22,101
P000977,S001015,2026-02-03,894.91,93
P000978,S001016,2025-08-19,106.9,37
P000979,S001017,2025-09-24,362.48,86
P000980,S001018,2025-04-14,118.19,81
P000981,S001019,2025-06-10,1007.78,112
P000982,S001020,2025-05-06,721.89,101
P000983,S001021,2025-05-07,742.12,100
P000984,S001022,2026-02-10,374.36,84
P000985,S001023,2026-01-22,130.92,72
P000986,S001024,2026-02-15,1062.64,105
P000987,S001025,2025-05-03,414.82,90
P000988,S001026,2025-05-21,390.27,104
P000989,S001027,2025-07-23,806.57,101
P000990,S001028,2025-10-25,280.27,73
P000991,S001029,2025-08-26,640.65,114
P000992,S001030,2025-10-02,732.06,93
P000993,S001031,2025-05-27,248.84,75
P000994,S001032,2026-01-06,697.1,104
P000995,S001033,2025-08-13,254.24,93
P000996,S001034,2025-05-01,923.8,90
P000997,S001035,2026-01-08,910.02,100
P000998,S001036,2026-03-11,957.56,101
P000999,S001037,2025-04-22,954.54,106
P001000,S001039,2026-02-10,735.14,101
P001001,S001040,2025-12-10,214.42,66
P001002,S001041,2026-02-21,424.95,100
P001003,S001042,2025-09-05,747.7,92
P001004,S001043,2025-08-10,621.44,72
P001005,S001044,2025-12-06,174.0,49
P001006,S001045,2025-06-16,364.05,109
P001007,S001046,2025-07-04,560.29,95
P001008,S001047,2025-08-24,28.89,2
P001009,S001048,2025-12-11,634.04,98
P001010,S001049,2025-06-10,513.32,112
P001011,S001050,2025-10-03,422.7,63
P001012,S001051,2025-08-17,1134.99,90
P001013,S001052,2025-10-23,437.15,111
P001014,S001053,2026-04-04,145.31,100
P001015,S001054,2025-05-02,662.87,94
P001016,S001055,2026-04-09,325.65,88
P001017,S001056,2025-09-25,1058.22,103
P001018,S001057,2025-11-05,1115.77,24
P001019,S001058,2025-09-14,1290.1,97
P001020,S001059,2025-08-01,324.81,97
P001021,S001060,2026-01-22,549.55,104
P001022,S001061,2025-12-21,470.18,100
P001023,S001062,2025-06-03,693.1,96
P001024,S001063,2025-12-18,385.23,92
P001025,S001064,2025-12-07,897.51,64
P001026,S001065,2025-08-16,347.33,83
P001027,S001066,2026-03-25,967.37,101
P001028,S001067,2025-12-01,1063.82,99
P001029,S001068,2025-08-01,614.24,81
P001030,S001069,2025-03-06,29.06,14
P001031,S001070,2025-12-20,153.73,97
P001032,S001071,2025-06-22,323.06,94
P001033,S001072,2026-01-22,768.13,107
P001034,S001073,2025-10-14,872.79,93
P001035,S001074,2025-09-23,245.59,86
P001036,S001076,2026-01-02,283.1,88
P001037,S001077,2025-06-07,541.85,97
P001038,S001078,2025-09-24,668.98,104
P001039,S001079,2026-02-13,595.76,99
P001040,S001080,2026-03-08,686.23,96
P001041,S001081,2026-03-25,11.01,17
P001042,S001082,2026-04-05,290.08,104
P001043,S001083,2025-08-28,66.83,35
P001044,S001084,2025-07-02,593.18,105
P001045,S001085,2026-02-28,1024.12,116
P001046,S001086,2026-01-16,702.55,76
P001047,S001087,2026-04-10,502.65,103
P001048,S001088,2025-11-27,285.26,92
P001049,S001089,2025-06-08,839.86,106
P001050,S001090,2025-10-08,795.08,96
P001051,S001091,2025-09-27,868.96,94
P001052,S001092,2026-02-21,268.5,107
P001053,S001093,2025-08-24,534.3,88
P001054,S001094,2025-08-10,312.8,97
P001055,S001095,2025-04-29,10.9,1
P001056,S001096,2026-02-22,207.99,84
P001057,S001097,2026-01-01,200.5,76
P001058,S001098,2025-04-14,861.78,83
P001059,S001099,2025-09-18,148.42,70
P001060,S001100,2025-10-16,806.7,113
P001061,S001101,2025-09-15,937.45,86
P001062,S001102,2026-03-03,1035.5,70
P001063,S001103,2025-06-15,1031.71,103
P001064,S001104,2025-05-15,3806.59,22
P001065,S001105,2025-06-25,133.09,106
P001066,S001106,2025-07-07,108.94,73
P001067,S001107,2026-03-21,1030.35,112
P001068,S001108,2026-04-02,742.51,109
P001069,S001110,2025-10-08,16.73,13
P001070,S001111,2025-07-14,383.12,110
P001071,S001112,2025-05-09,79.79,42
P001072,S001113,2025-07-31,447.49,102
P001073,S001114,2025-06-23,431.64,102
P001074,S001115,2025-10-14,830.21,107
P001075,S001116,2026-04-10,1183.98,99
P001076,S001118,2025-12-27,763.1,95
P001077,S001119,2025-09-26,359.66,83
P001078,S001120,2025-04-13,220.04,83
P001079,S001121,2025-05-08,213.3,94
P001080,S001122,2025-08-03,1031.59,116
P001081,S001123,2025-06-27,228.53,82
P001082,S001124,2026-02-14,495.34,94
P001083,S001125,2026-02-09,296.72,97
P001084,S001126,2026-02-27,577.82,108
P001085,S001127,2025-12-05,1086.28,106
P001086,S001128,2025-10-28,195.06,72
P001087,S001129,2025-11-30,494.68,89
P001088,S001130,2025-09-12,350.35,102
P001089,S001131,2025-12-04,792.16,87
P001090,S001132,2026-01-27,583.63,102
P001091,S001133,2026-01-20,282.25,92
P001092,S001134,2025-11-28,906.89,106
P001093,S001135,2025-05-07,168.76,101
P001094,S001136,2025-12-27,723.49,89
P001095,S001137,2025-08-18,359.62,84
P001096,S001138,2026-01-08,593.21,99
P001097,S001139,2025-10-20,939.3,80
P001098,S001140,2026-02-22,796.91,94
P001099,S001141,2025-07-07,76.85,21
P001100,S001142,2026-03-12,961.09,92
P001101,S001144,2025-07-26,164.24,80
P001102,S001145,2025-10-14,314.43,99
P001103,S001146,2025-11-04,489.16,109
P001104,S001147,2026-01-31,390.66,111
P001105,S001148,2025-12-26,674.99,99
P001106,S001149,2025-12-20,120.27,34
P001107,S001150,2025-08-16,381.56,87
P001108,S001151,2025-09-24,605.96,62
P001109,S001152,2025-09-19,716.98,104
P001110,S001153,2026-03-10,623.86,97
P001111,S001154,2025-07-02,33.14,33
P001112,S001155,2025-11-07,409.47,92
P001113,S001156,2025-05-31,575.68,97
P001114,S001157,2026-02-07,519.55,87
P001115,S001158,2025-08-23,707.36,91
P001116,S001159,2025-06-20,194.97,44
P001117,S001160,2025-11-10,789.45,100
P001118,S001161,2025-10-14,80.09,33
P001119,S001162,2026-02-24,81.9,105
P001120,S001163,2025-10-20,459.85,89
P001121,S001164,2025-10-24,1032.09,108
P001122,S001165,2025-05-15,746.63,93
P001123,S001166,2025-03-18,187.56,63
P001124,S001167,2025-08-19,434.71,80
P001125,S001168,2026-04-04,590.57,92
P001126,S001169,2026-03-21,341.67,95
P001127,S001171,2025-11-30,141.24,94
P001128,S001172,2025-08-29,93.51,81
P001129,S001173,2025-06-19,542.79,102
P001130,S001174,2025-02-26,94.88,27
P001131,S001175,2025-07-20,117.03,58
P001132,S001176,2025-08-20,506.97,115
P001133,S001177,2025-06-17,1066.9,97
P001134,S001178,2025-07-12,408.03,98
P001135,S001179,2025-04-27,646.33,101
P001136,S001180,2025-11-15,1196.55,95
P001137,S001181,2026-03-12,227.04,96
P001138,S001182,2025-12-25,172.3,97
P001139,S001183,2025-08-14,92.83,61
P001140,S001184,2025-09-09,1024.23,95
P001141,S001185,2025-08-14,93.89,106
P001142,S001186,2025-05-23,266.08,81
P001143,S001187,2025-10-30,1153.36,81
P001144,S001188,2025-11-19,850.8,110
P001145,S001189,2025-04-12,127.04,92
P001146,S001190,2025-09-16,315.9,79
P001147,S001192,2025-06-15,827.7,98
P001148,S001193,2026-01-07,749.29,114
P001149,S001194,2025-10-22,474.12,102
P001150,S001195,2025-11-28,134.13,91
P001151,S001196,2025-12-21,782.66,93
P001152,S001197,2026-03-28,712.83,85
P001153,S001198,2026-01-31,824.86,101
P001154,S001199,2025-12-08,636.75,114
P001155,S001200,2026-02-24,156.06,95
P001156,S001201,2025-10-01,103.78,90
P001157,S001202,2026-04-01,530.17,90
P001158,S001203,2025-12-28,141.47,71
P001159,S001204,2025-12-04,513.97,92
P001160,S001205,2026-03-03,990.59,81
P001161,S001206,2025-09-17,109.6,45
P001162,S001207,2025-11-23,173.88,31
P001163,S001208,2025-07-21,931.6,98
P001164,S001209,2026-04-11,238.58,105
P001165,S001210,2025-11-11,427.03,77
P001166,S001211,2026-02-03,818.71,113
P001167,S001212,2025-09-15,1655.75,89
P001168,S001213,2026-02-22,871.42,99
P001169,S001215,2025-05-31,821.5,104
P001170,S001216,2025-10-20,654.59,103
P001171,S001217,2026-01-10,659.66,103
P001172,S001218,2025-11-09,2261.26,17
P001173,S001219,2025-10-06,574.91,117
P001174,S001220,2025-11-01,310.2,59
P001175,S001221,2025-11-02,497.89,93
P001176,S001222,2026-04-02,526.34,104
P001177,S001223,2025-11-16,139.37,70
P001178,S001224,2025-08-27,204.47,46
P001179,S001225,2026-03-18,70.82,85
P001180,S001226,2025-05-05,808.98,75
P001181,S001227,2026-03-29,794.19,86
P001182,S001228,2025-06-16,684.64,101
P001183,S001229,2025-07-30,103.1,102
P001184,S001230,2025-11-13,4799.46,16
P001185,S001231,2025-12-16,426.78,82
P001186,S001232,2026-03-21,84.13,86
P001187,S001233,2026-01-15,123.24,94
P001188,S001234,2025-12-03,809.54,103
P001189,S001235,2025-08-03,1182.04,86
P001190,S001236,2025-04-23,745.93,109
P001191,S001237,2025-06-01,731.61,104
P001192,S001238,2025-08-06,523.01,108
P001193,S001239,2025-03-13,140.97,37
P001194,S001240,2025-10-15,483.52,101
P001195,S001241,2026-01-23,745.15,100
P001196,S001242,2026-03-30,27.15,21
P001197,S001244,2026-02-15,107.27,82
P001198,S001246,2026-03-01,1037.76,109
P001199,S001247,2025-09-28,284.09,97
P001200,S001248,2025-08-14,698.89,105
P001201,S001249,2026-03-27,911.23,93
P001202,S001250,2025-07-07,822.81,88
P001203,S001251,2025-09-03,481.9,90
P001204,S001252,2025-05-05,1248.43,85
P001205,S001253,2026-01-14,466.36,77
P001206,S001254,2025-12-13,621.61,105
P001207,S001255,2025-05-15,628.61,92
P001208,S001256,2025-07-06,605.1,100
P001209,S001257,2025-11-03,394.13,104
P001210,S001258,2025-08-11,2590.58,18
P001211,S001259,2026-01-27,1036.04,93
P001212,S001260,2025-07-04,854.08,85
P001213,S001261,2026-03-12,237.86,78
P001214,S001262,2025-09-07,42.24,13
P001215,S001263,2026-02-06,481.06,99
P001216,S001264,2025-07-08,897.08,100
P001217,S001265,2025-04-16,374.69,83
P001218,S001266,2025-04-30,304.02,94
P001219,S001267,2025-08-07,437.64,67
P001220,S001268,2026-04-11,452.3,118
P001221,S001269,2025-05-13,220.34,112
P001222,S001270,2025-06-11,2951.16,12
P001223,S001271,2025-05-07,952.69,87
P001224,S001272,2026-03-15,402.89,96
P001225,S001273,2025-12-23,943.37,109
P001226,S001274,2026-01-08,1194.76,94
P001227,S001275,2026-01-02,706.97,104
P001228,S001276,2025-11-25,306.3,84
P001229,S001277,2026-01-29,1000.23,111
P001230,S001278,2025-04-17,93.42,69
P001231,S001279,2026-02-13,534.02,91
P001232,S001280,2025-12-31,426.17,94
P001233,S001282,2025-06-18,2346.72,25
P001234,S001284,2025-08-27,369.76,96
P001235,S001285,2025-02-08,5415.44,13
P001236,S001286,2026-02-17,739.85,66
P001237,S001287,2025-07-02,1107.99,94
P001238,S001288,2025-05-24,436.31,106
P001239,S001289,2025-11-22,275.94,91
P001240,S001290,2025-07-21,399.33,106
P001241,S001291,2026-02-09,743.96,90
P001242,S001292,2025-10-01,298.24,106
P001243,S001294,2026-03-24,373.87,97
P001244,S001295,2025-10-19,538.62,103
P001245,S001296,2025-07-31,560.93,116
P001246,S001297,2025-12-11,140.88,95
P001247,S001298,2025-11-05,567.0,111
P001248,S001299,2025-05-04,1158.44,112
P001249,S001300,2026-01-04,348.73,87
P001250,S001301,2025-09-13,801.27,96
P001251,S001302,2025-12-17,451.89,81
P001252,S001303,2026-02-12,283.32,78
P001253,S001304,2025-12-02,840.04,112
P001254,S001306,2025-05-07,20.84,9
P001255,S001307,2025-07-07,424.02,91
P001256,S001308,2025-07-03,2468.69,28
P001257,S001309,2026-01-23,196.43,68
P001258,S001310,2025-10-16,498.03,95
P001259,S001311,2025-08-08,880.96,92
P001260,S001312,2025-11-23,23.96,20
P001261,S001313,2026-02-26,877.55,108
P001262,S001314,2026-03-09,137.23,97
P001263,S001315,2025-05-07,114.71,15
P001264,S001316,2025-12-17,422.01,89
P001265,S001317,2025-11-18,986.04,101
P001266,S001318,2025-09-28,726.53,102
P001267,S001319,2025-09-01,452.8,89
P001268,S001320,2025-04-19,100.44,62
P001269,S001321,2025-07-24,1023.74,95
P001270,S001322,2025-10-26,539.96,95
P001271,S001323,2026-02-03,170.71,75
P001272,S001324,2026-02-23,265.49,101
P001273,S001325,2025-06-18,763.72,99
P001274,S001326,2025-12-24,469.3,106
P001275,S001327,2025-05-10,173.78,73
P001276,S001328,2025-09-29,3520.55,20
P001277,S001329,2025-08-06,419.4,91
P001278,S001330,2025-10-03,453.87,105
P001279,S001331,2025-12-28,824.58,99
P001280,S001332,2025-09-06,234.53,88
P001281,S001333,2026-01-22,344.19,92
P001282,S001334,2025-10-24,723.27,97
P001283,S001335,2026-04-16,120.16,105
P001284,S001336,2025-11-18,600.38,67
P001285,S001337,2025-07-28,346.28,97
P001286,S001338,2026-01-21,975.89,103
P001287,S001339,2025-08-31,661.51,92
P001288,S001340,2025-09-28,62.53,70
P001289,S001341,2025-05-28,396.24,93
P001290,S001342,2025-05-20,510.25,87
P001291,S001343,2025-10-14,49.82,50
P001292,S001344,2025-06-12,1218.01,85
P001293,S001345,2026-04-13,644.96,102
P001294,S001346,2026-03-04,490.94,109
P001295,S001347,2025-11-16,69.53,18
P001296,S001348,2026-01-05,806.22,97
P001297,S001349,2025-11-16,669.47,100
P001298,S001350,2025-05-16,107.27,106
P001299,S001351,2025-08-09,146.69,71
P001300,S001353,2026-03-07,899.91,91
P001301,S001354,2025-07-13,788.14,113
P001302,S001355,2025-10-14,306.27,103
P001303,S001356,2025-07-27,354.22,71
P001304,S001357,2025-05-13,617.43,81
P001305,S001358,2025-05-20,292.85,76
P001306,S001361,2025-04-26,660.11,89
P001307,S001362,2025-08-21,806.6,104
P001308,S001363,2025-06-25,423.21,98
P001309,S001364,2025-10-16,1443.02,81
P001310,S001365,2025-04-24,566.04,105
P001311,S001366,2025-07-23,676.85,88
P001312,S001367,2025-10-06,839.05,112
P001313,S001368,2026-04-10,521.52,110
P001314,S001369,2025-11-22,619.0,92
P001315,S001370,2026-03-05,592.56,104
P001316,S001371,2025-08-05,736.55,90
P001317,S001372,2025-10-09,642.49,109
P001318,S001373,2025-09-13,366.86,100
P001319,S001374,2026-02-05,50.42,41
P001320,S001375,2026-04-08,785.9,111
P001321,S001376,2026-02-14,160.49,51
P001322,S001377,2025-12-12,672.24,67
P001323,S001378,2025-10-17,730.33,103
P001324,S001379,2025-10-01,37.41,11
P001325,S001380,2026-04-19,839.4,105
P001326,S001381,2025-07-25,577.04,91
P001327,S001382,2025-07-27,508.97,71
P001328,S001383,2026-02-27,326.69,82
P001329,S001384,2025-08-17,1097.3,84
P001330,S001385,2025-07-07,318.65,98
P001331,S001386,2025-10-22,1034.01,89
P001332,S001387,2025-08-09,626.86,100
P001333,S001388,2025-12-19,1341.13,26
P001334,S001389,2026-03-20,666.81,109
P001335,S001390,2025-08-14,924.9,112
P001336,S001391,2025-10-30,608.63,105
P001337,S001392,2026-04-07,415.88,95
P001338,S001393,2026-01-03,533.93,83
P001339,S001394,2025-04-15,2773.47,18
P001340,S001395,2025-11-23,467.78,108
P001341,S001396,2025-12-02,590.48,106
P001342,S001397,2025-11-30,912.56,94
P001343,S001398,2025-04-16,464.76,94
P001344,S001399,2025-07-28,692.19,98
P001345,S001400,2026-03-01,515.02,109
P001346,S001401,2025-07-13,398.02,103
P001347,S001402,2025-07-23,20.96,76
P001348,S001403,2025-08-14,219.31,94
P001349,S001404,2025-06-08,158.89,77
P001350,S001405,2025-06-02,235.86,79
P001351,S001406,2025-08-02,829.79,85
P001352,S001407,2026-03-12,874.85,113
P001353,S001408,2025-04-20,361.62,109
P001354,S001409,2025-07-25,267.39,90
P001355,S001410,2025-05-06,64.93,60
P001356,S001411,2025-09-09,97.04,47
P001357,S001412,2025-07-13,405.65,102
P001358,S001413,2026-01-17,741.43,91
P001359,S001414,2025-11-20,593.47,93
P001360,S001415,2026-01-15,118.53,60
P001361,S001416,2025-11-17,29.54,69
P001362,S001417,2025-09-27,423.93,100
P001363,S001418,2026-01-23,104.19,49
P001364,S001419,2025-09-13,253.95,70
P001365,S001420,2026-03-25,625.59,101
P001366,S001421,2026-04-02,151.96,81
P001367,S001422,2025-10-29,840.95,82
P001368,S001423,2025-09-26,3016.44,15
P001369,S001424,2025-07-07,285.65,87
P001370,S001425,2026-02-11,610.33,104
P001371,S001426,2025-12-29,376.18,99
P001372,S001427,2026-02-19,888.75,85
P001373,S001428,2025-05-31,152.14,44
P001374,S001429,2026-01-11,492.67,87
P001375,S001430,2025-09-23,271.75,86
P001376,S001431,2025-06-27,512.01,110
P001377,S001432,2025-06-10,763.64,84
P001378,S001433,2025-11-06,226.71,60
P001379,S001434,2025-08-13,135.28,97
P001380,S001435,2025-06-04,524.81,113
P001381,S001436,2025-09-10,759.71,95
P001382,S001437,2025-11-21,169.35,83
P001383,S001438,2025-07-13,29.04,18
P001384,S001439,2026-04-01,229.06,103
P001385,S001440,2026-01-16,417.54,86
P001386,S001441,2025-10-14,421.02,87
P001387,S001442,2026-03-20,683.23,98
P001388,S001443,2025-09-06,669.69,81
P001389,S001444,2025-06-18,419.1,91
P001390,S001445,2025-05-01,629.19,101
P001391,S001446,2026-03-08,89.4,73
P001392,S001447,2026-03-16,168.88,84
P001393,S001448,2026-01-15,689.81,109
P001394,S001449,2025-04-27,68.7,73
P001395,S001450,2025-06-23,187.55,38
P001396,S001451,2025-03-24,622.01,62
P001397,S001452,2025-02-13,3820.13,24
P001398,S001453,2025-07-09,146.5,52
P001399,S001454,2025-11-04,1053.15,98
P001400,S001455,2025-05-03,636.18,96
P001401,S001456,2026-04-01,1219.77,92
P001402,S001457,2025-08-27,427.77,63
P001403,S001458,2025-07-31,866.95,115
P001404,S001459,2025-10-19,167.13,75
P001405,S001460,2026-01-22,555.56,92
P001406,S001461,2025-06-23,125.39,47
P001407,S001462,2025-04-19,537.53,86
P001408,S001463,2025-04-28,1100.48,90
P001409,S001464,2026-02-09,452.06,72
P001410,S001465,2025-05-21,750.61,85
P001411,S001466,2025-11-29,123.55,101
P001412,S001467,2025-07-07,86.79,19
P001413,S001468,2026-01-10,581.69,90
P001414,S001469,2025-05-20,687.77,116
P001415,S001470,2026-02-22,1129.87,84
P001416,S001471,2026-01-03,592.36,110
P001417,S001472,2025-09-16,335.19,83
P001418,S001473,2025-06-15,169.06,88
P001419,S001474,2026-03-26,35.41,92
P001420,S001475,2025-06-01,17.84,11
P001421,S001476,2025-10-08,819.58,100
P001422,S001477,2025-08-21,399.44,85
P001423,S001478,2025-07-14,713.88,110
P001424,S001479,2025-09-03,971.9,91
P001425,S001480,2025-06-01,640.55,88
P001426,S001481,2025-04-20,1124.64,101
P001427,S001482,2025-07-29,533.49,98
P001428,S001484,2025-09-16,101.38,93
P001429,S001485,2026-02-15,513.58,87
P001430,S001486,2025-06-06,44.8,21
P001431,S001487,2025-03-27,431.24,84
P001432,S001488,2025-05-15,1018.37,87
P001433,S001489,2025-09-21,86.11,71
P001434,S001490,2025-07-11,820.02,83
P001435,S001492,2025-05-02,591.57,108
P001436,S001493,2025-08-07,347.12,88
P001437,S001494,2025-09-04,884.42,88
P001438,S001495,2025-09-02,562.87,83
P001439,S001496,2025-10-10,6.48,19
P001440,S001498,2025-09-16,326.45,85
P001441,S001499,2026-02-22,862.42,108
P001442,S001500,2025-10-16,909.95,92
P001443,S001501,2025-07-24,669.74,100
P001444,S001502,2025-07-04,729.24,94
P001445,S001503,2025-08-07,41.83,21
P001446,S001504,2025-09-16,59.75,39
P001447,S001505,2025-07-07,257.54,95
P001448,S001506,2026-03-05,443.57,94
P001449,S001507,2025-09-28,885.3,94
P001450,S001508,2026-02-04,218.09,74
P001451,S001509,2025-12-11,758.03,88
P001452,S001510,2025-08-16,774.97,104
P001453,S001511,2025-07-08,597.62,98
P001454,S001512,2025-10-14,3700.66,15
P001455,S001513,2025-08-20,296.02,88
P001456,S001514,2025-06-09,27.9,60
P001457,S001515,2026-03-26,1311.8,108
P001458,S001517,2025-05-11,851.21,98
P001459,S001518,2025-10-06,20.35,15
P001460,S001519,2025-09-23,376.95,96
P001461,S001520,2026-02-23,769.1,97
P001462,S001521,2026-01-09,805.27,112
P001463,S001522,2025-05-26,94.09,69
P001464,S001523,2025-06-09,95.14,85
P001465,S001524,2025-11-22,736.47,102
P001466,S001525,2025-03-14,971.16,55
P001467,S001526,2025-08-01,402.71,96
P001468,S001527,2025-06-01,161.98,100
P001469,S001529,2026-03-10,860.06,97
P001470,S001530,2025-05-25,260.63,96
P001471,S001531,2025-04-16,849.53,101
P001472,S001532,2026-03-18,204.36,78
P001473,S001533,2025-06-28,636.14,107
P001474,S001534,2026-02-16,878.02,108
P001475,S001535,2025-04-25,512.81,103
P001476,S001536,2025-05-03,101.26,27
P001477,S001537,2025-05-19,911.35,98
P001478,S001539,2025-12-09,433.94,116
P001479,S001540,2025-09-07,39.63,31
P001480,S001541,2025-07-10,1034.0,99
P001481,S001542,2025-05-07,118.08,86
P001482,S001543,2025-08-11,3856.2,13
P001483,S001544,2025-07-03,1067.02,93
P001484,S001545,2025-11-18,406.38,104
P001485,S001546,2025-12-10,665.88,88
P001486,S001547,2026-02-25,765.61,95
P001487,S001548,2025-10-07,682.72,99
P001488,S001549,2025-04-14,473.11,89
P001489,S001550,2025-07-11,426.63,55
P001490,S001551,2026-02-01,376.13,80
P001491,S001552,2025-10-19,653.78,93
P001492,S001553,2025-11-17,1119.98,90
P001493,S001554,2025-09-30,731.69,103
P001494,S001555,2025-05-26,278.99,85
P001495,S001556,2026-03-09,727.89,95
P001496,S001557,2026-01-06,1127.28,88
P001497,S001558,2026-04-16,708.41,103
P001498,S001559,2026-02-26,564.81,102
P001499,S001560,2025-06-26,484.99,67
P001500,S001561,2025-06-20,199.46,46
P001501,S001562,2025-07-23,192.93,96
P001502,S001563,2026-03-14,282.27,102
P001503,S001564,2025-10-29,651.68,98
P001504,S001565,2025-09-07,213.84,39
P001505,S001566,2026-04-11,190.59,104
P001506,S001567,2025-11-07,162.32,70
P001507,S001568,2026-03-02,617.33,88
P001508,S001569,2026-04-10,365.83,102
P001509,S001570,2025-04-30,614.09,85
P001510,S001571,2025-09-02,679.9,112
P001511,S001572,2026-01-12,318.42,93
P001512,S001573,2026-02-11,338.17,103
P001513,S001574,2025-05-30,855.12,93
P001514,S001576,2025-10-23,748.77,94
P001515,S001577,2026-01-14,18.48,85
P001516,S001578,2025-06-04,159.9,88
P001517,S001579,2025-11-24,22.16,21
P001518,S001580,2025-08-10,731.25,109
P001519,S001581,2025-06-24,103.46,91
P001520,S001582,2025-10-09,14.91,10
P001521,S001583,2025-09-07,900.58,90
P001522,S001585,2025-05-15,4141.47,18
P001523,S001586,2026-01-06,81.81,44
P001524,S001588,2026-02-15,292.13,76
P001525,S001589,2025-04-17,541.39,75
P001526,S001590,2026-01-08,1056.08,104
P001527,S001591,2025-07-29,39.97,35
P001528,S001592,2025-09-08,692.75,111
P001529,S001593,2025-04-16,562.3,92
P001530,S001594,2025-12-27,621.78,104
P001531,S001595,2025-06-08,362.47,91
P001532,S001596,2025-12-15,889.27,105
P001533,S001597,2026-01-01,232.92,94
P001534,S001598,2026-02-21,114.43,86
P001535,S001599,2025-12-26,338.9,97
P001536,S001600,2025-08-04,417.23,98
P001537,S001601,2026-01-13,796.17,108
P001538,S001602,2026-02-05,585.06,95
P001539,S001603,2025-08-12,946.2,108
P001540,S001604,2025-06-09,992.54,114
P001541,S001605,2026-02-18,68.58,65
P001542,S001606,2025-06-21,757.76,117
P001543,S001607,2025-11-06,79.96,81
P001544,S001608,2025-07-15,831.87,105
P001545,S001609,2025-06-09,580.7,108
P001546,S001610,2026-01-19,375.86,84
P001547,S001611,2025-06-03,911.61,94
P001548,S001612,2025-12-22,514.17,111
P001549,S001613,2025-12-23,864.89,101
P001550,S001614,2025-04-24,186.9,67
P001551,S001615,2025-06-13,868.93,100
P001552,S001616,2026-01-15,238.84,90
P001553,S001617,2025-10-12,388.9,93
P001554,S001618,2025-05-15,611.73,88
P001555,S001619,2026-02-24,76.85,34
P001556,S001620,2025-07-06,847.72,88
P001557,S001621,2025-04-16,477.27,99
P001558,S001622,2026-03-10,216.75,93
P001559,S001623,2025-04-26,410.18,108
P001560,S001625,2026-04-12,507.2,94
P001561,S001626,2025-11-19,398.98,105
P001562,S001627,2025-11-13,830.86,102
P001563,S001628,2025-08-31,546.87,92
P001564,S001629,2025-05-27,173.3,98
P001565,S001630,2025-11-18,327.54,100
P001566,S001631,2026-03-14,245.41,89
P001567,S001632,2025-04-20,353.38,76
P001568,S001633,2026-02-20,191.42,88
P001569,S001634,2025-09-03,271.58,94
P001570,S001637,2025-11-25,141.88,92
P001571,S001639,2025-07-26,416.37,105
P001572,S001640,2025-12-27,600.93,97
P001573,S001641,2025-05-10,161.56,85
P001574,S001642,2025-09-21,819.66,100
P001575,S001643,2025-10-20,20.88,29
P001576,S001644,2025-04-30,241.36,62
P001577,S001645,2025-07-21,642.39,92
P001578,S001646,2025-08-23,209.31,56
P001579,S001647,2025-12-02,525.53,93
P001580,S001648,2026-04-14,512.1,112
P001581,S001649,2026-02-18,1050.22,108
P001582,S001650,2025-07-03,867.97,112
P001583,S001651,2025-04-06,464.09,81
P001584,S001652,2025-04-24,288.79,84
P001585,S001653,2025-11-12,569.38,85
P001586,S001654,2025-06-19,845.07,112
P001587,S001655,2025-06-28,335.55,86
P001588,S001656,2026-02-17,146.69,48
P001589,S001657,2026-02-28,704.83,103
P001590,S001658,2026-02-18,533.35,107
P001591,S001659,2025-07-25,986.93,113
P001592,S001660,2025-11-16,366.68,93
P001593,S001661,2025-11-14,354.82,72
P001594,S001662,2025-06-25,862.55,106
P001595,S001663,2025-10-28,566.67,93
P001596,S001664,2025-10-13,954.57,94
P001597,S001665,2025-09-13,628.57,108
P001598,S001666,2026-01-02,812.06,90
P001599,S001667,2025-12-29,327.59,109
P001600,S001668,2025-10-30,358.89,101
P001601,S001669,2025-12-18,954.95,86
P001602,S001670,2026-01-10,923.87,96
P001603,S001671,2025-11-04,408.09,98
P001604,S001672,2025-06-26,71.52,7
P001605,S001673,2025-12-11,54.92,25
P001606,S001674,2026-01-04,301.5,106
P001607,S001675,2026-04-09,1003.25,105
P001608,S001676,2025-06-16,378.13,103
P001609,S001677,2025-08-31,921.55,82
P001610,S001678,2026-03-14,480.83,97
P001611,S001679,2025-09-30,49.43,14
P001612,S001680,2026-04-05,232.62,93
P001613,S001681,2025-04-08,883.63,92
P001614,S001682,2025-04-24,355.29,86
P001615,S001683,2026-02-04,613.88,108
P001616,S001684,2025-09-04,291.25,95
P001617,S001685,2025-10-01,212.8,54
P001618,S001686,2025-09-25,496.42,100
P001619,S001687,2025-09-05,269.36,76
P001620,S001688,2026-01-26,38.79,45
P001621,S001690,2026-01-16,638.87,77
P001622,S001691,2026-02-07,85.41,66
P001623,S001692,2025-12-15,528.65,103
P001624,S001693,2025-09-18,748.55,113
P001625,S001694,2025-05-01,20.75,8
P001626,S001695,2025-12-24,539.14,108
P001627,S001696,2025-10-06,175.97,98
P001628,S001697,2025-06-20,1086.89,116
P001629,S001698,2025-09-07,684.11,113
P001630,S001699,2026-03-26,263.12,85
P001631,S001700,2025-07-22,193.35,97
P001632,S001701,2025-06-25,380.91,105
P001633,S001702,2025-12-12,70.1,78
P001634,S001704,2026-02-27,139.95,71
P001635,S001705,2026-03-03,547.82,110
P001636,S001706,2026-01-12,85.98,17
P001637,S001707,2026-03-21,289.91,106
P001638,S001708,2025-07-17,601.6,109
P001639,S001709,2025-06-05,191.54,57
P001640,S001710,2025-08-20,448.58,101
P001641,S001711,2025-09-23,221.1,91
P001642,S001712,2026-02-28,530.91,89
P001643,S001713,2025-10-26,19.4,7
P001644,S001714,2025-12-11,282.74,108
P001645,S001715,2026-02-22,915.9,96
P001646,S001717,2025-09-09,800.41,113
P001647,S001718,2025-08-31,722.35,91
P001648,S001719,2025-10-16,813.03,95
P001649,S001720,2025-03-03,40.58,29
P001650,S001721,2026-01-02,656.97,86
P001651,S001722,2025-12-22,1024.62,109
P001652,S001723,2026-01-07,458.54,101
P001653,S001724,2025-10-22,796.13,99
P001654,S001725,2026-02-01,770.82,105
P001655,S001726,2026-03-27,183.38,102
P001656,S001727,2025-10-21,172.52,80
P001657,S001728,2025-09-22,106.95,84
P001658,S001729,2025-05-03,984.24,68
P001659,S001730,2026-01-09,1532.46,89
P001660,S001731,2026-02-21,510.17,86
P001661,S001732,2025-12-10,56.07,83
P001662,S001733,2026-03-05,128.09,79
P001663,S001734,2026-02-26,971.92,107
P001664,S001735,2026-01-24,822.95,94
P001665,S001736,2025-10-18,456.97,106
P001666,S001737,2025-05-15,199.76,97
P001667,S001738,2025-04-08,810.53,95
P001668,S001739,2025-06-04,118.16,34
P001669,S001740,2025-09-21,243.02,94
P001670,S001741,2025-10-11,47.83,11
P001671,S001742,2025-09-08,147.47,59
P001672,S001743,2025-04-02,507.01,80
P001673,S001744,2025-06-18,740.29,91
P001674,S001745,2026-03-31,884.84,95
P001675,S001746,2026-04-17,361.14,111
P001676,S001747,2025-09-11,169.77,99
P001677,S001748,2026-01-24,181.47,82
P001678,S001749,2025-12-27,706.51,98
P001679,S001750,2026-03-31,747.79,113
P001680,S001751,2026-03-11,861.97,109
P001681,S001752,2025-12-04,791.78,107
P001682,S001753,2025-09-06,586.71,101
P001683,S001754,2025-10-06,48.74,40
P001684,S001756,2025-08-26,855.09,110
P001685,S001757,2025-12-07,1156.29,118
P001686,S001758,2025-10-24,528.78,81
P001687,S001759,2025-11-17,400.54,100
P001688,S001760,2025-08-13,726.17,69
P001689,S001761,2025-08-13,63.36,48
P001690,S001762,2025-04-17,642.98,103
P001691,S001763,2025-11-20,216.28,92
P001692,S001764,2025-11-19,227.46,89
P001693,S001765,2026-03-08,796.6,85
P001694,S001766,2025-10-18,727.51,99
P001695,S001767,2025-10-01,355.98,98
P001696,S001768,2025-04-23,661.98,86
P001697,S001769,2025-07-07,169.31,113
P001698,S001771,2025-09-06,67.3,29
P001699,S001772,2025-09-01,157.18,86
P001700,S001773,2025-08-27,421.05,90
P001701,S001774,2025-12-08,184.03,33
P001702,S001775,2025-05-30,611.83,95
P001703,S001776,2025-07-04,67.14,42
P001704,S001777,2025-05-20,50.84,43
P001705,S001778,2025-07-23,397.05,71
P001706,S001779,2025-12-14,350.61,84
P001707,S001781,2025-08-06,749.39,84
P001708,S001782,2025-04-19,398.71,95
P001709,S001783,2026-03-12,261.37,77
P001710,S001784,2026-01-07,505.26,99
P001711,S001785,2025-07-04,594.57,81
P001712,S001786,2025-06-13,223.78,85
P001713,S001787,2025-05-17,853.73,100
P001714,S001788,2025-09-26,1522.97,91
P001715,S001789,2026-01-22,498.26,110
P001716,S001790,2025-11-15,479.64,98
P001717,S001791,2026-03-09,596.56,109
P001718,S001792,2025-08-22,676.97,100
P001719,S001793,2025-08-03,1000.5,113
P001720,S001794,2025-10-12,699.22,109
P001721,S001795,2025-06-24,659.34,93
P001722,S001796,2026-04-09,721.68,107
P001723,S001798,2025-09-24,269.22,90
P001724,S001799,2025-10-25,841.41,106
P001725,S001800,2025-04-22,256.69,60
P001726,S001801,2025-09-20,438.42,91
P001727,S001803,2025-07-19,826.57,105
P001728,S001804,2025-04-23,70.5,58
P001729,S001805,2025-04-26,483.04,82
P001730,S001806,2025-04-22,1022.33,95
P001731,S001808,2025-02-28,2021.08,18
P001732,S001809,2026-03-13,435.09,69
P001733,S001810,2025-07-03,659.12,94
P001734,S001811,2025-12-12,512.58,99
P001735,S001812,2025-12-05,92.01,90
P001736,S001813,2025-10-06,1145.61,97
P001737,S001814,2026-03-11,69.27,86
P001738,S001815,2025-05-12,335.41,88
P001739,S001816,2025-04-13,3052.71,14
P001740,S001817,2025-07-10,621.39,97
P001741,S001818,2025-06-04,496.54,103
P001742,S001819,2025-08-10,252.52,103
P001743,S001820,2025-08-12,687.11,105
P001744,S001821,2026-01-19,344.33,103
P001745,S001822,2025-07-16,553.05,76
P001746,S001823,2026-02-21,789.48,88
P001747,S001824,2026-01-20,1062.53,99
P001748,S001825,2026-03-05,239.81,98
P001749,S001826,2025-05-14,940.23,94
P001750,S001827,2026-04-08,760.24,96
P001751,S001828,2025-11-13,704.91,87
P001752,S001829,2026-01-09,3782.93,12
P001753,S001830,2025-08-22,304.87,96
P001754,S001831,2026-01-05,3516.88,13
P001755,S001832,2025-11-04,107.71,71
P001756,S001833,2025-05-09,66.4,66
P001757,S001834,2025-09-05,217.23,54
P001758,S001835,2025-06-08,264.85,88
P001759,S001836,2026-03-13,89.4,60
P001760,S001837,2025-07-27,741.07,91
P001761,S001838,2025-07-01,676.1,100
P001762,S001839,2025-10-31,664.96,96
P001763,S001840,2025-09-08,54.8,67
P001764,S001841,2025-05-05,53.92,75
P001765,S001842,2026-01-25,268.43,87
P001766,S001843,2026-02-20,21.77,40
P001767,S001844,2025-12-24,540.83,86
P001768,S001845,2025-11-12,992.71,82
P001769,S001846,2025-09-05,597.49,99
P001770,S001847,2025-11-02,781.57,105
P001771,S001848,2025-10-30,645.25,110
P001772,S001849,2025-04-21,107.9,30
P001773,S001850,2025-05-14,879.38,97
P001774,S001851,2025-07-03,377.26,85
P001775,S001852,2025-09-15,138.34,88
P001776,S001853,2025-04-16,148.07,42
P001777,S001854,2025-04-29,88.08,71
P001778,S001856,2025-08-14,401.94,82
P001779,S001857,2025-10-31,13.54,8
P001780,S001858,2025-10-25,528.61,103
P001781,S001859,2026-01-05,305.78,96
P001782,S001860,2026-01-05,667.26,94
P001783,S001861,2025-07-26,791.69,93
P001784,S001862,2026-02-18,580.8,103
P001785,S001863,2025-08-06,1002.39,80
P001786,S001864,2026-02-20,311.15,98
P001787,S001865,2025-09-17,289.91,93
P001788,S001866,2025-05-15,1042.8,93
P001789,S001867,2025-12-22,358.64,74
P001790,S001868,2025-04-09,331.58,86
P001791,S001869,2026-01-25,446.09,96
P001792,S001870,2025-05-07,791.67,107
P001793,S001871,2025-06-26,590.51,101
P001794,S001872,2025-10-26,221.19,72
P001795,S001873,2026-02-22,39.72,63
P001796,S001874,2025-09-18,885.45,110
P001797,S001875,2025-05-19,345.42,94
P001798,S001876,2025-07-10,836.45,99
P001799,S001877,2026-03-17,112.72,105
P001800,S001878,2026-01-18,893.23,114
P001801,S001879,2025-05-27,938.42,101
P001802,S001880,2025-08-30,312.02,95
P001803,S001881,2025-07-25,121.56,106
P001804,S001882,2025-06-29,947.51,114
P001805,S001883,2026-02-18,400.6,96
P001806,S001884,2025-11-02,237.05,65
P001807,S001885,2025-06-03,631.26,88
P001808,S001886,2025-12-03,158.81,73
P001809,S001887,2025-09-19,272.66,93
P001810,S001888,2025-04-21,157.5,69
P001811,S001889,2025-09-25,643.37,103
P001812,S001890,2025-06-29,669.41,111
P001813,S001891,2025-07-12,354.64,101
P001814,S001892,2026-03-04,161.99,93
P001815,S001894,2025-06-14,501.2,100
P001816,S001895,2026-02-23,95.51,88
P001817,S001896,2025-11-19,617.72,112
P001818,S001897,2026-02-04,175.4,67
P001819,S001898,2026-01-06,262.55,94
P001820,S001900,2025-11-05,601.09,108
P001821,S001901,2025-10-28,603.4,93
P001822,S001902,2025-12-23,845.45,89
P001823,S001903,2025-07-12,527.14,91
P001824,S001904,2025-08-01,622.67,86
P001825,S001905,2025-07-01,511.15,90
P001826,S001906,2025-07-27,278.81,99
P001827,S001907,2025-06-01,251.64,76
P001828,S001908,2025-04-27,784.62,100
P001829,S001909,2026-03-23,821.39,100
P001830,S001910,2025-05-06,755.98,97
P001831,S001911,2026-03-15,161.11,107
P001832,S001912,2025-04-01,300.05,67
P001833,S001913,2026-01-01,267.92,77
P001834,S001915,2025-10-14,280.6,92
P001835,S001916,2025-08-06,703.06,105
P001836,S001917,2025-10-06,372.25,88
P001837,S001918,2025-09-07,206.97,56
P001838,S001919,2025-11-05,470.43,115
P001839,S001920,2025-09-15,809.25,107
P001840,S001921,2025-10-29,213.56,92
P001841,S001922,2026-02-08,937.33,98
P001842,S001923,2025-09-28,892.19,107
P001843,S001924,2025-09-02,91.85,100
P001844,S001925,2025-05-31,757.83,97
P001845,S001926,2025-08-30,77.53,48
P001846,S001927,2025-05-31,562.13,97
P001847,S001928,2025-06-24,252.8,105
P001848,S001929,2026-02-24,26.12,29
P001849,S001930,2025-05-23,472.78,100
P001850,S001931,2025-09-27,454.78,92
P001851,S001932,2026-02-05,724.89,94
P001852,S001933,2026-03-20,555.15,83
P001853,S001934,2025-05-24,575.59,89
P001854,S001935,2025-06-24,548.95,111
P001855,S001936,2025-08-09,35.0,42
P001856,S001937,2025-10-19,290.53,83
P001857,S001938,2026-03-06,28.73,72
P001858,S001939,2025-07-02,574.01,104
P001859,S001940,2025-06-06,812.9,95
P001860,S001941,2025-07-21,347.22,109
P001861,S001942,2026-02-25,83.69,89
P001862,S001943,2025-04-19,401.29,93
P001863,S001944,2025-08-12,205.34,84
P001864,S001945,2025-05-17,407.65,90
P001865,S001946,2025-06-08,518.57,100
P001866,S001947,2026-02-27,221.04,87
P001867,S001948,2025-04-11,571.24,100
P001868,S001949,2025-08-08,950.57,98
P001869,S001950,2026-03-20,278.55,103
P001870,S001951,2025-10-30,886.47,81
P001871,S001952,2025-05-05,523.91,98
P001872,S001953,2025-09-27,882.93,98
P001873,S001954,2026-04-15,910.37,110
P001874,S001955,2025-08-29,1019.36,94
P001875,S001956,2025-10-12,677.48,92
P001876,S001957,2025-11-03,437.02,89
P001877,S001958,2025-10-22,107.51,26
P001878,S001959,2025-06-12,260.95,77
P001879,S001960,2025-12-16,233.6,39
P001880,S001961,2026-03-27,670.04,89
P001881,S001963,2026-01-19,852.93,84
P001882,S001964,2026-02-07,212.33,92
P001883,S001965,2026-01-10,1162.21,104
P001884,S001966,2025-08-19,303.32,53
P001885,S001967,2025-10-01,129.96,88
P001886,S001968,2026-01-31,1218.35,88
P001887,S001969,2025-06-13,698.11,108
P001888,S001970,2026-02-08,874.15,100
P001889,S001971,2026-03-17,643.31,100
P001890,S001972,2025-12-28,602.17,109
P001891,S001973,2025-07-11,70.25,62
P001892,S001974,2025-10-29,404.58,79
P001893,S001975,2025-05-05,342.06,101
P001894,S001976,2026-03-23,713.19,105
P001895,S001977,2025-08-27,1262.34,110
P001896,S001978,2025-05-08,653.56,106
P001897,S001979,2026-01-22,927.62,81
P001898,S001980,2025-12-21,541.66,113
P001899,S001981,2025-09-17,105.41,23
P001900,S001982,2025-04-20,589.15,89
P001901,S001983,2026-01-13,15.2,26
P001902,S001985,2026-01-22,1027.22,97
P001903,S001986,2026-02-12,351.67,106
P001904,S001987,2025-07-01,320.3,104
P001905,S001988,2025-07-07,588.96,109
P001906,S001989,2026-03-13,281.8,98
P001907,S001990,2025-10-30,521.51,96
P001908,S001992,2025-07-07,112.32,74
P001909,S001993,2025-11-24,721.49,90
P001910,S001994,2026-01-23,799.82,111
P001911,S001995,2025-04-05,472.15,83
P001912,S001996,2025-11-13,449.39,101
P001913,S001997,2026-04-11,801.03,103
P001914,S001999,2025-08-02,435.71,110
P001915,S002000,2026-02-20,592.75,94
P001916,S002001,2025-05-10,654.15,107
P001917,S002002,2025-09-01,608.07,96
P001918,S002003,2025-09-22,780.31,97
P001919,S002004,2026-02-10,188.56,114
P001920,S002005,2025-06-12,479.45,115
P001921,S002006,2025-09-09,723.75,93
P001922,S002007,2025-06-08,274.67,86
P001923,S002008,2026-01-19,984.72,96
P001924,S002009,2025-11-29,236.19,96
P001925,S002010,2025-10-07,77.35,76
P001926,S002011,2025-09-05,329.25,96
P001927,S002012,2025-06-07,571.14,101
P001928,S002013,2026-03-13,277.26,86
P001929,S002014,2025-11-28,567.9,95
P001930,S002015,2025-08-13,58.07,81
P001931,S002016,2025-09-05,954.93,94
P001932,S002017,2026-01-06,210.42,102
P001933,S002018,2025-12-22,307.85,84
P001934,S002019,2025-09-27,177.46,100
P001935,S002020,2025-08-16,812.83,111
P001936,S002021,2025-12-20,438.74,101
P001937,S002022,2025-12-11,829.25,103
P001938,S002023,2025-12-01,446.98,111
P001939,S002024,2025-05-09,804.63,102
P001940,S002025,2025-09-26,98.65,67
P001941,S002026,2025-12-08,1055.32,113
P001942,S002027,2026-03-22,384.69,92
P001943,S002028,2025-10-10,450.05,88
P001944,S002029,2025-08-16,768.98,101
P001945,S002030,2025-10-23,146.68,82
P001946,S002031,2025-06-10,105.28,94
P001947,S002032,2025-05-11,1077.28,93
P001948,S002033,2025-12-06,303.8,65
P001949,S002034,2026-03-30,55.7,69
P001950,S002035,2026-01-30,645.94,85
P001951,S002036,2025-09-30,254.63,44
P001952,S002037,2025-05-02,1108.7,107
P001953,S002038,2026-04-20,749.54,110
P001954,S002039,2025-10-04,601.82,111
P001955,S002040,2025-07-29,254.08,91
P001956,S002041,2026-03-07,249.41,104
P001957,S002042,2025-12-29,503.96,71
P001958,S002043,2026-01-04,730.5,87
P001959,S002044,2025-07-13,619.91,88
P001960,S002045,2026-01-28,58.15,21
P001961,S002046,2025-09-10,1016.97,84
P001962,S002047,2025-09-28,212.58,63
P001963,S002048,2026-01-09,460.69,89
P001964,S002049,2025-12-19,530.23,99
P001965,S002050,2025-06-21,957.47,105
P001966,S002051,2025-07-27,658.25,91
P001967,S002052,2025-08-23,900.58,102
P001968,S002053,2026-02-06,56.49,18
P001969,S002055,2025-08-27,809.27,95
P001970,S002056,2026-01-14,461.83,105
P001971,S002057,2025-11-23,11.06,13
P001972,S002058,2025-08-26,111.53,72
P001973,S002059,2025-09-17,518.12,111
P001974,S002060,2026-02-25,1551.74,94
P001975,S002061,2025-11-17,28.98,51
P001976,S002062,2025-05-18,403.79,81
P001977,S002063,2025-12-02,73.42,17
P001978,S002064,2025-11-02,768.4,77
P001979,S002065,2025-10-10,850.95,84
P001980,S002066,2025-12-27,966.09,95
P001981,S002067,2026-03-13,961.12,105
P001982,S002068,2025-08-07,707.89,97
P001983,S002069,2025-09-08,690.45,82
P001984,S002070,2025-06-17,720.11,81
P001985,S002071,2025-11-26,287.99,89
P001986,S002073,2025-08-20,405.59,106
P001987,S002074,2026-01-02,599.47,106
P001988,S002075,2025-09-07,535.09,93
P001989,S002076,2025-10-07,680.53,110
P001990,S002077,2025-08-27,50.81,78
P001991,S002078,2025-07-17,444.47,103
P001992,S002079,2025-05-23,697.49,94
P001993,S002080,2025-12-30,116.24,54
P001994,S002081,2025-05-07,739.61,93
P001995,S002082,2025-08-16,863.65,108
P001996,S002083,2025-12-01,2335.78,89
P001997,S002084,2025-05-23,180.12,85
P001998,S002085,2025-11-30,436.9,93
P001999,S002086,2026-01-08,92.34,54
P002000,S002087,2025-11-14,192.83,23
P002001,S002088,2025-08-02,355.08,87
P002002,S002089,2025-04-23,271.03,104
P002003,S002090,2026-02-26,143.39,80
P002004,S002091,2025-07-29,534.4,69
P002005,S002092,2026-02-03,515.38,103
P002006,S002093,2025-06-15,232.84,92
P002007,S002094,2025-06-10,403.96,101
P002008,S002095,2026-01-04,755.59,75
P002009,S002096,2026-03-17,483.95,94
P002010,S002097,2026-02-18,312.63,75
P002011,S002098,2026-01-26,349.43,112
P002012,S002099,2025-07-22,994.19,99
P002013,S002100,2026-03-07,1017.67,96
P002014,S002101,2025-09-28,3834.45,12
P002015,S002102,2025-06-01,1173.0,86
P002016,S002103,2025-05-19,509.58,88
P002017,S002104,2026-03-10,741.45,114
P002018,S002105,2025-08-02,696.12,111
P002019,S002106,2026-01-14,897.43,98
P002020,S002107,2025-05-03,464.41,70
P002021,S002108,2025-07-04,448.3,82
P002022,S002109,2025-06-23,1123.85,59
P002023,S002110,2025-07-11,700.94,86
P002024,S002111,2025-12-30,776.71,101
P002025,S002112,2026-03-15,873.89,104
P002026,S002113,2026-03-05,558.57,92
P002027,S002114,2026-01-09,717.08,82
P002028,S002115,2025-04-25,69.97,17
P002029,S002116,2026-03-25,1099.53,97
P002030,S002117,2025-10-27,570.58,101
P002031,S002118,2025-10-19,421.97,83
P002032,S002119,2025-12-22,495.79,98
P002033,S002120,2026-01-24,476.15,108
P002034,S002121,2026-01-06,2203.49,14
P002035,S002122,2025-11-05,412.33,88
P002036,S002123,2025-10-31,21.59,59
P002037,S002124,2026-01-11,517.33,100
P002038,S002125,2025-07-12,561.11,93
P002039,S002126,2025-07-26,482.71,94
P002040,S002127,2025-12-10,729.91,114
P002041,S002128,2025-05-11,873.28,101
P002042,S002129,2025-08-12,1153.4,103
P002043,S002130,2025-12-27,801.55,96
P002044,S002131,2026-04-11,460.36,109
P002045,S002132,2025-10-20,235.77,63
P002046,S002133,2025-09-06,1289.87,101
P002047,S002134,2025-09-19,1155.17,101
P002048,S002135,2025-12-19,175.29,90
P002049,S002136,2025-11-01,865.28,97
P002050,S002137,2025-04-24,925.73,104
P002051,S002138,2025-10-20,787.8,84
P002052,S002139,2025-08-30,744.67,93
P002053,S002140,2025-12-16,74.46,61
P002054,S002141,2026-02-22,283.98,87
P002055,S002142,2026-03-31,634.29,99
P002056,S002143,2025-11-30,697.38,104
P002057,S002144,2025-08-26,533.65,96
P002058,S002145,2025-09-04,698.55,83
P002059,S002146,2025-06-22,1160.21,104
P002060,S002147,2026-03-27,893.26,104
P002061,S002148,2026-02-22,681.04,93
P002062,S002149,2026-02-03,104.71,81
P002063,S002150,2025-08-15,367.1,99
P002064,S002151,2025-08-06,279.79,95
P002065,S002152,2026-02-24,627.59,106
P002066,S002153,2025-10-26,471.21,93
P002067,S002154,2025-10-24,16.28,18
P002068,S002155,2025-10-12,608.28,93
P002069,S002156,2025-09-26,62.76,103
P002070,S002157,2025-12-08,264.22,104
P002071,S002158,2026-01-21,1172.53,79
P002072,S002159,2025-08-16,386.3,92
P002073,S002160,2026-01-30,412.73,98
P002074,S002161,2025-07-18,499.67,108
P002075,S002163,2026-03-22,611.93,101
P002076,S002164,2026-03-16,232.77,86
P002077,S002165,2026-03-22,622.01,101
P002078,S002166,2025-07-31,700.08,89
P002079,S002167,2026-01-27,106.9,69
P002080,S002168,2026-03-20,688.78,98
P002081,S002169,2026-04-01,415.8,97
P002082,S002170,2025-04-25,63.51,78
P002083,S002171,2025-10-17,125.87,16
P002084,S002172,2026-04-13,698.67,103
P002085,S002173,2026-01-28,904.43,112
P002086,S002174,2025-07-09,454.89,100
P002087,S002175,2026-01-28,844.3,114
P002088,S002177,2025-10-01,682.26,93
P002089,S002178,2025-11-13,427.33,83
P002090,S002179,2025-09-26,728.14,96
P002091,S002180,2025-10-03,4312.74,16
P002092,S002181,2025-07-02,634.31,84
P002093,S002182,2025-11-28,213.67,64
P002094,S002183,2025-11-24,32.08,15
P002095,S002184,2025-10-22,96.87,30
P002096,S002185,2025-07-23,734.91,97
P002097,S002186,2025-08-15,278.85,109
P002098,S002188,2025-10-10,680.99,113
P002099,S002189,2025-10-13,120.94,53
P002100,S002190,2025-08-26,670.93,105
P002101,S002191,2025-08-28,877.78,85
P002102,S002192,2025-06-26,104.01,45
P002103,S002193,2025-06-26,691.54,97
P002104,S002194,2025-12-12,1094.2,104
P002105,S002195,2026-01-02,156.86,51
P002106,S002196,2025-07-31,637.3,97
P002107,S002197,2026-03-08,99.7,91
P002108,S002198,2025-10-23,73.12,67
P002109,S002200,2025-08-03,1103.41,78
P002110,S002201,2025-04-16,307.24,86
P002111,S002202,2025-04-21,163.76,79
P002112,S002203,2025-08-22,336.34,105
P002113,S002204,2025-09-18,504.22,84
P002114,S002205,2026-01-23,340.58,81
P002115,S002206,2025-06-08,885.58,107
P002116,S002207,2026-02-07,720.86,96
P002117,S002208,2025-07-16,843.42,111
P002118,S002209,2025-05-26,507.91,95
P002119,S002210,2025-12-24,1017.54,101
P002120,S002211,2026-01-15,414.48,91
P002121,S002212,2025-11-11,650.47,94
P002122,S002213,2025-05-25,1414.57,101
P002123,S002214,2025-05-17,468.28,94
P002124,S002215,2025-08-30,943.17,85
P002125,S002216,2025-10-02,815.24,104
P002126,S002217,2026-04-06,497.66,91
P002127,S002218,2025-07-30,239.91,95
P002128,S002219,2025-06-16,67.37,77
P002129,S002220,2026-03-19,509.42,89
P002130,S002221,2025-06-16,482.2,101
P002131,S002222,2025-04-19,1027.95,94
P002132,S002223,2025-06-24,23.08,14
P002133,S002224,2025-07-24,158.99,47
P002134,S002225,2025-11-13,271.49,89
P002135,S002226,2026-03-06,803.79,108
P002136,S002228,2025-07-23,731.08,94
P002137,S002229,2026-04-17,454.86,106
P002138,S002230,2025-12-07,616.49,110
P002139,S002231,2025-05-15,1168.77,104
P002140,S002232,2026-03-18,915.12,95
P002141,S002233,2025-05-18,953.46,86
P002142,S002234,2025-08-15,22.18,11
P002143,S002235,2025-12-31,96.2,73
P002144,S002236,2025-07-16,402.95,95
P002145,S002237,2025-07-28,718.2,108
P002146,S002238,2025-10-17,748.44,115
P002147,S002239,2026-02-24,22.31,75
P002148,S002241,2025-12-16,140.0,93
P002149,S002242,2025-09-30,922.0,107
P002150,S002243,2025-05-27,348.35,105
P002151,S002244,2025-12-22,482.07,83
P002152,S002245,2026-02-21,243.37,104
P002153,S002246,2025-11-09,730.82,97
P002154,S002247,2025-06-12,245.42,95
P002155,S002248,2025-05-29,460.67,83
P002156,S002249,2025-09-03,147.6,41
P002157,S002250,2025-10-18,705.68,96
P002158,S002251,2025-09-14,12.13,11
P002159,S002252,2025-07-07,252.47,92
P002160,S002253,2025-09-26,421.9,82
P002161,S002254,2025-05-15,4963.42,24
P002162,S002255,2025-12-10,243.37,93
P002163,S002256,2025-11-18,6.92,18
P002164,S002257,2025-11-07,549.22,68
P002165,S002258,2025-03-23,171.6,38
P002166,S002259,2026-01-15,2210.29,11
P002167,S002260,2025-04-20,767.54,94
P002168,S002261,2026-04-12,148.96,99
P002169,S002262,2025-02-10,3959.29,29
P002170,S002263,2025-10-29,511.2,107
P002171,S002264,2025-05-16,718.03,97
P002172,S002265,2025-05-21,623.19,103
P002173,S002266,2025-12-28,334.91,112
P002174,S002267,2025-12-27,274.04,94
P002175,S002268,2025-05-16,250.63,63
P002176,S002269,2026-03-29,213.07,96
P002177,S002270,2025-05-26,46.6,9
P002178,S002271,2025-07-09,114.04,53
P002179,S002272,2025-07-30,1042.35,102
P002180,S002273,2025-09-23,397.89,86
P002181,S002274,2025-06-23,979.89,108
P002182,S002275,2025-09-07,208.57,92
P002183,S002276,2025-06-23,583.98,96
P002184,S002277,2025-04-26,137.85,87
P002185,S002278,2025-08-23,189.25,79
P002186,S002279,2025-12-17,393.8,105
P002187,S002280,2026-01-19,474.55,105
P002188,S002281,2025-07-08,69.53,21
P002189,S002282,2025-08-07,553.73,98
P002190,S002283,2026-01-18,930.76,95
P002191,S002284,2025-12-05,286.41,88
P002192,S002285,2026-02-06,844.53,95
P002193,S002286,2026-03-05,859.8,97
P002194,S002287,2026-02-03,286.37,82
P002195,S002288,2026-03-04,111.41,42
P002196,S002289,2025-08-07,227.51,41
P002197,S002290,2025-08-21,223.76,86
P002198,S002291,2025-08-21,917.92,112
P002199,S002292,2025-05-27,106.48,44
P002200,S002293,2026-01-02,806.43,87
P002201,S002294,2025-12-11,750.08,84
P002202,S002295,2026-01-28,163.82,81
P002203,S002296,2025-06-15,594.73,93
P002204,S002297,2025-10-14,16.13,43
P002205,S002298,2025-07-15,95.38,59
P002206,S002299,2026-02-06,42.98,54
P002207,S002300,2025-07-15,19.96,16
P002208,S002301,2025-05-14,229.35,81
P002209,S002302,2025-10-30,753.17,92
P002210,S002303,2026-02-24,180.08,83
P002211,S002304,2026-03-06,275.15,92
P002212,S002305,2025-05-30,1098.19,114
P002213,S002306,2025-08-01,250.88,87
P002214,S002307,2025-06-16,893.98,109
P002215,S002309,2025-10-22,549.3,96
P002216,S002310,2025-07-27,676.91,99
P002217,S002311,2025-05-18,851.45,105
P002218,S002312,2025-10-09,247.92,88
P002219,S002313,2025-02-07,2916.01,15
P002220,S002314,2025-07-10,299.57,91
P002221,S002315,2025-04-19,426.67,100
P002222,S002316,2025-05-02,138.09,68
P002223,S002317,2025-09-29,563.81,106
P002224,S002318,2026-02-18,545.93,101
P002225,S002319,2026-01-20,267.66,76
P002226,S002320,2025-04-28,528.74,81
P002227,S002321,2025-04-22,193.65,98
P002228,S002322,2025-06-12,31.39,9
P002229,S002323,2025-12-08,925.96,103
P002230,S002324,2025-12-16,533.37,75
P002231,S002325,2026-02-07,137.99,95
P002232,S002326,2025-08-07,273.62,89
P002233,S002328,2025-04-30,814.74,107
P002234,S002329,2025-04-13,63.29,20
P002235,S002330,2025-05-13,392.74,103
P002236,S002331,2026-02-16,537.73,95
P002237,S002332,2025-07-30,669.41,107
P002238,S002333,2026-02-07,19.07,20
P002239,S002334,2025-10-22,801.4,93
P002240,S002335,2025-10-21,620.82,94
P002241,S002336,2025-09-30,159.17,102
P002242,S002337,2026-01-29,228.68,94
P002243,S002338,2025-04-26,1024.89,95
P002244,S002339,2025-05-21,220.92,96
P002245,S002340,2025-09-11,629.6,98
P002246,S002341,2025-09-02,560.16,80
P002247,S002342,2025-11-08,582.31,101
P002248,S002343,2026-01-14,483.73,109
P002249,S002344,2025-11-17,398.89,100
P002250,S002345,2025-07-21,831.81,104
P002251,S002346,2025-08-04,299.06,86
P002252,S002347,2026-01-11,304.07,95
P002253,S002348,2025-07-02,862.4,105
P002254,S002349,2025-10-11,506.09,80
P002255,S002350,2025-11-02,981.04,106
P002256,S002351,2026-01-23,905.78,100
P002257,S002352,2025-12-23,902.84,95
P002258,S002353,2025-10-02,453.09,101
P002259,S002354,2025-08-06,407.34,95
P002260,S002355,2025-08-07,409.86,69
P002261,S002356,2025-09-03,618.65,67
P002262,S002357,2025-06-23,811.42,93
P002263,S002358,2025-12-10,305.86,112
P002264,S002359,2025-07-09,572.19,108
P002265,S002361,2026-01-09,242.88,97
P002266,S002362,2026-04-01,194.5,103
P002267,S002363,2025-05-20,565.0,87
P002268,S002364,2026-01-14,691.52,100
P002269,S002365,2025-05-06,269.48,86
P002270,S002366,2025-08-26,679.77,112
P002271,S002367,2025-06-04,762.53,89
P002272,S002368,2025-06-05,673.19,95
P002273,S002369,2025-05-12,163.39,61
P002274,S002370,2025-04-15,215.96,74
P002275,S002371,2026-02-02,855.53,96
P002276,S002372,2025-04-29,921.36,94
P002277,S002373,2025-08-14,32.39,16
P002278,S002374,2025-12-28,553.87,105
P002279,S002375,2026-04-14,1133.69,104
P002280,S002376,2026-02-10,636.62,94
P002281,S002377,2025-05-27,365.46,79
P002282,S002378,2026-04-17,598.38,100
P002283,S002379,2025-11-30,269.1,82
P002284,S002380,2025-06-22,477.46,101
P002285,S002381,2025-09-25,97.79,79
P002286,S002383,2025-09-09,407.17,85
P002287,S002384,2025-06-13,428.6,90
P002288,S002385,2026-03-07,638.07,107
P002289,S002386,2026-03-27,486.62,100
P002290,S002387,2026-04-02,240.41,75
P002291,S002390,2025-09-23,172.93,91
P002292,S002391,2025-06-04,165.04,79
P002293,S002392,2025-11-15,214.07,73
P002294,S002393,2025-05-30,10.88,14
P002295,S002394,2025-10-07,1100.54,102
P002296,S002395,2025-12-03,767.26,97
P002297,S002396,2026-03-18,438.9,92
P002298,S002397,2025-07-27,488.56,100
P002299,S002398,2025-07-25,587.86,114
P002300,S002399,2026-01-13,127.03,84
P002301,S002400,2025-04-12,940.32,93
P002302,S002401,2025-10-27,749.26,90
P002303,S002402,2026-01-04,20.11,24
P002304,S002403,2025-11-06,978.8,108
P002305,S002404,2025-09-01,9.9,26
P002306,S002405,2026-02-10,798.28,100
P002307,S002406,2025-08-10,178.51,77
P002308,S002407,2026-01-03,536.26,107
P002309,S002408,2025-10-11,510.4,111
P002310,S002409,2025-04-13,617.87,86
P002311,S002410,2025-10-29,529.15,84
P002312,S002412,2026-03-20,397.33,103
P002313,S002413,2025-09-07,3010.79,13
P002314,S002414,2025-08-31,364.12,106
P002315,S002415,2025-10-04,166.9,99
P002316,S002416,2025-11-22,931.36,82
P002317,S002417,2025-07-29,357.07,107
P002318,S002418,2025-05-08,2794.64,22
P002319,S002419,2025-08-22,171.34,64
P002320,S002420,2025-07-14,317.42,95
P002321,S002421,2026-01-26,735.34,113
P002322,S002422,2025-05-16,885.97,97
P002323,S002423,2026-02-09,759.56,103
P002324,S002424,2025-08-10,156.19,87
P002325,S002426,2025-06-18,830.2,98
P002326,S002427,2025-08-27,81.04,87
P002327,S002428,2025-12-27,702.4,85
P002328,S002429,2025-08-02,1052.1,110
P002329,S002430,2025-06-02,294.09,102
P002330,S002431,2025-10-17,348.06,87
P002331,S002432,2025-06-12,630.09,100
P002332,S002434,2025-10-07,978.72,115
P002333,S002435,2025-10-25,412.01,81
P002334,S002436,2025-12-04,993.28,103
P002335,S002438,2026-02-17,623.03,102
P002336,S002439,2025-05-18,976.12,112
P002337,S002440,2025-08-08,86.64,28
P002338,S002441,2025-04-24,1002.94,112
P002339,S002442,2025-04-25,824.3,111
P002340,S002443,2025-06-16,1165.1,89
P002341,S002444,2025-12-02,1055.15,117
P002342,S002445,2026-02-19,59.35,12
P002343,S002446,2026-01-15,199.61,89
P002344,S002447,2025-11-22,226.97,72
P002345,S002448,2026-01-24,474.14,85
P002346,S002449,2025-06-08,1168.25,96
P002347,S002450,2026-02-17,318.29,102
P002348,S002451,2026-03-16,558.32,101
P002349,S002452,2025-05-17,215.93,94
P002350,S002453,2025-09-18,1878.83,81
P002351,S002454,2026-02-21,625.33,112
P002352,S002455,2025-10-04,397.49,103
P002353,S002456,2026-02-26,1111.43,110
P002354,S002457,2026-03-23,909.99,97
P002355,S002458,2025-10-12,1317.15,104
P002356,S002459,2025-04-25,182.03,85
P002357,S002460,2025-08-16,892.09,95
P002358,S002461,2025-06-23,407.2,88
P002359,S002462,2025-09-24,615.04,89
P002360,S002463,2025-10-08,36.38,13
P002361,S002464,2025-10-09,521.21,96
P002362,S002465,2025-07-01,441.6,102
P002363,S002466,2025-08-02,38.4,42
P002364,S002467,2025-12-29,154.3,48
P002365,S002468,2025-04-27,213.95,80
P002366,S002470,2026-02-24,259.21,64
P002367,S002471,2025-05-29,649.23,111
P002368,S002472,2025-09-07,904.47,98
P002369,S002473,2025-07-02,65.83,26
P002370,S002474,2025-05-14,25.07,90
P002371,S002475,2025-08-08,117.07,59
P002372,S002476,2025-10-10,774.85,92
P002373,S002477,2025-05-30,38.89,7
P002374,S002478,2025-05-21,559.82,111
P002375,S002479,2025-05-08,238.29,71
P002376,S002480,2025-12-10,613.05,91
P002377,S002481,2026-02-18,62.96,87
P002378,S002482,2025-06-18,333.82,101
P002379,S002483,2025-08-14,549.02,108
P002380,S002484,2025-08-29,579.62,113
P002381,S002485,2025-08-28,492.14,106
P002382,S002486,2025-07-04,808.64,95
P002383,S002487,2025-05-01,449.37,100
P002384,S002488,2025-10-27,465.36,93
P002385,S002489,2025-08-25,193.73,94
P002386,S002490,2025-08-20,634.45,104
P002387,S002491,2025-07-30,1021.02,111
P002388,S002492,2026-03-22,1175.93,103
P002389,S002493,2025-12-03,504.69,104
P002390,S002494,2025-09-10,293.43,96
P002391,S002495,2025-07-02,481.9,102
P002392,S002496,2026-02-02,465.55,98
P002393,S002497,2026-03-09,768.55,100
P002394,S002498,2025-04-18,187.65,93
P002395,S002499,2026-03-26,497.71,99
P002396,S002500,2025-12-24,328.43,94
P002397,S002502,2026-01-25,815.37,115
P002398,S002503,2025-05-27,923.1,106
P002399,S002504,2025-05-04,391.81,105
P002400,S002505,2025-05-14,660.86,91
P002401,S002506,2025-10-06,320.31,106
P002402,S002507,2025-11-27,633.68,102
P002403,S002508,2025-09-09,480.34,93
P002404,S002509,2025-05-25,855.07,96
P002405,S002510,2025-06-26,954.29,103
P002406,S002511,2026-02-05,471.91,89
P002407,S002512,2026-04-01,51.71,71
P002408,S002513,2026-01-21,608.76,109
P002409,S002514,2025-04-18,55.16,41
P002410,S002515,2026-02-16,629.58,100
P002411,S002516,2025-12-30,451.66,111
P002412,S002517,2025-10-04,476.38,73
P002413,S002518,2025-06-12,149.87,109
P002414,S002519,2026-04-04,680.1,94
P002415,S002520,2025-09-09,398.16,87
P002416,S002521,2025-04-28,864.15,93
P002417,S002522,2025-06-29,753.37,102
P002418,S002523,2025-09-14,221.05,107
P002419,S002524,2025-05-10,641.67,102
P002420,S002525,2025-07-02,115.95,54
P002421,S002526,2025-09-19,969.24,90
P002422,S002527,2026-03-23,901.88,95
P002423,S002528,2025-05-16,524.57,102
P002424,S002529,2025-11-08,1017.56,100
P002425,S002530,2026-02-25,238.49,66
P002426,S002531,2026-02-04,846.25,101
P002427,S002532,2026-03-10,112.77,65
P002428,S002533,2025-05-25,568.83,76
P002429,S002534,2026-01-31,334.22,88
P002430,S002535,2026-03-22,171.74,74
P002431,S002536,2025-08-07,484.45,99
P002432,S002537,2025-10-15,676.51,101
P002433,S002538,2025-09-10,57.75,23
P002434,S002539,2025-09-26,424.03,87
P002435,S002540,2025-07-27,214.26,101
P002436,S002541,2026-04-17,479.58,113
P002437,S002542,2026-03-08,41.31,82
P002438,S002543,2025-06-12,57.63,11
P002439,S002544,2026-01-30,128.87,101
P002440,S002545,2025-07-09,26.1,13
P002441,S002546,2026-01-23,933.33,95
P002442,S002547,2025-10-26,178.72,52
P002443,S002549,2025-05-17,1639.95,90
P002444,S002550,2025-11-28,302.39,88
P002445,S002551,2025-08-21,1070.75,113
P002446,S002552,2025-06-14,329.25,79
P002447,S002553,2025-06-24,756.85,98
P002448,S002554,2026-04-15,708.39,110
P002449,S002555,2025-06-05,858.58,113
P002450,S002556,2026-01-28,651.31,101
P002451,S002557,2026-02-13,358.11,92
P002452,S002558,2025-04-27,462.47,101
P002453,S002559,2025-11-21,661.42,104
P002454,S002560,2025-11-07,540.97,97
P002455,S002561,2025-08-13,295.16,77
P002456,S002562,2025-12-19,770.94,101
P002457,S002563,2025-09-04,169.6,92
P002458,S002564,2025-06-29,3879.17,7
P002459,S002565,2025-06-29,18.56,21
P002460,S002566,2026-02-08,791.61,108
P002461,S002567,2025-12-06,134.36,96
P002462,S002568,2025-09-08,724.0,111
P002463,S002569,2026-02-26,118.07,26
P002464,S002570,2026-02-05,253.57,102
P002465,S002571,2026-03-28,997.36,107
P002466,S002572,2026-01-06,145.01,76
P002467,S002573,2025-08-29,858.92,97
P002468,S002574,2026-01-07,2846.04,87
P002469,S002575,2025-08-08,1143.29,99
P002470,S002576,2025-08-01,1063.82,114
P002471,S002577,2025-09-18,763.35,95
P002472,S002578,2026-03-29,39.35,13
P002473,S002579,2025-10-18,259.12,69
P002474,S002580,2025-08-28,571.96,91
P002475,S002581,2025-09-27,777.63,92
P002476,S002582,2025-08-04,531.29,100
P002477,S002583,2025-12-05,599.84,94
P002478,S002584,2025-05-30,1080.95,21
P002479,S002585,2025-11-07,890.15,108
P002480,S002586,2025-08-20,759.48,94
P002481,S002587,2025-08-08,760.41,101
P002482,S002588,2026-01-10,3227.93,20
P002483,S002589,2025-08-21,529.67,105
P002484,S002590,2025-04-14,216.55,62
P002485,S002591,2025-08-20,112.5,83
P002486,S002592,2025-10-14,838.89,89
P002487,S002593,2025-04-29,294.63,84
P002488,S002594,2025-07-25,1359.27,91
P002489,S002595,2025-06-19,258.49,107
P002490,S002596,2025-10-16,519.0,106
P002491,S002597,2025-12-29,721.78,98
P002492,S002598,2026-04-08,153.27,96
P002493,S002600,2026-02-25,699.98,102
P002494,S002601,2025-06-25,1070.84,94
P002495,S002602,2025-12-25,129.85,63
P002496,S002603,2025-11-02,699.85,97
P002497,S002604,2026-01-16,549.91,101
P002498,S002605,2025-12-29,269.74,79
P002499,S002606,2025-10-19,690.51,96
P002500,S002607,2025-07-20,706.29,104
P002501,S002608,2025-10-02,90.56,74
P002502,S002609,2026-02-22,166.45,95
P002503,S002610,2026-04-10,375.38,110
P002504,S002611,2026-03-28,720.74,108
P002505,S002612,2025-05-10,10.29,25
P002506,S002613,2025-08-28,1656.94,15
P002507,S002614,2025-04-29,162.97,80
P002508,S002615,2025-09-25,2032.99,21
P002509,S002616,2026-04-14,301.42,87
P002510,S002617,2025-05-07,442.84,107
P002511,S002618,2025-12-10,675.07,103
P002512,S002619,2026-03-29,651.21,78
P002513,S002620,2025-11-27,146.47,12
P002514,S002621,2025-08-18,826.25,86
P002515,S002622,2025-04-22,163.74,69
P002516,S002623,2026-02-28,787.61,82
P002517,S002624,2026-03-17,159.14,70
P002518,S002625,2025-11-08,683.2,97
P002519,S002628,2025-09-07,69.5,19
P002520,S002629,2025-03-30,893.44,70
P002521,S002630,2026-03-19,893.09,98
P002522,S002631,2025-10-03,31.71,22
P002523,S002632,2026-02-19,48.46,64
P002524,S002633,2025-11-01,331.21,85
P002525,S002634,2025-05-13,965.04,102
P002526,S002635,2025-04-20,385.1,88
P002527,S002636,2025-08-18,675.67,105
P002528,S002637,2026-01-05,443.3,92
P002529,S002638,2025-06-03,697.48,98
P002530,S002639,2026-01-22,178.52,64
P002531,S002640,2025-07-07,292.1,79
P002532,S002641,2025-10-07,286.53,88
P002533,S002642,2025-06-22,214.51,90
P002534,S002643,2025-07-16,2037.81,25
P002535,S002644,2025-09-30,1313.54,107
P002536,S002645,2025-04-12,201.97,87
P002537,S002646,2025-10-12,76.37,61
P002538,S002647,2026-02-09,568.62,111
P002539,S002648,2026-03-22,55.86,91
P002540,S002649,2025-08-15,384.83,102
P002541,S002650,2026-03-11,802.12,112
P002542,S002651,2026-02-15,303.28,78
P002543,S002652,2026-04-03,434.97,94
P002544,S002653,2025-07-30,245.53,62
P002545,S002654,2026-02-16,300.19,92
P002546,S002655,2025-11-17,501.49,112
P002547,S002656,2025-05-05,600.01,97
P002548,S002657,2025-07-24,488.35,104
P002549,S002658,2025-12-20,249.46,103
P002550,S002659,2025-06-06,99.27,64
P002551,S002660,2025-09-05,1116.5,88
P002552,S002661,2025-11-08,3068.97,21
P002553,S002662,2025-06-07,745.56,100
P002554,S002663,2025-10-14,733.63,98
P002555,S002665,2025-10-24,1179.92,100
P002556,S002666,2025-07-05,354.37,89
P002557,S002667,2026-03-27,696.38,98
P002558,S002668,2025-05-06,277.71,98
P002559,S002669,2026-03-27,307.24,96
P002560,S002670,2026-01-30,552.04,103
P002561,S002671,2026-02-21,770.82,104
P002562,S002672,2026-02-19,863.4,102
P002563,S002673,2025-06-14,157.76,88
P002564,S002674,2026-03-13,127.06,87
P002565,S002675,2025-11-13,868.42,98
P002566,S002676,2026-04-05,955.48,108
P002567,S002677,2026-03-02,17.44,35
P002568,S002678,2025-11-24,534.7,111
P002569,S002679,2025-06-23,24.49,18
P002570,S002680,2025-05-06,895.57,82
P002571,S002681,2025-05-19,360.06,95
P002572,S002682,2025-08-26,822.45,94
P002573,S002683,2026-01-15,150.85,83
P002574,S002684,2025-10-12,263.96,81
P002575,S002685,2025-10-07,42.08,44
P002576,S002686,2025-07-07,374.43,83
P002577,S002687,2025-11-11,651.81,108
P002578,S002688,2025-11-30,196.34,86
P002579,S002689,2026-04-09,637.71,103
P002580,S002690,2026-01-08,19.06,83
P002581,S002691,2025-11-27,927.21,107
P002582,S002692,2026-03-03,583.37,94
P002583,S002693,2025-09-19,428.87,105
P002584,S002694,2026-03-15,453.67,94
P002585,S002695,2025-08-12,288.46,86
P002586,S002696,2025-05-21,233.26,82
P002587,S002697,2025-07-27,132.69,51
P002588,S002698,2025-05-28,534.94,101
P002589,S002699,2025-06-06,863.42,111
P002590,S002700,2026-01-22,278.09,49
P002591,S002701,2026-01-30,346.24,102
P002592,S002702,2025-07-01,476.34,100
P002593,S002703,2026-02-20,937.19,107
P002594,S002704,2025-04-13,160.26,53
P002595,S002705,2025-07-28,1030.55,101
P002596,S002706,2025-12-18,737.17,92
P002597,S002707,2025-05-21,2058.61,30
P002598,S002708,2025-12-28,511.56,93
P002599,S002709,2026-02-27,676.96,89
P002600,S002710,2025-05-06,319.33,100
P002601,S002711,2025-04-11,169.5,87
P002602,S002712,2026-03-08,597.21,80
P002603,S002713,2025-10-26,680.99,108
P002604,S002714,2025-09-29,770.07,83
P002605,S002715,2025-07-27,38.95,16
P002606,S002716,2025-09-24,105.69,100
P002607,S002717,2025-12-31,602.61,112
P002608,S002718,2025-10-06,6.71,10
P002609,S002719,2025-06-05,518.32,94
P002610,S002720,2025-12-09,766.7,107
P002611,S002721,2025-11-21,551.36,79
P002612,S002722,2025-05-18,508.53,96
P002613,S002723,2025-08-28,876.51,101
P002614,S002724,2026-01-24,879.82,99
P002615,S002726,2025-06-11,212.35,108
P002616,S002727,2025-04-21,934.93,91
P002617,S002728,2025-11-09,695.76,97
P002618,S002729,2025-10-09,582.28,112
P002619,S002730,2026-03-14,179.49,87
P002620,S002731,2025-09-29,214.58,76
P002621,S002732,2026-03-25,381.79,107
P002622,S002733,2025-07-04,900.9,106
P002623,S002734,2025-09-21,1117.15,97
P002624,S002735,2025-06-09,447.56,99
P002625,S002736,2025-11-11,899.75,104
P002626,S002737,2025-06-27,357.01,109
P002627,S002738,2025-09-06,262.7,69
P002628,S002739,2025-07-30,219.91,58
P002629,S002740,2025-06-10,810.58,90
P002630,S002741,2025-05-20,985.73,101
P002631,S002742,2025-10-03,179.51,87
P002632,S002743,2026-03-21,481.54,81
P002633,S002744,2025-06-11,765.56,85
P002634,S002745,2025-09-03,899.39,98
P002635,S002746,2025-06-09,598.71,76
P002636,S002747,2026-01-27,74.79,43
P002637,S002748,2025-09-11,246.58,93
P002638,S002749,2026-04-10,295.5,103
P002639,S002750,2025-07-22,664.01,112
P002640,S002751,2025-05-07,109.16,74
P002641,S002752,2025-11-12,396.92,100
P002642,S002753,2025-12-14,854.61,110
P002643,S002754,2026-04-10,944.98,102
P002644,S002755,2026-02-21,868.61,98
P002645,S002756,2026-02-03,140.6,67
P002646,S002757,2025-12-08,295.32,110
P002647,S002758,2025-08-30,413.48,109
P002648,S002759,2025-09-18,855.47,103
P002649,S002760,2025-06-12,546.78,107
P002650,S002761,2025-09-22,517.14,106
P002651,S002762,2025-07-19,75.03,66
P002652,S002763,2025-04-24,348.87,88
P002653,S002764,2025-06-27,385.98,96
P002654,S002765,2025-11-01,1120.09,109
P002655,S002766,2025-08-13,73.73,52
P002656,S002767,2026-04-07,278.35,89
P002657,S002768,2025-10-05,388.49,90
P002658,S002769,2026-03-17,223.66,88
P002659,S002770,2025-12-03,655.22,73
P002660,S002771,2025-04-27,747.56,99
P002661,S002772,2025-06-14,262.38,87
P002662,S002773,2026-01-09,903.97,116
P002663,S002774,2025-10-30,728.71,92
P002664,S002775,2025-05-12,20.16,17
P002665,S002776,2025-10-18,355.41,99
P002666,S002777,2026-03-19,592.96,108
P002667,S002778,2025-09-01,689.54,97
P002668,S002779,2025-04-30,818.43,101
P002669,S002780,2025-07-20,404.09,72
P002670,S002781,2026-03-24,438.33,104
P002671,S002782,2026-01-03,1358.1,62
P002672,S002783,2026-02-04,1018.52,93
P002673,S002784,2026-03-19,1027.91,110
P002674,S002785,2025-05-23,379.96,100
P002675,S002786,2025-07-23,517.09,96
P002676,S002787,2025-05-09,778.13,104
P002677,S002788,2025-04-02,136.11,72
P002678,S002789,2026-02-21,191.64,96
P002679,S002790,2026-03-22,407.69,103
P002680,S002791,2025-05-23,73.66,67
P002681,S002792,2026-01-04,954.39,102
P002682,S002793,2025-10-25,428.61,91
P002683,S002794,2025-05-05,87.19,60
P002684,S002795,2026-03-17,60.09,70
P002685,S002796,2026-02-15,1183.36,92
P002686,S002797,2025-11-16,597.98,101
P002687,S002798,2025-12-22,575.58,92
P002688,S002799,2025-09-03,780.37,99
P002689,S002800,2026-01-10,282.01,75
P002690,S002801,2025-09-11,742.63,87
P002691,S002802,2026-04-19,511.94,111
P002692,S002803,2025-05-11,732.59,107
P002693,S002804,2025-06-16,220.62,104
P002694,S002805,2026-04-08,903.2,102
P002695,S002806,2025-07-16,98.52,58
P002696,S002807,2025-07-19,56.2,54
P002697,S002808,2026-02-04,360.82,111
P002698,S002809,2025-06-15,467.85,93
P002699,S002810,2025-10-15,218.28,51
P002700,S002811,2025-07-15,431.14,90
P002701,S002812,2025-06-26,695.65,104
P002702,S002813,2026-03-25,338.31,86
P002703,S002814,2025-06-09,117.01,82
P002704,S002815,2025-05-19,1136.37,104
P002705,S002816,2025-12-17,1091.56,103
P002706,S002817,2025-12-20,58.44,29
P002707,S002818,2025-06-06,1064.34,104
P002708,S002819,2025-12-31,413.74,102
P002709,S002820,2025-10-25,481.03,99
P002710,S002821,2026-01-01,132.15,60
P002711,S002822,2025-05-23,814.55,96
P002712,S002823,2026-04-08,443.82,97
P002713,S002824,2025-11-25,786.49,103
P002714,S002825,2026-02-17,388.69,93
P002715,S002826,2025-08-27,317.22,93
P002716,S002827,2026-01-06,3584.33,23
P002717,S002828,2025-11-29,454.36,104
P002718,S002829,2025-06-11,640.14,99
P002719,S002830,2026-03-24,110.26,40
P002720,S002831,2026-02-07,691.27,105
P002721,S002832,2025-07-17,347.44,78
P002722,S002833,2025-09-25,233.86,64
P002723,S002834,2025-09-09,295.21,107
P002724,S002835,2025-11-02,767.96,99
P002725,S002836,2026-04-01,541.26,97
P002726,S002837,2026-03-03,672.28,96
P002727,S002838,2025-07-16,661.06,118
P002728,S002839,2026-04-12,172.08,111
P002729,S002840,2025-09-18,693.3,97
P002730,S002841,2025-12-27,470.61,103
P002731,S002842,2026-01-11,991.09,97
P002732,S002843,2025-10-02,667.48,94
P002733,S002844,2025-09-21,529.41,96
P002734,S002846,2026-03-01,576.69,100
P002735,S002847,2025-09-08,315.55,101
P002736,S002848,2025-07-17,868.46,91
P002737,S002849,2025-08-21,142.17,95
P002738,S002850,2025-05-25,128.54,71
P002739,S002851,2025-08-23,750.4,86
P002740,S002852,2025-05-14,12.87,8
P002741,S002853,2025-05-02,444.4,85
P002742,S002854,2025-12-23,645.54,90
P002743,S002855,2025-02-21,3207.05,23
P002744,S002856,2025-10-24,47.67,61
P002745,S002857,2026-01-16,518.62,89
P002746,S002858,2026-01-17,788.27,114
P002747,S002859,2025-09-19,303.72,66
P002748,S002860,2025-04-13,57.51,8
P002749,S002861,2026-03-21,993.92,105
P002750,S002862,2026-02-04,299.89,94
P002751,S002863,2025-11-12,613.59,91
P002752,S002864,2025-05-10,661.64,84
P002753,S002865,2025-04-12,817.49,72
P002754,S002866,2025-08-13,769.84,108
P002755,S002867,2025-06-08,279.76,85
P002756,S002868,2026-02-13,735.49,88
P002757,S002869,2025-07-10,446.31,113
P002758,S002870,2025-08-04,933.68,111
P002759,S002871,2026-01-12,40.22,1
P002760,S002872,2026-02-01,677.16,96
P002761,S002873,2025-06-25,371.7,90
P002762,S002874,2025-09-03,503.53,100
P002763,S002875,2025-10-26,465.78,105
P002764,S002876,2025-10-09,36.99,27
P002765,S002877,2026-03-28,302.64,104
P002766,S002878,2026-03-05,606.15,109
P002767,S002879,2026-04-08,277.42,100
P002768,S002880,2025-04-19,134.6,91
P002769,S002881,2025-07-19,394.66,106
P002770,S002882,2025-11-12,676.61,104
P002771,S002883,2025-04-27,1029.69,97
P002772,S002884,2025-08-14,601.98,95
P002773,S002886,2026-04-03,828.28,116
P002774,S002887,2025-05-21,695.7,116
P002775,S002888,2025-06-01,356.57,75
P002776,S002889,2025-04-02,3413.48,17
P002777,S002890,2025-06-20,1039.21,116
P002778,S002891,2025-11-13,341.98,93
P002779,S002892,2025-08-01,694.37,76
P002780,S002893,2026-03-10,629.45,97
P002781,S002894,2025-07-06,241.07,81
P002782,S002895,2025-11-11,1009.53,115
P002783,S002896,2025-12-20,214.62,80
P002784,S002897,2025-09-20,17.62,17
P002785,S002898,2026-01-21,19.4,88
P002786,S002899,2025-06-22,309.21,86
P002787,S002900,2025-09-24,205.81,77
P002788,S002901,2026-01-21,445.87,90
P002789,S002902,2026-02-23,431.61,100
P002790,S002903,2025-12-02,662.35,110
P002791,S002904,2025-11-19,50.8,62
P002792,S002905,2026-02-20,1124.17,95
P002793,S002906,2025-11-20,1121.32,86
P002794,S002907,2026-03-29,256.29,93
P002795,S002908,2025-05-24,976.26,95
P002796,S002909,2025-07-28,61.79,36
P002797,S002910,2025-06-04,763.38,113
P002798,S002911,2025-05-17,910.36,103
P002799,S002912,2025-10-04,748.8,102
P002800,S002913,2025-07-15,910.05,111
P002801,S002914,2025-09-05,264.46,99
P002802,S002915,2025-09-19,623.86,100
P002803,S002916,2025-11-17,327.2,86
P002804,S002917,2026-02-27,538.78,70
P002805,S002918,2026-02-22,382.15,105
P002806,S002919,2025-08-22,429.16,78
P002807,S002920,2025-08-14,179.28,99
P002808,S002921,2026-01-30,787.86,107
P002809,S002922,2025-05-30,329.63,103
P002810,S002923,2025-11-03,44.12,93
P002811,S002924,2025-06-25,2970.28,21
P002812,S002925,2025-06-20,172.29,82
P002813,S002926,2025-11-14,876.62,91
P002814,S002927,2025-08-11,892.91,104
P002815,S002928,2025-03-29,2617.88,19
P002816,S002929,2025-12-23,776.96,118
P002817,S002930,2025-06-12,322.22,79
P002818,S002931,2025-12-12,722.75,100
P002819,S002932,2025-05-20,167.08,59
P002820,S002933,2025-06-25,14.18,7
P002821,S002934,2026-01-27,886.13,97
P002822,S002935,2025-06-21,732.4,79
P002823,S002936,2025-10-18,14.09,10
P002824,S002937,2026-01-07,869.47,107
P002825,S002938,2025-12-14,3448.14,16
P002826,S002939,2025-06-02,140.96,61
P002827,S002940,2025-12-21,723.99,92
P002828,S002941,2026-03-24,486.14,98
P002829,S002942,2026-01-23,369.41,108
P002830,S002943,2025-05-08,191.0,50
P002831,S002944,2026-02-03,1042.54,95
P002832,S002946,2025-11-14,223.94,103
P002833,S002947,2025-10-14,1056.11,105
P002834,S002948,2025-10-28,462.27,104
P002835,S002949,2025-09-21,186.91,46
P002836,S002950,2025-04-29,651.66,104
P002837,S002951,2025-10-12,369.32,91
P002838,S002952,2026-03-12,713.03,92
P002839,S002953,2025-09-12,789.92,93
P002840,S002954,2025-04-29,2317.28,15
P002841,S002955,2026-04-04,553.27,94
P002842,S002956,2025-04-30,311.46,59
P002843,S002957,2025-10-15,393.65,104
P002844,S002958,2025-10-14,392.27,98
P002845,S002959,2025-10-01,301.66,75
P002846,S002960,2026-03-06,697.3,91
P002847,S002961,2025-09-22,1019.27,108
P002848,S002962,2026-04-03,251.55,95
P002849,S002963,2025-04-30,465.28,92
P002850,S002964,2026-01-11,263.16,97
P002851,S002965,2025-11-08,1051.69,95
P002852,S002966,2025-05-22,47.49,22
P002853,S002967,2025-07-17,898.02,109
P002854,S002968,2026-01-10,487.61,112
P002855,S002969,2025-12-06,842.35,104
P002856,S002970,2025-12-01,646.47,109
P002857,S002971,2025-05-05,1304.09,106
P002858,S002972,2025-08-29,4700.24,22
P002859,S002973,2026-04-12,251.72,95
P002860,S002974,2025-04-19,496.54,92
P002861,S002975,2025-09-19,430.41,85
P002862,S002976,2025-10-15,784.58,102
P002863,S002977,2026-03-13,916.94,108
P002864,S002978,2025-07-13,125.57,83
P002865,S002979,2025-09-11,155.61,52
P002866,S002980,2026-01-12,680.52,115
P002867,S002981,2025-05-16,98.08,76
P002868,S002982,2026-02-03,723.72,106
P002869,S002983,2026-02-08,887.48,99
P002870,S002984,2025-12-28,909.21,99
P002871,S002985,2025-12-04,31.27,81
P002872,S002986,2026-01-04,448.72,96
P002873,S002987,2026-01-23,623.04,94
P002874,S002988,2026-03-15,659.23,104
P002875,S002989,2025-09-16,658.74,92
P002876,S002990,2025-09-28,880.05,101
P002877,S002991,2025-11-29,805.94,98
P002878,S002992,2025-06-29,1183.06,107
P002879,S002993,2026-02-26,306.93,109
P002880,S002994,2026-01-15,565.82,91
P002881,S002995,2025-11-20,409.45,93
P002882,S002996,2025-07-17,1241.51,81
P002883,S002997,2025-08-24,595.04,107
P002884,S002998,2025-08-22,215.32,70
P002885,S002999,2025-10-22,35.67,19
P002886,S003000,2026-01-18,856.63,91
P002887,S003001,2025-12-19,643.7,101
P002888,S003002,2026-03-05,82.53,71
P002889,S003003,2026-03-22,935.72,94
P002890,S003004,2026-01-02,647.36,99
P002891,S003005,2025-05-28,33.49,12
P002892,S003006,2025-11-29,399.79,113
P002893,S003007,2025-09-09,842.58,93
P002894,S003008,2025-12-06,726.26,106
P002895,S003009,2026-01-24,408.5,92
P002896,S003010,2025-08-21,138.92,94
P002897,S003011,2025-10-09,734.7,92
P002898,S003012,2025-05-02,408.54,102
P002899,S003013,2025-12-18,116.67,81
P002900,S003014,2025-10-13,365.48,104
P002901,S003015,2025-09-13,1968.83,83
P002902,S003016,2025-10-27,639.96,105
P002903,S003017,2025-06-30,728.88,101
P002904,S003018,2025-11-15,713.48,98
P002905,S003020,2025-06-27,35.41,20
P002906,S003021,2025-05-29,502.59,101
P002907,S003022,2025-09-17,972.94,118
P002908,S003023,2025-07-02,461.62,104
P002909,S003024,2025-08-27,307.42,102
P002910,S003025,2025-12-02,537.0,105
P002911,S003026,2025-05-20,407.47,94
P002912,S003027,2026-01-01,42.65,21
P002913,S003028,2025-06-14,989.21,76
P002914,S003029,2026-02-27,284.25,94
P002915,S003030,2025-12-24,22.68,37
P002916,S003031,2025-07-14,528.72,91
P002917,S003032,2025-11-09,947.88,102
P002918,S003033,2025-05-23,302.98,93
P002919,S003035,2026-03-14,725.74,89
P002920,S003036,2026-01-11,486.61,68
P002921,S003037,2025-06-04,1067.88,89
P002922,S003038,2025-07-29,450.95,95
P002923,S003039,2025-06-26,351.41,104
P002924,S003040,2025-08-17,229.74,27
P002925,S003041,2025-07-26,697.51,100
P002926,S003042,2025-07-24,741.16,84
P002927,S003044,2025-06-13,584.99,86
P002928,S003045,2026-02-27,1065.7,100
P002929,S003046,2025-12-30,950.26,93
P002930,S003047,2026-01-07,830.24,92
P002931,S003048,2025-06-08,593.19,97
P002932,S003049,2026-01-01,923.2,105
P002933,S003050,2026-02-13,360.83,88
P002934,S003051,2025-06-12,485.68,86
P002935,S003052,2026-01-14,446.0,98
P002936,S003053,2025-08-10,161.78,79
P002937,S003054,2026-02-04,458.32,101
P002938,S003055,2025-10-05,437.73,101
P002939,S003057,2025-06-17,550.31,97
P002940,S003058,2025-09-04,1093.41,97
P002941,S003059,2025-07-25,155.71,81
P002942,S003060,2025-04-17,1951.47,8
P002943,S003061,2025-08-11,694.05,110
P002944,S003062,2025-08-26,649.7,91
P002945,S003063,2025-05-10,135.29,48
P002946,S003064,2025-10-07,2970.94,21
P002947,S003065,2025-11-03,105.83,98
P002948,S003066,2026-01-31,37.34,66
P002949,S003067,2025-12-29,457.79,102
P002950,S003068,2025-06-06,95.35,82
P002951,S003069,2025-04-29,373.6,88
P002952,S003070,2025-08-28,308.6,83
P002953,S003071,2025-10-07,949.6,104
P002954,S003072,2025-07-21,628.73,114
P002955,S003073,2026-01-31,563.0,107
P002956,S003074,2025-11-23,928.12,110
P002957,S003075,2026-01-19,890.13,108
P002958,S003076,2025-05-11,1523.92,84
P002959,S003078,2025-06-16,740.34,89
P002960,S003079,2025-09-24,675.59,100
P002961,S003080,2025-09-25,563.31,99
P002962,S003081,2026-01-22,416.58,84
P002963,S003082,2025-07-31,851.5,108
P002964,S003083,2025-07-15,607.13,88
P002965,S003084,2025-08-05,264.65,85
P002966,S003085,2025-08-10,787.68,88
P002967,S003086,2025-06-09,547.25,93
P002968,S003087,2025-06-28,386.62,113
P002969,S003088,2025-06-03,9.44,17
P002970,S003089,2025-09-13,287.93,79
P002971,S003090,2025-08-08,761.99,94
P002972,S003091,2025-08-27,854.37,92
P002973,S003092,2025-12-29,837.55,98
P002974,S003093,2025-07-11,903.71,96
P002975,S003094,2026-03-05,834.29,94
P002976,S003095,2026-01-24,592.03,111
P002977,S003096,2025-06-13,769.43,98
P002978,S003097,2025-08-13,757.98,107
P002979,S003098,2025-06-07,208.61,91
P002980,S003099,2025-07-21,152.84,64
P002981,S003100,2025-08-07,163.22,65
P002982,S003101,2025-05-15,406.15,80
P002983,S003102,2025-05-04,370.98,115
P002984,S003103,2025-09-16,419.95,98
P002985,S003104,2025-11-14,232.58,59
P002986,S003105,2025-07-28,735.91,98
P002987,S003106,2026-03-08,47.92,101
P002988,S003107,2025-08-23,520.71,98
P002989,S003108,2026-03-16,759.94,110
P002990,S003109,2025-07-14,380.41,108
P002991,S003110,2025-10-27,686.33,103
P002992,S003111,2026-01-28,906.79,107
P002993,S003112,2025-05-09,227.81,85
P002994,S003113,2026-03-10,566.3,86
P002995,S003114,2025-09-03,669.93,109
P002996,S003115,2025-10-03,56.52,17
P002997,S003116,2025-11-28,619.32,99
P002998,S003117,2025-11-26,533.37,89
P002999,S003118,2025-05-02,700.35,113
P003000,S003119,2026-03-02,609.77,109
P003001,S003120,2025-12-03,696.03,106
P003002,S003121,2026-04-05,935.1,94
P003003,S003122,2025-10-13,892.02,110
P003004,S003123,2025-11-22,490.97,97
P003005,S003124,2025-09-17,867.83,95
P003006,S003125,2026-03-17,860.07,112
P003007,S003126,2026-02-02,471.57,84
P003008,S003127,2026-02-18,120.95,74
P003009,S003128,2025-10-20,916.16,107
P003010,S003129,2026-01-22,1046.04,97
P003011,S003130,2025-08-12,100.01,52
P003012,S003131,2025-09-19,822.31,93
P003013,S003132,2026-01-13,722.24,96
P003014,S003133,2025-05-01,534.66,82
P003015,S003134,2025-12-13,460.57,82
P003016,S003135,2025-04-13,224.49,84
P003017,S003136,2025-11-23,865.93,102
P003018,S003137,2025-07-29,75.14,28
P003019,S003139,2025-10-03,368.76,88
P003020,S003140,2025-10-04,831.11,96
P003021,S003141,2025-09-02,514.58,91
P003022,S003142,2025-09-14,701.95,90
P003023,S003143,2025-08-21,21.22,18
P003024,S003144,2026-01-08,50.32,30
P003025,S003146,2025-12-08,711.4,107
P003026,S003147,2026-02-27,516.71,110
P003027,S003148,2026-04-03,227.42,86
P003028,S003149,2025-05-11,591.55,89
P003029,S003150,2026-01-03,494.48,105
P003030,S003151,2025-07-10,277.3,107
P003031,S003152,2025-06-03,190.82,82
P003032,S003153,2026-01-24,753.76,89
P003033,S003154,2025-05-03,437.64,97
P003034,S003155,2026-02-08,642.92,94
P003035,S003156,2026-01-11,775.52,89
P003036,S003157,2026-03-21,406.2,69
P003037,S003158,2025-12-02,829.82,90
P003038,S003159,2026-02-18,796.67,87
P003039,S003160,2025-05-22,328.37,86
P003040,S003161,2026-01-04,12.04,16
P003041,S003163,2025-08-05,373.32,100
P003042,S003164,2025-06-01,381.0,104
P003043,S003165,2025-08-28,552.23,77
P003044,S003166,2026-01-21,583.73,112
P003045,S003167,2025-07-11,134.89,94
P003046,S003168,2026-02-04,582.07,99
P003047,S003169,2025-11-21,930.5,102
P003048,S003170,2025-11-29,443.25,103
P003049,S003171,2026-03-28,627.38,100
P003050,S003172,2025-09-24,1061.19,109
P003051,S003173,2025-08-18,199.0,86
P003052,S003174,2026-04-09,748.21,100
P003053,S003175,2025-09-15,46.81,46
P003054,S003176,2025-11-28,560.25,104
P003055,S003177,2025-08-01,103.99,100
P003056,S003178,2025-06-20,575.81,92
P003057,S003179,2025-06-16,264.99,97
P003058,S003180,2025-05-11,162.7,42
P003059,S003181,2025-06-26,651.9,100
P003060,S003182,2025-11-09,42.57,12
P003061,S003183,2025-05-20,1105.92,110
P003062,S003184,2025-11-21,284.43,93
P003063,S003185,2026-04-05,510.82,109
P003064,S003186,2026-01-23,995.37,106
P003065,S003187,2025-08-19,82.64,75
P003066,S003188,2025-05-01,578.76,98
P003067,S003189,2026-02-17,309.23,107
P003068,S003190,2025-04-17,754.63,104
P003069,S003191,2025-12-20,588.74,101
P003070,S003192,2025-12-16,1069.14,96
P003071,S003193,2025-06-14,189.99,62
P003072,S003194,2026-01-04,409.84,98
P003073,S003195,2025-06-25,1016.61,111
P003074,S003196,2025-07-06,555.94,96
P003075,S003197,2026-02-01,256.32,97
P003076,S003198,2026-04-03,349.75,99
P003077,S003199,2025-07-19,972.93,96
P003078,S003200,2026-03-13,789.51,99
P003079,S003201,2026-03-12,581.01,102
P003080,S003202,2025-11-29,62.27,42
P003081,S003203,2025-04-30,149.28,67
P003082,S003204,2025-07-21,411.74,89
P003083,S003205,2025-12-17,679.12,102
P003084,S003206,2026-03-31,806.32,80
P003085,S003207,2026-02-05,315.82,98
P003086,S003208,2025-09-08,950.85,96
P003087,S003209,2025-07-05,936.07,99
P003088,S003210,2026-03-17,512.44,87
P003089,S003211,2025-07-26,495.32,105
P003090,S003212,2025-08-01,2139.33,84
P003091,S003213,2026-04-08,843.18,107
P003092,S003214,2025-11-11,565.78,100
P003093,S003215,2025-06-25,299.85,73
P003094,S003216,2025-04-09,514.28,97
P003095,S003217,2025-08-21,78.37,73
P003096,S003218,2026-04-11,273.37,97
P003097,S003219,2025-09-30,804.42,108
P003098,S003220,2026-01-04,685.55,105
P003099,S003221,2025-07-18,607.0,103
P003100,S003222,2026-01-15,45.01,87
P003101,S003223,2025-12-19,29.68,22
P003102,S003224,2025-11-12,129.85,66
P003103,S003225,2026-01-22,584.76,96
P003104,S003226,2025-11-23,410.58,109
P003105,S003227,2025-08-28,88.02,86
P003106,S003228,2026-01-17,457.59,108
P003107,S003229,2026-02-24,807.45,109
P003108,S003230,2026-01-17,186.37,66
P003109,S003231,2025-07-02,266.43,103
P003110,S003232,2025-10-11,42.9,20
P003111,S003233,2025-04-12,706.16,92
P003112,S003234,2025-11-08,397.27,103
P003113,S003235,2025-10-26,826.27,84
P003114,S003236,2025-07-31,228.94,59
P003115,S003237,2026-04-15,491.99,107
P003116,S003238,2026-02-25,808.15,98
P003117,S003239,2025-05-05,517.11,109
P003118,S003240,2025-07-01,469.38,100
P003119,S003241,2025-06-23,1027.12,96
P003120,S003242,2026-03-05,1049.43,100
P003121,S003243,2025-09-17,67.46,47
P003122,S003244,2026-01-10,799.99,108
P003123,S003245,2026-02-02,194.39,91
P003124,S003246,2026-01-26,778.27,109
P003125,S003247,2025-05-08,1261.01,93
P003126,S003248,2025-05-25,1091.16,89
P003127,S003249,2025-08-16,469.95,64
P003128,S003250,2025-08-05,699.13,90
P003129,S003251,2026-01-17,837.92,101
P003130,S003252,2025-06-03,569.79,96
P003131,S003253,2025-08-24,266.85,94
P003132,S003254,2025-06-23,574.82,77
P003133,S003255,2025-06-20,418.78,98
P003134,S003256,2025-06-16,575.46,101
P003135,S003257,2025-06-23,430.86,97
P003136,S003258,2025-11-08,652.25,105
P003137,S003259,2025-08-31,996.79,91
P003138,S003260,2025-09-10,494.37,92
P003139,S003261,2025-10-14,598.94,112
P003140,S003262,2025-12-30,509.3,89
P003141,S003263,2025-12-05,2912.24,15
P003142,S003264,2025-11-06,535.45,111
P003143,S003265,2025-11-07,458.37,65
P003144,S003266,2026-01-09,759.16,102
P003145,S003267,2025-12-17,788.57,95
P003146,S003268,2025-06-05,388.86,102
P003147,S003269,2026-04-10,224.95,96
P003148,S003270,2025-06-19,482.69,101
P003149,S003271,2025-08-13,523.74,70
P003150,S003272,2025-12-15,557.42,100
P003151,S003273,2025-08-29,181.31,58
P003152,S003274,2025-07-20,795.84,108
P003153,S003275,2026-02-07,114.26,52
P003154,S003276,2025-05-23,631.51,114
P003155,S003277,2025-07-05,436.15,93
P003156,S003278,2026-04-07,390.24,99
P003157,S003279,2025-12-23,80.69,81
P003158,S003280,2025-03-30,40.85,9
P003159,S003281,2026-01-05,502.93,88
P003160,S003282,2026-03-23,308.84,88
P003161,S003283,2025-05-24,845.48,93
P003162,S003284,2025-09-07,190.98,88
P003163,S003285,2025-08-13,149.79,54
P003164,S003286,2025-06-01,102.56,85
P003165,S003287,2025-06-05,68.17,21
P003166,S003288,2025-05-14,317.86,69
P003167,S003289,2025-06-22,699.85,104
P003168,S003290,2025-09-05,835.69,98
P003169,S003291,2025-09-11,96.06,63
P003170,S003292,2025-06-25,898.42,88
P003171,S003293,2025-07-25,712.5,99
P003172,S003294,2025-07-06,656.19,104
P003173,S003295,2026-01-23,459.39,96
P003174,S003296,2025-07-02,718.1,94
P003175,S003297,2026-02-26,153.26,84
P003176,S003299,2026-01-24,850.59,91
P003177,S003300,2025-12-05,373.23,90
P003178,S003301,2025-07-27,1119.48,98
P003179,S003303,2025-07-27,966.98,101
P003180,S003304,2025-06-05,291.15,110
P003181,S003305,2025-07-17,860.74,99
P003182,S003306,2025-07-15,198.5,85
P003183,S003307,2025-05-28,681.64,98
P003184,S003308,2025-04-10,486.11,87
P003185,S003309,2026-03-23,126.92,88
P003186,S003310,2025-10-25,352.69,102
P003187,S003311,2025-09-05,325.09,91
P003188,S003312,2026-03-16,422.03,95
P003189,S003313,2025-06-14,43.93,28
P003190,S003314,2025-08-15,145.07,63
P003191,S003315,2026-02-22,272.92,81
P003192,S003316,2025-11-23,978.23,94
P003193,S003317,2025-09-07,355.48,103
P003194,S003318,2025-07-27,76.52,84
P003195,S003319,2025-05-06,357.98,111
P003196,S003320,2025-05-04,68.24,68
P003197,S003321,2025-06-25,373.62,111
P003198,S003322,2026-01-24,466.36,96
P003199,S003323,2025-11-30,939.29,98
P003200,S003324,2025-09-01,262.99,82
P003201,S003326,2025-06-11,730.23,102
P003202,S003328,2025-08-12,462.41,74
P003203,S003329,2026-03-12,656.61,100
P003204,S003330,2025-11-07,939.33,81
P003205,S003331,2026-02-19,665.79,104
P003206,S003332,2025-05-05,178.62,33
P003207,S003334,2025-05-25,339.27,100
P003208,S003335,2025-07-10,400.23,80
P003209,S003336,2025-08-24,127.24,41
P003210,S003337,2025-05-17,532.71,115
P003211,S003338,2026-02-05,179.61,86
P003212,S003339,2026-02-20,899.83,94
P003213,S003340,2025-10-06,219.95,61
P003214,S003341,2025-07-27,704.66,96
P003215,S003342,2025-05-26,456.51,109
P003216,S003343,2025-11-18,365.27,93
P003217,S003344,2025-10-26,834.28,101
P003218,S003345,2025-12-08,38.16,39
P003219,S003346,2025-09-07,1692.04,29
P003220,S003347,2025-06-06,921.06,110
P003221,S003348,2025-05-30,722.89,104
P003222,S003349,2026-01-31,76.66,68
P003223,S003350,2025-06-04,708.8,84
P003224,S003351,2026-02-26,441.06,75
P003225,S003352,2025-05-18,661.72,99
P003226,S003353,2026-01-01,494.96,99
P003227,S003354,2026-04-07,575.03,105
P003228,S003355,2025-10-01,593.7,112
P003229,S003356,2025-04-24,660.69,76
P003230,S003357,2026-02-03,79.11,19
P003231,S003358,2025-06-07,534.14,88
P003232,S003359,2025-10-27,677.4,105
P003233,S003360,2026-04-20,754.52,112
P003234,S003361,2026-01-07,708.1,95
P003235,S003362,2025-04-15,322.18,87
P003236,S003363,2026-02-15,880.04,106
P003237,S003364,2025-06-11,164.32,98
P003238,S003365,2026-01-01,293.13,82
P003239,S003366,2025-12-02,703.01,104
P003240,S003367,2025-07-12,452.27,83
P003241,S003368,2025-08-07,145.62,61
P003242,S003369,2025-05-26,590.72,99
P003243,S003370,2026-04-19,770.66,113
P003244,S003371,2025-07-20,447.91,110
P003245,S003372,2025-08-09,404.48,108
P003246,S003373,2025-10-28,1027.73,115
P003247,S003374,2025-12-12,865.42,100
P003248,S003375,2025-10-14,882.67,98
P003249,S003376,2025-10-15,644.02,88
P003250,S003377,2025-10-23,180.0,48
P003251,S003378,2026-02-25,194.54,98
P003252,S003379,2025-09-14,491.33,103
P003253,S003380,2026-02-06,256.11,95
P003254,S003381,2026-01-24,679.5,99
P003255,S003382,2026-03-09,22.31,7
P003256,S003383,2026-02-19,725.29,70
P003257,S003384,2026-01-15,162.65,83
P003258,S003385,2025-07-04,796.18,91
P003259,S003386,2026-01-16,446.63,82
P003260,S003387,2026-01-11,225.25,97
P003261,S003388,2025-07-18,941.6,93
P003262,S003389,2025-12-26,196.35,105
P003263,S003390,2025-06-11,746.19,61
P003264,S003391,2025-09-29,387.5,73
P003265,S003392,2026-02-02,352.19,96
P003266,S003393,2025-06-23,1117.51,103
P003267,S003394,2025-07-24,136.28,42
P003268,S003395,2026-01-18,561.94,91
P003269,S003396,2025-08-13,89.65,53
P003270,S003397,2026-04-08,481.96,110
P003271,S003398,2025-03-28,122.94,82
P003272,S003399,2026-01-13,946.77,102
P003273,S003400,2026-02-01,212.41,90
P003274,S003401,2026-03-09,118.58,93
P003275,S003402,2025-05-28,450.36,89
P003276,S003403,2026-03-21,182.22,82
P003277,S003404,2025-08-31,683.11,94
P003278,S003405,2025-08-17,865.59,95
P003279,S003406,2025-07-08,113.35,58
P003280,S003407,2025-12-15,421.79,110
P003281,S003408,2025-12-22,942.05,115
P003282,S003409,2025-09-30,159.81,84
P003283,S003410,2025-04-25,917.18,86
P003284,S003411,2026-04-15,614.14,109
P003285,S003412,2025-06-26,262.53,64
P003286,S003413,2025-05-26,816.66,110
P003287,S003414,2025-11-23,889.9,106
P003288,S003415,2025-08-29,250.23,88
P003289,S003416,2025-11-22,1290.92,100
P003290,S003417,2026-02-19,953.42,90
P003291,S003418,2025-05-10,185.92,85
P003292,S003419,2025-07-31,446.39,102
P003293,S003420,2025-10-15,956.14,99
P003294,S003421,2026-01-28,852.16,105
P003295,S003422,2025-11-08,898.81,90
P003296,S003423,2025-09-04,369.87,107
P003297,S003424,2025-11-11,1060.38,90
P003298,S003425,2026-04-17,594.66,106
P003299,S003426,2025-10-06,197.34,84
P003300,S003427,2025-12-27,98.4,31
P003301,S003428,2026-01-15,193.51,43
P003302,S003429,2025-07-06,69.75,44
P003303,S003430,2025-07-06,1570.59,94
P003304,S003431,2026-01-13,578.95,96
P003305,S003432,2025-06-12,83.63,33
P003306,S003433,2025-08-05,1080.42,93
P003307,S003434,2025-07-03,307.16,82
P003308,S003435,2025-11-26,813.92,106
P003309,S003436,2025-08-12,815.93,113
P003310,S003437,2025-12-18,292.48,110
P003311,S003438,2026-03-14,186.67,83
P003312,S003439,2026-02-06,407.1,92
P003313,S003440,2026-04-01,109.99,77
P003314,S003441,2025-04-20,302.82,84
P003315,S003442,2025-09-30,844.61,105
P003316,S003443,2025-06-18,63.79,66
P003317,S003444,2026-03-24,205.12,99
P003318,S003445,2026-01-08,971.31,105
P003319,S003446,2025-07-29,148.43,56
P003320,S003447,2025-10-14,299.97,75
P003321,S003448,2025-11-18,438.89,100
P003322,S003449,2025-10-08,598.37,95
P003323,S003450,2025-09-01,124.59,63
P003324,S003451,2025-05-03,454.39,97
P003325,S003452,2025-10-03,20.64,22
P003326,S003453,2025-08-18,889.0,93
P003327,S003454,2026-02-05,652.16,101
P003328,S003455,2026-02-27,933.63,107
P003329,S003456,2026-01-09,876.41,94
P003330,S003457,2025-05-09,516.99,106
P003331,S003458,2026-02-09,341.78,91
P003332,S003459,2025-08-26,289.69,88
P003333,S003460,2025-09-04,826.7,92
P003334,S003461,2026-03-26,720.38,105
P003335,S003462,2026-01-22,234.03,36
P003336,S003463,2025-05-04,567.56,99
P003337,S003464,2025-08-17,731.65,97
P003338,S003465,2026-01-08,252.74,86
P003339,S003466,2025-10-21,504.69,89
P003340,S003467,2025-07-14,790.48,93
P003341,S003468,2025-10-19,637.51,95
P003342,S003469,2026-02-13,129.26,51
P003343,S003470,2025-07-17,302.07,112
P003344,S003471,2026-01-14,673.48,105
P003345,S003472,2026-01-07,256.76,77
P003346,S003473,2026-02-13,157.22,37
P003347,S003474,2025-07-10,297.2,78
P003348,S003475,2025-07-06,621.56,107
P003349,S003476,2025-11-01,1078.74,101
P003350,S003477,2025-09-21,28.68,29
P003351,S003478,2025-08-27,854.15,89
P003352,S003479,2026-01-14,682.46,88
P003353,S003480,2026-01-17,147.94,87
P003354,S003481,2025-07-14,703.46,105
P003355,S003482,2026-01-31,976.35,103
P003356,S003483,2025-07-06,33.37,87
P003357,S003484,2025-08-29,223.77,77
P003358,S003485,2025-04-28,532.47,105
P003359,S003486,2025-08-14,820.7,94
P003360,S003487,2026-03-20,388.35,93
P003361,S003488,2025-09-13,852.6,80
P003362,S003489,2026-01-01,90.83,106
P003363,S003490,2025-04-14,100.64,26
P003364,S003491,2025-11-30,851.68,100
P003365,S003492,2025-08-08,390.55,36
P003366,S003493,2026-01-15,308.07,86
P003367,S003494,2026-03-06,802.01,86
P003368,S003495,2025-11-08,262.75,100
P003369,S003496,2025-05-17,319.84,88
P003370,S003497,2025-09-23,831.01,88
P003371,S003498,2025-05-31,698.28,106
P003372,S003499,2025-09-15,534.96,86
P003373,S003500,2025-03-05,47.1,23
P003374,S003501,2025-12-07,242.15,89
P003375,S003502,2025-08-12,827.42,110
P003376,S003503,2025-06-29,352.2,102
P003377,S003504,2025-03-20,52.97,49
P003378,S003505,2026-02-11,277.6,74
P003379,S003506,2026-02-14,398.91,100
P003380,S003507,2026-01-26,579.79,86
P003381,S003508,2025-05-15,945.57,113
P003382,S003509,2025-08-15,683.97,93
P003383,S003510,2026-04-05,835.83,105
P003384,S003511,2025-11-16,782.44,106
P003385,S003512,2025-05-25,467.48,88
P003386,S003513,2025-06-04,527.74,85
P003387,S003514,2025-07-13,466.79,81
P003388,S003515,2026-04-02,273.51,94
P003389,S003517,2026-03-16,308.32,100
P003390,S003518,2025-11-03,47.41,56
P003391,S003519,2026-02-27,1583.7,78
P003392,S003520,2026-01-25,561.12,79
P003393,S003521,2025-08-14,902.8,103
P003394,S003522,2026-02-15,419.25,107
P003395,S003523,2025-06-28,601.33,96
P003396,S003524,2025-07-20,671.29,85
P003397,S003525,2025-06-18,364.25,65
P003398,S003526,2025-06-14,419.1,113
P003399,S003527,2025-05-01,153.69,77
P003400,S003528,2025-04-09,1841.18,29
P003401,S003529,2025-05-28,441.84,95
P003402,S003530,2025-08-23,352.43,73
P003403,S003531,2025-05-09,176.08,81
P003404,S003532,2025-05-05,64.77,72
P003405,S003533,2026-04-08,170.19,99
P003406,S003534,2025-05-04,1327.77,89
P003407,S003535,2025-05-11,864.31,102
P003408,S003536,2025-04-03,785.81,77
P003409,S003537,2025-06-09,247.94,88
P003410,S003538,2025-10-09,910.97,88
P003411,S003539,2026-02-21,594.32,104
P003412,S003540,2026-01-15,460.54,111
P003413,S003541,2025-10-17,245.68,73
P003414,S003542,2025-05-10,67.08,76
P003415,S003543,2026-01-12,39.51,44
P003416,S003544,2025-04-18,750.86,88
P003417,S003545,2025-12-03,682.74,105
P003418,S003546,2025-08-16,233.99,76
P003419,S003547,2026-02-23,745.26,97
P003420,S003548,2025-08-11,149.08,55
P003421,S003549,2025-11-30,601.83,98
P003422,S003550,2025-09-15,676.13,96
P003423,S003551,2025-10-07,504.47,86
P003424,S003552,2026-02-27,320.66,73
P003425,S003553,2025-12-28,191.71,69
P003426,S003554,2025-09-07,926.98,89
P003427,S003555,2025-09-27,721.83,106
P003428,S003556,2025-12-30,638.28,105
P003429,S003557,2025-08-24,369.66,109
P003430,S003558,2025-05-25,117.21,67
P003431,S003559,2025-09-30,923.68,102
P003432,S003560,2025-05-13,814.13,107
P003433,S003561,2025-06-09,496.93,97
P003434,S003562,2025-09-09,558.19,96
P003435,S003563,2026-01-20,263.0,79
P003436,S003564,2026-01-28,231.08,101
P003437,S003565,2025-07-24,115.25,83
P003438,S003566,2025-09-12,894.49,94
P003439,S003567,2025-05-15,128.03,55
P003440,S003568,2026-01-25,772.5,107
P003441,S003569,2025-07-12,783.76,101
P003442,S003570,2026-02-09,428.84,113
P003443,S003571,2026-02-14,378.86,85
P003444,S003572,2025-12-21,380.72,102
P003445,S003573,2025-08-08,323.89,97
P003446,S003574,2026-03-10,334.89,81
P003447,S003575,2025-12-24,335.76,107
P003448,S003576,2025-12-16,645.42,114
P003449,S003577,2026-02-20,251.65,85
P003450,S003578,2026-03-03,345.25,103
P003451,S003579,2025-05-06,444.08,87
P003452,S003580,2026-02-25,517.39,97
P003453,S003582,2025-05-30,14.99,22
P003454,S003583,2025-07-26,935.65,92
P003455,S003584,2025-11-22,231.23,51
P003456,S003585,2025-06-30,860.26,98
P003457,S003586,2025-09-30,125.78,105
P003458,S003587,2025-11-22,35.6,20
P003459,S003588,2025-12-02,606.46,98
P003460,S003589,2026-03-12,526.23,102
P003461,S003590,2025-06-08,620.61,116
P003462,S003591,2025-07-28,674.83,98
P003463,S003592,2026-03-28,522.2,92
P003464,S003593,2025-11-08,435.73,102
P003465,S003594,2025-07-02,681.36,61
P003466,S003595,2025-07-18,112.49,22
P003467,S003596,2025-08-18,672.6,98
P003468,S003597,2025-11-11,405.35,104
P003469,S003598,2025-07-19,961.03,87
P003470,S003599,2025-11-15,991.68,81
P003471,S003600,2025-09-17,473.95,92
P003472,S003601,2025-12-05,709.75,108
P003473,S003602,2025-05-31,578.88,93
P003474,S003603,2025-12-07,481.57,113
P003475,S003604,2026-03-22,882.19,103
P003476,S003605,2025-05-24,783.09,87
P003477,S003606,2025-07-22,1354.28,50
P003478,S003607,2025-12-19,81.21,69
P003479,S003608,2025-11-28,464.4,106
P003480,S003609,2025-12-10,751.72,97
P003481,S003610,2025-11-15,938.61,110
P003482,S003611,2025-12-30,176.8,84
P003483,S003612,2025-11-14,166.68,77
P003484,S003613,2025-04-20,386.36,70
P003485,S003614,2026-01-18,791.76,108
P003486,S003615,2025-09-15,219.15,86
P003487,S003616,2025-02-22,39.71,31
P003488,S003617,2025-09-09,343.16,100
P003489,S003618,2025-09-08,91.76,85
P003490,S003619,2025-05-09,395.25,93
P003491,S003620,2026-04-12,857.33,91
P003492,S003621,2025-06-22,793.62,89
P003493,S003622,2025-08-01,737.32,86
P003494,S003623,2025-08-26,125.36,76
P003495,S003624,2026-02-05,727.33,96
P003496,S003625,2026-01-21,557.32,113
P003497,S003626,2025-10-28,17.87,19
P003498,S003627,2025-06-27,396.51,87
P003499,S003628,2026-02-13,529.78,88
P003500,S003629,2026-02-02,573.44,95
P003501,S003630,2025-09-11,497.2,80
P003502,S003631,2025-10-29,507.5,71
P003503,S003632,2025-05-06,1078.28,110
P003504,S003633,2026-01-17,323.66,98
P003505,S003634,2026-04-03,531.92,98
P003506,S003635,2025-10-08,531.28,105
P003507,S003636,2025-10-10,692.58,80
P003508,S003637,2025-10-16,624.91,96
P003509,S003638,2025-05-06,939.0,95
P003510,S003639,2025-11-28,874.99,101
P003511,S003640,2025-12-15,685.82,81
P003512,S003641,2026-03-13,157.82,83
P003513,S003642,2026-03-15,328.5,80
P003514,S003644,2026-02-27,9.52,12
P003515,S003645,2025-10-27,163.18,99
P003516,S003646,2025-11-23,321.49,79
P003517,S003647,2025-11-27,688.73,103
P003518,S003648,2026-04-20,623.03,110
P003519,S003649,2026-01-03,455.18,70
P003520,S003650,2025-06-01,404.84,101
P003521,S003651,2025-05-24,769.32,112
P003522,S003652,2025-09-15,251.88,106
P003523,S003653,2025-08-27,3.73,24
P003524,S003654,2025-12-06,459.67,95
P003525,S003655,2025-10-07,751.46,95
P003526,S003656,2025-10-31,522.59,105
P003527,S003657,2026-03-07,90.02,83
P003528,S003658,2025-08-23,218.01,112
P003529,S003659,2025-07-18,4369.12,13
P003530,S003660,2025-10-29,429.66,94
P003531,S003661,2025-10-14,893.73,116
P003532,S003662,2026-03-26,91.55,23
P003533,S003663,2026-04-13,1028.89,111
P003534,S003664,2025-10-09,60.84,93
P003535,S003665,2025-08-23,205.86,63
P003536,S003666,2025-11-24,920.99,109
P003537,S003667,2025-06-20,616.3,96
P003538,S003668,2025-07-03,80.64,11
P003539,S003670,2025-05-23,1187.75,90
P003540,S003671,2025-04-17,10.9,25
P003541,S003672,2025-11-08,673.16,93
P003542,S003673,2025-04-16,233.45,99
P003543,S003674,2025-10-21,5.75,23
P003544,S003675,2025-09-05,538.61,83
P003545,S003676,2025-08-20,455.96,92
P003546,S003677,2026-01-14,15.09,17
P003547,S003678,2025-09-19,85.48,32
P003548,S003679,2026-01-21,810.11,118
P003549,S003680,2026-01-03,1055.41,108
P003550,S003681,2025-02-14,89.28,26
P003551,S003682,2025-07-07,399.29,101
P003552,S003683,2025-11-15,602.65,98
P003553,S003684,2026-03-21,219.51,76
P003554,S003685,2025-05-31,147.43,92
P003555,S003686,2025-05-02,449.3,77
P003556,S003687,2026-01-19,40.57,38
P003557,S003688,2026-03-18,289.11,47
P003558,S003689,2025-06-18,306.6,93
P003559,S003690,2025-09-16,484.47,111
P003560,S003691,2025-11-22,275.28,97
P003561,S003692,2025-06-19,599.89,95
P003562,S003693,2025-08-07,922.19,97
P003563,S003694,2025-08-27,600.9,93
P003564,S003695,2025-11-27,710.28,96
P003565,S003696,2025-07-28,355.35,87
P003566,S003697,2025-09-14,567.74,105
P003567,S003698,2025-08-02,688.71,108
P003568,S003699,2026-01-05,1486.6,92
P003569,S003700,2025-06-15,648.54,94
P003570,S003701,2025-07-06,884.09,100
P003571,S003702,2025-07-23,921.85,112
P003572,S003703,2026-03-18,117.47,89
P003573,S003704,2026-03-16,62.82,84
P003574,S003705,2025-10-04,595.57,84
P003575,S003706,2025-06-13,978.72,104
P003576,S003707,2025-11-17,97.93,26
P003577,S003708,2025-10-12,520.2,105
P003578,S003709,2026-02-19,145.47,96
P003579,S003710,2025-08-15,565.2,94
P003580,S003711,2026-04-08,522.56,94
P003581,S003712,2026-02-12,670.15,111
P003582,S003713,2025-06-27,624.99,96
P003583,S003715,2025-07-20,203.15,87
P003584,S003716,2025-08-28,922.38,110
P003585,S003717,2025-07-05,350.56,88
P003586,S003718,2025-12-15,389.67,91
P003587,S003719,2025-07-19,537.42,104
P003588,S003720,2025-11-30,466.4,81
P003589,S003722,2026-01-17,379.82,100
P003590,S003723,2026-03-12,93.77,72
P003591,S003724,2025-04-15,507.48,100
P003592,S003725,2026-04-04,202.68,89
P003593,S003726,2025-04-10,102.62,50
P003594,S003727,2025-10-22,82.37,82
P003595,S003728,2025-08-13,600.0,97
P003596,S003729,2025-12-04,692.37,98
P003597,S003730,2025-12-17,212.86,55
P003598,S003731,2026-03-02,1044.87,111
P003599,S003732,2025-09-01,639.05,97
P003600,S003733,2026-03-20,264.19,99
P003601,S003734,2025-08-17,484.18,109
P003602,S003735,2025-06-24,179.09,100
P003603,S003736,2025-08-25,582.44,94
P003604,S003737,2025-10-21,974.94,101
P003605,S003738,2025-11-26,123.09,80
P003606,S003739,2026-02-02,842.57,89
P003607,S003740,2025-06-28,410.78,91
P003608,S003741,2025-08-04,872.11,103
P003609,S003742,2026-03-30,633.11,111
P003610,S003743,2025-09-27,514.17,99
P003611,S003744,2025-07-03,325.2,69
P003612,S003745,2026-03-15,67.09,51
P003613,S003746,2025-07-01,1721.13,16
P003614,S003747,2026-03-30,961.8,82
P003615,S003748,2026-03-02,404.06,83
P003616,S003749,2026-03-11,355.18,102
P003617,S003750,2025-11-11,585.1,97
P003618,S003751,2026-01-02,372.93,68
P003619,S003752,2026-04-07,326.07,100
P003620,S003753,2025-07-16,802.74,96
P003621,S003754,2025-05-09,274.33,108
P003622,S003755,2025-08-15,643.37,107
P003623,S003756,2025-11-26,580.35,94
P003624,S003757,2025-11-04,872.05,107
P003625,S003759,2025-10-27,470.85,95
P003626,S003760,2025-06-28,626.51,115
P003627,S003761,2025-10-27,659.26,115
P003628,S003762,2025-11-02,571.64,94
P003629,S003763,2025-12-14,837.38,115
P003630,S003765,2025-09-06,563.93,78
P003631,S003766,2025-12-20,323.73,98
P003632,S003767,2025-12-19,487.18,70
P003633,S003769,2025-08-07,301.32,83
P003634,S003770,2025-09-07,798.75,94
P003635,S003771,2025-08-14,362.8,93
P003636,S003772,2025-10-26,908.09,103
P003637,S003773,2025-05-31,208.51,89
P003638,S003774,2025-09-26,1068.24,106
P003639,S003775,2025-04-13,71.98,26
P003640,S003776,2025-10-16,802.63,90
P003641,S003777,2026-02-14,374.13,90
P003642,S003778,2026-03-18,248.98,52
P003643,S003779,2025-07-19,109.96,36
P003644,S003780,2025-05-04,582.53,103
P003645,S003781,2025-06-26,101.03,71
P003646,S003782,2025-05-26,720.92,104
P003647,S003783,2026-01-19,860.26,105
P003648,S003784,2026-04-02,699.06,97
P003649,S003785,2025-11-08,645.18,101
P003650,S003786,2025-06-14,159.85,94
P003651,S003787,2025-04-15,1246.57,95
P003652,S003788,2026-03-26,90.26,92
P003653,S003789,2025-05-25,25.68,28
P003654,S003791,2025-03-27,3164.73,19
P003655,S003792,2025-07-21,866.24,105
P003656,S003793,2025-11-25,1391.78,89
P003657,S003794,2026-02-25,768.66,94
P003658,S003795,2025-07-24,466.12,101
P003659,S003796,2025-12-26,661.0,108
P003660,S003797,2025-05-06,516.97,99
P003661,S003798,2025-03-26,107.62,60
P003662,S003799,2025-04-26,1138.81,92
P003663,S003800,2026-03-25,742.59,109
P003664,S003801,2025-11-24,828.29,113
P003665,S003803,2025-05-04,709.28,111
P003666,S003804,2025-04-23,46.59,71
P003667,S003805,2026-02-14,534.17,100
P003668,S003806,2025-04-05,81.01,34
P003669,S003807,2025-06-12,450.82,98
P003670,S003808,2025-10-12,375.31,84
P003671,S003809,2025-11-16,514.01,93
P003672,S003810,2025-07-09,672.42,106
P003673,S003811,2025-09-29,658.99,108
P003674,S003812,2025-12-03,849.13,88
P003675,S003813,2025-09-20,1162.5,101
P003676,S003814,2025-08-28,853.06,100
P003677,S003815,2025-05-16,496.04,107
P003678,S003816,2025-09-28,628.71,103
P003679,S003817,2026-01-24,74.38,53
P003680,S003818,2025-11-20,704.91,93
P003681,S003819,2026-03-05,432.06,98
P003682,S003820,2025-05-15,164.72,75
P003683,S003821,2025-04-17,1038.29,102
P003684,S003822,2025-11-02,595.39,99
P003685,S003823,2025-06-30,339.35,105
P003686,S003824,2025-11-05,148.02,85
P003687,S003825,2026-03-10,305.1,104
P003688,S003826,2025-08-13,686.53,95
P003689,S003827,2025-09-18,62.16,18
P003690,S003828,2025-10-27,38.41,49
P003691,S003829,2025-06-03,402.11,88
P003692,S003830,2026-03-11,281.13,105
P003693,S003831,2025-06-13,700.63,80
P003694,S003832,2026-02-18,699.39,115
P003695,S003833,2025-12-02,335.01,92
P003696,S003834,2025-06-15,458.01,113
P003697,S003835,2026-01-05,657.24,104
P003698,S003836,2025-07-03,644.15,100
P003699,S003837,2025-11-30,800.46,114
P003700,S003838,2026-03-28,648.16,98
P003701,S003839,2026-03-13,756.42,89
P003702,S003840,2026-02-14,122.55,70
P003703,S003841,2025-10-03,174.16,76
P003704,S003842,2025-11-13,922.49,112
P003705,S003843,2025-08-11,1153.14,108
P003706,S003844,2026-03-14,433.91,100
P003707,S003845,2025-10-05,698.16,97
P003708,S003846,2026-01-15,747.07,86
P003709,S003847,2025-07-03,58.58,25
P003710,S003848,2026-01-22,95.36,66
P003711,S003849,2025-07-06,717.29,105
P003712,S003850,2025-12-22,491.47,74
P003713,S003851,2025-04-03,160.66,62
P003714,S003852,2025-05-16,538.45,96
P003715,S003853,2025-08-27,464.22,108
P003716,S003855,2025-12-29,252.78,78
P003717,S003856,2025-08-25,550.23,95
P003718,S003857,2025-01-20,2072.95,10
P003719,S003858,2025-08-17,1000.1,110
P003720,S003859,2025-09-23,805.91,104
P003721,S003860,2025-11-10,921.66,110
P003722,S003861,2025-11-06,47.42,24
P003723,S003862,2025-05-29,41.12,17
P003724,S003863,2025-09-22,27.43,17
P003725,S003864,2025-12-12,802.78,113
P003726,S003865,2026-01-14,995.24,89
P003727,S003866,2025-11-01,651.57,114
P003728,S003867,2026-02-09,782.56,106
P003729,S003868,2025-06-30,651.42,74
P003730,S003869,2025-12-24,282.59,85
P003731,S003870,2025-04-17,15.98,7
P003732,S003871,2025-04-22,171.56,46
P003733,S003872,2026-01-10,489.57,57
P003734,S003873,2025-09-30,468.28,96
P003735,S003874,2025-12-01,710.49,94
P003736,S003875,2025-11-16,163.54,98
P003737,S003876,2025-12-21,159.72,93
P003738,S003877,2025-07-10,576.93,99
P003739,S003878,2025-05-23,314.54,76
P003740,S003879,2025-04-27,416.68,99
P003741,S003880,2026-03-04,722.87,111
P003742,S003881,2025-07-06,147.28,66
P003743,S003882,2025-11-17,363.59,104
P003744,S003883,2025-09-09,277.93,84
P003745,S003884,2025-06-04,654.04,92
P003746,S003885,2025-09-15,348.74,101
P003747,S003886,2025-05-13,1020.98,101
P003748,S003887,2025-06-28,459.54,112
P003749,S003888,2025-05-07,603.97,64
P003750,S003889,2026-02-04,131.72,99
P003751,S003890,2025-11-12,640.15,106
P003752,S003891,2026-03-06,231.05,73
P003753,S003892,2025-09-21,209.46,97
P003754,S003893,2025-06-29,656.13,101
P003755,S003894,2025-11-29,673.64,98
P003756,S003895,2026-03-14,338.06,80
P003757,S003896,2025-10-12,159.73,48
P003758,S003897,2025-04-15,361.48,95
P003759,S003898,2025-08-08,753.14,108
P003760,S003899,2026-03-06,159.61,61
P003761,S003900,2025-10-07,588.49,82
P003762,S003901,2026-03-31,558.43,106
P003763,S003902,2025-10-20,122.65,99
P003764,S003904,2026-02-25,702.4,102
P003765,S003905,2026-01-04,248.85,88
P003766,S003906,2025-12-09,486.02,79
P003767,S003907,2026-04-17,569.33,114
P003768,S003908,2025-06-17,212.79,88
P003769,S003909,2026-03-21,611.58,108
P003770,S003910,2025-07-04,589.02,75
P003771,S003911,2026-03-28,424.54,94
P003772,S003912,2025-06-19,596.68,95
P003773,S003913,2025-09-17,1116.09,56
P003774,S003914,2026-01-27,214.8,82
P003775,S003915,2025-05-17,531.33,107
P003776,S003916,2025-05-19,506.63,111
P003777,S003917,2026-02-12,429.83,97
P003778,S003918,2025-04-24,588.45,88
P003779,S003919,2025-11-17,339.08,96
P003780,S003920,2026-02-25,380.38,72
P003781,S003921,2025-10-23,109.86,49
P003782,S003923,2025-09-06,770.66,88
P003783,S003924,2025-11-25,781.17,81
P003784,S003925,2025-10-31,374.89,94
P003785,S003926,2025-10-20,479.26,108
P003786,S003927,2025-05-27,211.55,67
P003787,S003928,2025-12-18,410.28,106
P003788,S003929,2026-01-08,1140.38,102
P003789,S003930,2025-12-18,533.67,85
P003790,S003932,2025-11-28,488.9,61
P003791,S003934,2025-06-13,591.07,87
P003792,S003935,2026-03-02,1039.07,115
P003793,S003936,2025-10-25,154.3,85
P003794,S003937,2025-10-03,619.67,99
P003795,S003938,2026-01-07,1185.33,107
P003796,S003939,2025-10-24,348.22,100
P003797,S003940,2025-10-24,705.16,93
P003798,S003941,2025-06-24,27.55,56
P003799,S003942,2026-03-02,362.54,80
P003800,S003943,2026-03-30,851.72,99
P003801,S003944,2025-03-15,37.69,9
P003802,S003945,2025-12-08,74.75,69
P003803,S003946,2025-04-16,488.57,92
P003804,S003947,2025-08-23,460.99,95
P003805,S003948,2026-03-29,375.21,92
P003806,S003950,2025-08-24,643.34,98
P003807,S003951,2025-05-22,62.24,55
P003808,S003952,2025-12-31,442.84,82
P003809,S003953,2025-09-04,78.61,17
P003810,S003954,2025-11-12,867.98,99
P003811,S003956,2025-10-19,170.71,100
P003812,S003957,2026-01-21,698.95,110
P003813,S003958,2025-04-26,377.99,79
P003814,S003959,2025-06-22,618.3,93
P003815,S003960,2026-03-23,746.71,83
P003816,S003961,2026-03-06,1037.72,112
P003817,S003962,2025-11-24,43.24,79
P003818,S003964,2025-06-12,535.09,88
P003819,S003966,2026-01-16,447.72,89
P003820,S003967,2025-07-11,398.51,98
P003821,S003968,2025-11-02,907.83,88
P003822,S003969,2025-12-07,831.36,113
P003823,S003970,2025-09-23,80.86,84
P003824,S003971,2026-03-17,256.69,76
P003825,S003972,2025-05-16,1351.17,87
P003826,S003973,2025-07-14,203.58,89
P003827,S003974,2025-05-26,879.86,111
P003828,S003975,2025-12-21,862.84,99
P003829,S003976,2025-11-30,584.23,98
P003830,S003977,2026-04-21,352.51,112
P003831,S003978,2025-10-31,233.47,106
P003832,S003979,2025-05-24,380.49,70
P003833,S003980,2025-09-24,115.46,88
P003834,S003981,2025-05-07,890.48,93
P003835,S003982,2025-12-17,417.84,103
P003836,S003983,2025-12-13,342.26,98
P003837,S003984,2026-01-26,1224.02,75
P003838,S003985,2025-08-10,37.8,39
P003839,S003986,2025-08-01,456.26,97
P003840,S003988,2025-08-29,166.73,77
P003841,S003989,2025-09-09,628.84,75
P003842,S003990,2025-12-28,122.14,84
P003843,S003991,2026-01-14,917.94,102
P003844,S003992,2025-06-19,757.73,113
P003845,S003993,2025-07-15,208.28,85
P003846,S003994,2025-10-13,292.52,98
P003847,S003995,2025-08-14,397.77,102
P003848,S003996,2025-05-06,409.82,105
P003849,S003997,2026-02-17,535.21,99
P003850,S003998,2026-01-08,580.88,106
P003851,S003999,2025-10-31,677.22,112
P003852,S004000,2025-08-08,961.01,101
P003853,S004001,2026-02-09,786.52,96
P003854,S004002,2025-04-15,177.48,58
P003855,S004003,2025-09-20,353.71,97
P003856,S004004,2026-02-11,51.37,92
P003857,S004005,2026-03-05,328.45,76
P003858,S004006,2025-04-23,2316.02,17
P003859,S004007,2025-11-29,836.6,83
P003860,S004008,2025-06-19,245.74,97
P003861,S004010,2025-08-23,248.87,106
P003862,S004011,2026-02-22,635.79,88
P003863,S004012,2025-12-20,492.43,100
P003864,S004013,2025-09-30,288.78,78
P003865,S004014,2025-08-10,926.77,115
P003866,S004015,2025-06-03,70.29,75
P003867,S004016,2025-06-23,174.53,73
P003868,S004017,2025-05-16,89.64,76
P003869,S004018,2025-06-22,39.88,85
P003870,S004019,2025-12-31,460.42,114
P003871,S004020,2025-05-19,465.65,76
P003872,S004021,2025-05-02,209.77,103
P003873,S004022,2025-11-09,820.11,115
P003874,S004023,2025-07-17,576.9,90
P003875,S004024,2025-08-17,52.4,41
P003876,S004025,2025-05-06,97.74,53
P003877,S004026,2025-06-24,928.49,94
P003878,S004027,2025-09-07,399.26,86
P003879,S004028,2025-12-09,670.74,91
P003880,S004029,2025-09-03,680.76,82
P003881,S004030,2025-10-17,77.74,75
P003882,S004031,2025-10-11,797.0,93
P003883,S004032,2025-07-23,416.98,93
P003884,S004033,2025-07-18,203.71,78
P003885,S004034,2025-09-12,784.01,98
P003886,S004035,2025-04-24,186.43,100
P003887,S004036,2025-11-14,151.83,65
P003888,S004037,2025-11-25,707.13,101
P003889,S004038,2025-08-07,1064.05,106
P003890,S004039,2025-08-21,552.73,94
P003891,S004040,2025-08-05,730.08,96
P003892,S004042,2025-10-24,1535.91,19
P003893,S004043,2025-05-23,149.03,84
P003894,S004044,2025-08-27,862.27,85
P003895,S004045,2025-04-07,143.08,80
P003896,S004046,2025-09-17,104.34,50
P003897,S004047,2025-07-17,251.25,98
P003898,S004048,2025-08-16,171.86,96
P003899,S004049,2025-09-14,146.94,81
P003900,S004050,2025-08-23,654.08,116
P003901,S004051,2025-09-10,838.71,107
P003902,S004052,2026-01-26,565.77,111
P003903,S004053,2026-02-06,1133.9,90
P003904,S004054,2025-04-16,573.18,93
P003905,S004055,2025-08-18,723.36,90
P003906,S004056,2026-02-20,786.55,101
P003907,S004057,2025-11-05,1065.14,113
P003908,S004058,2025-06-28,675.41,102
P003909,S004059,2025-11-16,877.83,96
P003910,S004060,2025-05-28,810.98,90
P003911,S004061,2025-04-16,503.48,93
P003912,S004062,2025-11-25,809.79,98
P003913,S004063,2025-07-31,2090.7,21
P003914,S004064,2026-01-19,153.85,104
P003915,S004065,2025-08-26,854.57,112
P003916,S004066,2026-02-04,748.25,88
P003917,S004067,2025-09-22,824.04,109
P003918,S004068,2025-11-23,42.6,19
P003919,S004069,2025-05-27,404.36,110
P003920,S004070,2025-05-08,622.57,89
P003921,S004071,2026-01-22,548.15,96
P003922,S004072,2026-02-17,63.22,99
P003923,S004073,2026-03-15,277.8,77
P003924,S004074,2025-08-11,939.96,102
P003925,S004075,2025-04-13,420.76,90
P003926,S004076,2026-04-12,774.44,102
P003927,S004077,2025-11-29,256.57,110
P003928,S004078,2025-06-25,422.06,78
P003929,S004079,2026-01-05,1740.4,74
P003930,S004080,2026-03-11,470.85,103
P003931,S004081,2025-07-29,85.92,97
P003932,S004082,2026-01-14,580.25,91
P003933,S004083,2026-02-09,473.53,113
P003934,S004084,2025-10-17,877.36,104
P003935,S004085,2025-12-13,762.14,116
P003936,S004086,2025-08-03,637.97,116
P003937,S004087,2026-03-11,1048.97,92
P003938,S004088,2026-04-18,393.41,112
P003939,S004089,2026-03-27,231.79,70
P003940,S004090,2026-01-10,467.47,103
P003941,S004091,2025-04-24,725.6,96
P003942,S004092,2025-08-14,384.52,90
P003943,S004093,2025-09-22,444.89,95
P003944,S004094,2026-03-03,87.91,69
P003945,S004095,2025-11-02,665.35,106
P003946,S004096,2025-08-21,14.42,22
P003947,S004097,2025-05-29,474.81,94
P003948,S004098,2026-01-10,341.41,82
P003949,S004099,2025-08-10,311.41,95
P003950,S004100,2025-04-27,324.61,75
P003951,S004101,2026-04-08,370.56,92
P003952,S004102,2025-06-30,567.77,108
P003953,S004103,2025-04-23,550.33,106
P003954,S004104,2025-05-10,292.96,86
P003955,S004105,2025-09-14,932.64,90
P003956,S004106,2025-06-01,770.83,111
P003957,S004107,2026-02-25,484.85,89
P003958,S004108,2025-10-16,554.26,93
P003959,S004110,2025-04-08,631.06,94
P003960,S004112,2025-06-09,1002.34,99
P003961,S004113,2026-03-31,901.36,96
P003962,S004114,2025-07-15,1790.55,86
P003963,S004115,2025-09-28,773.12,97
P003964,S004116,2025-04-30,301.36,108
P003965,S004117,2025-03-29,7.24,14
P003966,S004118,2025-06-23,624.72,92
P003967,S004119,2025-04-27,609.04,97
P003968,S004120,2026-01-04,885.84,104
P003969,S004121,2026-04-08,580.33,116
P003970,S004122,2026-03-06,675.86,68
P003971,S004123,2025-08-03,377.69,104
P003972,S004124,2026-02-07,931.66,109
P003973,S004125,2025-09-11,11.8,29
P003974,S004126,2025-05-07,267.4,92
P003975,S004127,2025-05-13,640.44,99
P003976,S004128,2025-11-06,541.22,103
P003977,S004129,2025-09-26,742.31,113
P003978,S004130,2025-03-23,37.06,19
P003979,S004131,2026-02-24,284.99,67
P003980,S004132,2026-01-14,835.32,110
P003981,S004133,2025-09-12,66.69,48
P003982,S004134,2026-03-27,63.75,65
P003983,S004135,2026-03-27,895.58,93
P003984,S004136,2026-04-18,614.43,116
P003985,S004137,2025-07-20,601.71,105
P003986,S004138,2026-03-06,805.86,99
P003987,S004139,2025-10-27,357.66,112
P003988,S004140,2025-12-14,209.91,78
P003989,S004141,2026-02-23,128.34,69
P003990,S004142,2025-05-19,17.37,25
P003991,S004143,2025-09-24,787.77,103
P003992,S004144,2025-05-21,600.77,86
P003993,S004145,2025-07-29,907.49,103
P003994,S004146,2025-09-05,886.36,94
P003995,S004147,2026-02-20,512.45,95
P003996,S004148,2026-03-01,956.72,105
P003997,S004149,2025-09-12,717.71,101
P003998,S004150,2025-08-11,657.54,101
P003999,S004151,2025-10-10,1449.02,86
P004000,S004152,2026-02-25,137.03,87
P004001,S004153,2026-03-31,900.33,96
P004002,S004154,2025-06-27,326.64,92
P004003,S004155,2025-06-15,881.61,96
P004004,S004156,2026-01-06,875.88,104
P004005,S004157,2025-07-25,842.98,88
P004006,S004158,2025-06-26,505.45,95
P004007,S004159,2025-04-14,650.11,88
P004008,S004160,2025-09-12,76.04,106
P004009,S004161,2025-08-30,588.99,97
P004010,S004162,2025-10-20,384.86,86
P004011,S004163,2025-05-26,106.38,63
P004012,S004164,2025-12-23,682.18,93
P004013,S004165,2025-12-12,488.0,97
P004014,S004166,2025-10-07,569.53,111
P004015,S004167,2025-06-11,44.38,56
P004016,S004168,2025-10-26,244.75,97
P004017,S004169,2025-12-16,315.3,100
P004018,S004170,2025-08-23,1216.12,94
P004019,S004171,2025-07-18,74.86,71
P004020,S004172,2025-10-21,711.18,103
P004021,S004173,2025-08-12,338.35,86
P004022,S004174,2025-09-03,235.65,91
P004023,S004175,2025-08-18,534.97,102
P004024,S004176,2025-07-25,270.57,92
P004025,S004177,2025-12-15,168.01,84
P004026,S004178,2025-10-04,407.32,101
P004027,S004179,2025-09-15,620.35,80
P004028,S004180,2025-12-05,468.36,88
P004029,S004181,2025-08-23,1051.63,99
P004030,S004182,2025-05-14,1002.49,96
P004031,S004183,2026-02-07,368.2,90
P004032,S004184,2025-04-29,120.22,54
P004033,S004185,2025-11-15,256.41,99
P004034,S004186,2025-04-23,2369.36,15
P004035,S004187,2025-04-24,108.46,34
P004036,S004188,2025-04-23,408.35,91
P004037,S004189,2026-01-28,208.07,61
P004038,S004190,2025-09-03,599.77,78
P004039,S004191,2025-07-17,139.41,33
P004040,S004192,2026-01-18,470.58,111
P004041,S004194,2025-11-13,284.16,108
P004042,S004195,2025-10-13,1062.97,105
P004043,S004196,2025-10-29,87.8,99
P004044,S004197,2025-05-26,202.37,89
P004045,S004198,2026-03-14,123.11,67
P004046,S004199,2025-07-20,595.39,107
P004047,S004201,2025-12-24,31.73,11
P004048,S004202,2025-08-05,1254.78,84
P004049,S004203,2025-06-13,753.92,113
P004050,S004204,2025-07-26,513.38,95
P004051,S004205,2026-02-06,494.22,106
P004052,S004206,2026-03-03,755.9,92
P004053,S004207,2026-03-25,60.8,91
P004054,S004208,2025-07-14,1231.04,110
P004055,S004209,2025-11-19,200.83,97
P004056,S004210,2025-06-11,790.17,104
P004057,S004211,2025-10-30,55.7,11
P004058,S004212,2025-09-20,55.06,44
P004059,S004213,2025-12-24,725.24,78
P004060,S004214,2025-12-17,768.59,100
P004061,S004215,2026-04-19,701.24,109
P004062,S004216,2025-10-16,572.82,105
P004063,S004217,2025-08-07,367.08,86
P004064,S004218,2025-10-28,997.86,107
P004065,S004219,2025-06-18,284.88,105
P004066,S004220,2025-05-22,954.19,97
P004067,S004221,2025-10-12,91.83,38
P004068,S004222,2026-01-26,247.38,84
P004069,S004223,2025-10-29,760.83,106
P004070,S004224,2026-01-19,203.15,97
P004071,S004225,2025-06-19,730.14,105
P004072,S004226,2025-09-12,249.23,68
P004073,S004227,2025-11-27,833.25,102
P004074,S004228,2025-08-31,972.38,114
P004075,S004230,2025-04-17,421.25,67
P004076,S004231,2026-03-03,215.87,86
P004077,S004232,2025-11-05,611.31,88
P004078,S004233,2025-07-12,535.82,96
P004079,S004234,2025-07-17,295.23,92
P004080,S004235,2025-04-03,687.74,51
P004081,S004236,2026-02-13,190.89,51
P004082,S004237,2025-05-18,223.55,98
P004083,S004238,2026-01-12,130.64,55
P004084,S004239,2025-07-15,791.8,106
P004085,S004240,2025-08-23,551.49,93
P004086,S004241,2025-07-22,685.92,98
P004087,S004242,2026-02-06,131.8,98
P004088,S004243,2025-04-25,749.19,101
P004089,S004244,2025-08-09,667.97,92
P004090,S004245,2025-08-07,363.63,114
P004091,S004246,2025-07-13,445.71,93
P004092,S004247,2025-06-09,67.06,78
P004093,S004248,2026-03-02,144.87,74
P004094,S004249,2025-08-14,116.54,75
P004095,S004250,2025-09-04,909.09,94
P004096,S004251,2025-07-16,13.16,7
P004097,S004252,2026-03-14,38.65,7
P004098,S004253,2025-07-14,24.04,49
P004099,S004254,2025-08-01,772.66,86
P004100,S004255,2025-08-17,935.02,108
P004101,S004256,2025-08-09,187.87,97
P004102,S004257,2025-05-25,930.34,112
P004103,S004258,2025-09-15,29.12,8
P004104,S004259,2025-04-22,858.55,101
P004105,S004260,2025-07-11,1011.04,100
P004106,S004261,2025-06-09,413.92,85
P004107,S004262,2025-08-05,593.53,105
P004108,S004263,2026-01-03,400.72,86
P004109,S004264,2025-11-12,242.55,78
P004110,S004265,2026-04-02,623.95,94
P004111,S004266,2025-08-24,408.85,105
P004112,S004267,2026-03-18,281.38,98
P004113,S004268,2025-04-18,545.89,88
P004114,S004269,2025-10-09,121.52,18
P004115,S004270,2026-01-12,80.06,72
P004116,S004271,2025-10-28,674.05,106
P004117,S004272,2026-03-21,542.24,97
P004118,S004273,2025-07-17,797.7,75
P004119,S004274,2025-05-11,676.74,110
P004120,S004275,2025-12-06,4.16,17
P004121,S004278,2026-01-13,452.37,100
P004122,S004279,2026-02-14,326.47,93
P004123,S004280,2025-10-03,543.17,100
P004124,S004281,2026-01-22,245.91,57
P004125,S004282,2025-06-10,555.72,98
P004126,S004283,2025-09-22,668.69,103
P004127,S004284,2025-04-30,58.39,74
P004128,S004285,2026-01-10,684.16,90
P004129,S004286,2025-12-15,70.35,16
P004130,S004287,2026-01-11,88.98,81
P004131,S004288,2026-01-16,80.04,59
P004132,S004289,2025-06-13,6.83,16
P004133,S004290,2025-05-18,495.06,112
P004134,S004291,2026-03-26,935.37,103
P004135,S004292,2025-10-16,212.5,108
P004136,S004293,2025-05-21,67.55,25
P004137,S004295,2026-04-13,967.9,105
P004138,S004296,2025-09-16,345.64,94
P004139,S004297,2026-01-14,583.83,92
P004140,S004298,2025-04-15,655.33,82
P004141,S004299,2025-05-04,89.4,41
P004142,S004300,2025-07-23,849.49,102
P004143,S004301,2025-12-20,967.2,110
P004144,S004302,2025-05-25,82.47,83
P004145,S004303,2025-03-30,61.46,36
P004146,S004304,2025-12-22,826.2,110
P004147,S004305,2026-01-18,335.39,100
P004148,S004306,2025-12-26,470.55,87
P004149,S004307,2026-01-17,424.76,84
P004150,S004309,2025-11-08,579.09,78
P004151,S004310,2025-11-02,829.99,116
P004152,S004311,2026-02-21,525.61,102
P004153,S004312,2025-08-12,871.52,96
P004154,S004313,2025-05-15,247.96,81
P004155,S004314,2026-01-02,991.52,92
P004156,S004315,2025-06-29,15.79,18
P004157,S004316,2026-03-17,96.4,63
P004158,S004317,2025-08-23,508.02,79
P004159,S004318,2026-02-13,921.68,93
P004160,S004319,2025-04-19,344.65,84
P004161,S004321,2025-07-02,3707.36,15
P004162,S004322,2025-10-03,736.57,103
P004163,S004323,2025-07-13,582.33,96
P004164,S004324,2026-04-05,58.16,93
P004165,S004325,2025-09-06,827.89,103
P004166,S004326,2026-01-11,187.41,63
P004167,S004327,2025-09-14,1062.99,99
P004168,S004328,2025-05-04,692.5,105
P004169,S004329,2026-02-08,418.69,83
P004170,S004330,2025-06-13,594.91,95
P004171,S004331,2025-06-24,132.45,57
P004172,S004332,2026-02-17,745.38,94
P004173,S004333,2026-02-15,585.36,82
P004174,S004334,2026-03-07,580.88,94
P004175,S004335,2025-09-17,711.56,88
P004176,S004336,2026-01-04,391.09,78
P004177,S004337,2025-08-06,736.63,89
P004178,S004338,2025-12-27,1044.53,85
P004179,S004339,2025-10-01,359.53,84
P004180,S004340,2025-04-28,182.27,94
P004181,S004341,2025-09-03,850.48,88
P004182,S004342,2025-09-28,803.97,99
P004183,S004343,2025-07-17,756.55,103
P004184,S004344,2025-08-29,105.85,47
P004185,S004345,2025-10-28,270.36,115
P004186,S004346,2025-05-13,434.96,99
P004187,S004347,2025-06-17,636.31,100
P004188,S004348,2026-01-23,552.61,108
P004189,S004349,2025-08-07,1182.9,90
P004190,S004350,2025-10-23,91.39,55
P004191,S004351,2025-10-25,80.8,89
P004192,S004352,2025-11-05,295.38,100
P004193,S004353,2025-09-04,515.52,85
P004194,S004354,2025-10-16,654.95,111
P004195,S004355,2026-02-04,770.57,92
P004196,S004356,2026-04-12,340.01,113
P004197,S004357,2025-07-11,159.74,80
P004198,S004358,2025-12-19,1336.93,107
P004199,S004359,2026-04-08,552.94,107
P004200,S004360,2025-04-18,467.49,100
P004201,S004361,2026-02-05,144.66,107
P004202,S004363,2026-03-30,884.81,96
P004203,S004364,2025-10-29,613.98,90
P004204,S004365,2026-02-05,281.68,61
P004205,S004366,2025-05-30,413.35,81
P004206,S004367,2025-05-10,8.65,13
P004207,S004368,2026-03-31,659.03,112
P004208,S004369,2025-10-14,1025.14,93
P004209,S004370,2025-10-29,728.62,97
P004210,S004371,2025-04-11,61.29,37
P004211,S004372,2025-07-12,515.07,108
P004212,S004373,2026-01-29,800.02,82
P004213,S004374,2025-07-27,845.59,91
P004214,S004375,2025-11-22,877.09,110
P004215,S004376,2025-07-08,225.99,62
P004216,S004377,2025-07-16,535.62,98
P004217,S004378,2025-04-10,67.12,23
P004218,S004379,2026-02-17,103.78,67
P004219,S004380,2026-03-18,351.09,94
P004220,S004382,2025-07-24,54.35,53
P004221,S004383,2025-10-27,946.47,93
P004222,S004384,2025-06-14,2843.89,20
P004223,S004385,2025-12-22,848.02,83
P004224,S004386,2025-07-26,685.28,109
P004225,S004387,2025-04-30,28.57,47
P004226,S004388,2025-08-15,402.42,101
P004227,S004390,2025-05-29,494.32,80
P004228,S004391,2026-01-25,884.93,89
P004229,S004392,2025-04-30,566.92,111
P004230,S004393,2025-04-28,852.74,85
P004231,S004395,2025-09-25,152.48,74
P004232,S004396,2025-05-13,1574.6,23
P004233,S004397,2025-07-08,183.37,71
P004234,S004398,2025-05-03,785.47,92
P004235,S004399,2025-11-12,338.35,65
P004236,S004400,2025-08-06,165.66,64
P004237,S004401,2025-06-06,559.2,112
P004238,S004402,2025-08-30,358.8,84
P004239,S004403,2026-03-18,839.93,93
P004240,S004404,2025-06-17,163.1,47
P004241,S004406,2025-07-29,573.59,111
P004242,S004407,2025-06-25,155.23,104
P004243,S004408,2025-07-05,1876.93,83
P004244,S004409,2025-08-04,509.04,94
P004245,S004410,2025-04-30,100.43,71
P004246,S004411,2025-11-18,257.39,104
P004247,S004412,2025-08-13,509.1,101
P004248,S004413,2026-01-02,743.04,103
P004249,S004414,2025-10-07,564.41,92
P004250,S004415,2025-08-20,15.86,17
P004251,S004416,2025-09-25,612.92,96
P004252,S004417,2025-06-24,632.54,112
P004253,S004418,2025-12-22,495.58,93
P004254,S004419,2025-03-02,4.7,14
P004255,S004420,2026-01-16,1190.3,114
P004256,S004421,2026-04-04,567.58,85
P004257,S004422,2026-01-07,819.71,90
P004258,S004423,2025-09-16,551.15,88
P004259,S004424,2025-08-13,341.25,109
P004260,S004425,2026-03-05,75.21,55
P004261,S004426,2025-05-24,17.45,34
P004262,S004427,2025-09-26,72.89,88
P004263,S004428,2026-01-18,424.42,100
P004264,S004429,2026-03-08,834.35,91
P004265,S004431,2025-05-25,398.77,112
P004266,S004432,2026-03-12,334.12,106
P004267,S004433,2025-05-20,236.45,23
P004268,S004434,2025-11-21,580.96,111
P004269,S004435,2026-03-16,821.31,99
P004270,S004436,2025-12-09,1083.57,103
P004271,S004437,2026-03-14,632.87,91
P004272,S004438,2025-08-09,901.18,94
P004273,S004439,2025-07-30,252.76,92
P004274,S004440,2025-07-30,618.66,90
P004275,S004442,2025-12-15,858.33,95
P004276,S004443,2025-09-21,267.75,70
P004277,S004444,2026-01-07,584.5,102
P004278,S004445,2025-09-14,1131.65,93
P004279,S004446,2025-07-31,658.63,98
P004280,S004447,2025-06-25,837.72,106
P004281,S004448,2025-11-03,576.85,105
P004282,S004449,2026-02-23,202.36,88
P004283,S004450,2026-02-19,548.14,100
P004284,S004451,2025-07-01,1021.83,84
P004285,S004452,2025-10-01,394.42,93
P004286,S004453,2025-12-06,222.11,73
P004287,S004454,2025-09-28,9.41,18
P004288,S004455,2025-05-10,368.58,104
P004289,S004456,2025-10-29,310.86,79
P004290,S004457,2025-04-29,739.84,104
P004291,S004458,2025-05-28,314.68,98
P004292,S004459,2025-12-06,1062.14,97
P004293,S004460,2025-05-28,573.89,104
P004294,S004461,2025-08-06,404.3,87
P004295,S004462,2025-09-20,32.36,34
P004296,S004463,2025-12-22,665.64,116
P004297,S004464,2025-09-17,900.34,87
P004298,S004465,2025-04-12,158.54,65
P004299,S004466,2026-01-22,473.8,94
P004300,S004467,2026-04-10,521.37,115
P004301,S004468,2026-03-18,605.05,117
P004302,S004469,2026-01-26,811.68,112
P004303,S004470,2025-09-19,500.88,114
P004304,S004471,2026-02-25,102.72,90
P004305,S004472,2025-09-28,862.51,91
P004306,S004473,2025-05-27,1160.92,93
P004307,S004474,2026-02-14,210.18,38
P004308,S004475,2025-08-16,753.04,107
P004309,S004476,2026-03-15,411.31,96
P004310,S004478,2026-02-24,487.37,98
P004311,S004479,2025-11-01,314.98,105
P004312,S004480,2025-09-12,1072.76,81
P004313,S004481,2025-07-16,942.66,79
P004314,S004482,2026-02-01,83.06,90
P004315,S004483,2025-05-18,188.33,112
P004316,S004484,2025-09-29,596.19,92
P004317,S004485,2025-08-19,67.31,96
P004318,S004486,2025-09-23,33.85,45
P004319,S004487,2025-07-19,326.66,96
P004320,S004488,2025-12-05,928.77,96
P004321,S004489,2025-09-05,478.41,107
P004322,S004490,2025-06-24,814.28,103
P004323,S004491,2025-06-24,420.67,100
P004324,S004492,2025-12-13,333.51,92
P004325,S004493,2025-07-24,514.28,100
P004326,S004494,2025-08-09,596.57,108
P004327,S004495,2025-11-05,291.17,72
P004328,S004496,2025-08-10,266.18,99
P004329,S004497,2025-09-05,889.35,105
P004330,S004498,2025-07-09,425.23,97
P004331,S004499,2025-08-30,295.05,102
P004332,S004500,2025-12-31,782.81,108
P004333,S004501,2025-10-14,729.77,91
P004334,S004502,2026-04-13,373.88,98
P004335,S004503,2026-01-12,690.14,87
P004336,S004504,2025-04-04,334.97,86
P004337,S004505,2025-08-24,315.87,80
P004338,S004506,2025-07-17,157.97,55
P004339,S004507,2025-10-23,170.18,51
P004340,S004508,2025-07-19,245.83,94
P004341,S004509,2026-04-02,473.37,98
P004342,S004510,2025-07-30,467.33,100
P004343,S004511,2025-10-13,1266.6,95
P004344,S004512,2025-06-08,1238.71,112
P004345,S004513,2026-03-13,294.36,92
P004346,S004514,2026-02-15,152.76,70
P004347,S004515,2026-01-15,585.34,84
P004348,S004516,2025-08-30,1025.67,109
P004349,S004517,2025-04-27,63.0,37
P004350,S004519,2025-09-23,725.76,107
P004351,S004520,2026-03-28,2883.98,86
P004352,S004521,2025-11-28,830.78,67
P004353,S004522,2025-10-19,455.63,95
P004354,S004523,2026-03-29,277.3,86
P004355,S004524,2026-01-27,531.44,95
P004356,S004525,2025-10-02,811.17,107
P004357,S004526,2025-05-04,743.84,116
P004358,S004527,2025-05-04,229.81,90
P004359,S004528,2025-08-29,44.41,15
P004360,S004529,2025-11-19,559.42,117
P004361,S004531,2025-05-13,66.52,82
P004362,S004532,2025-12-28,1100.3,101
P004363,S004533,2026-01-06,498.98,95
P004364,S004534,2025-04-18,191.36,74
P004365,S004536,2025-05-10,122.89,89
P004366,S004537,2025-12-27,286.29,94
P004367,S004538,2026-02-18,655.97,105
P004368,S004539,2025-12-05,4255.99,19
P004369,S004540,2025-11-11,736.11,96
P004370,S004541,2025-10-22,12.91,23
P004371,S004542,2026-03-26,886.79,106
P004372,S004543,2025-11-27,354.37,105
P004373,S004544,2025-09-12,591.49,77
P004374,S004545,2026-01-03,759.48,84
P004375,S004546,2025-11-06,431.9,91
P004376,S004547,2026-02-16,481.67,101
P004377,S004548,2025-10-16,370.89,89
P004378,S004549,2026-02-22,164.35,74
P004379,S004550,2025-04-14,537.52,79
P004380,S004551,2025-05-02,107.64,87
P004381,S004552,2025-05-26,795.26,108
P004382,S004553,2025-11-02,737.86,98
P004383,S004554,2025-12-23,1200.22,98
P004384,S004555,2025-07-12,724.16,114
P004385,S004556,2025-06-21,804.72,103
P004386,S004557,2026-03-05,166.11,112
P004387,S004558,2026-01-20,185.49,90
P004388,S004559,2025-11-27,7.93,19
P004389,S004560,2025-10-21,420.91,114
P004390,S004561,2025-09-13,643.24,98
P004391,S004562,2025-04-25,754.7,103
P004392,S004563,2025-07-03,498.03,107
P004393,S004564,2026-02-04,28.44,27
P004394,S004565,2025-07-20,206.99,71
P004395,S004566,2025-12-02,71.25,22
P004396,S004567,2025-12-11,386.38,67
P004397,S004568,2025-07-23,458.55,85
P004398,S004569,2025-06-30,667.49,101
P004399,S004570,2025-12-18,147.94,66
P004400,S004571,2025-05-14,72.42,96
P004401,S004572,2025-09-30,398.5,92
P004402,S004573,2026-03-12,533.28,111
P004403,S004574,2026-01-01,453.16,102
P004404,S004575,2026-01-29,288.23,101
P004405,S004576,2025-04-02,44.38,40
P004406,S004577,2025-06-05,1112.47,76
P004407,S004578,2025-07-29,815.45,102
P004408,S004579,2025-06-27,678.64,63
P004409,S004580,2025-06-13,517.13,92
P004410,S004581,2026-04-04,329.44,92
P004411,S004582,2025-06-01,27.49,18
P004412,S004583,2026-01-06,611.38,109
P004413,S004584,2025-11-21,145.05,76
P004414,S004585,2025-11-13,211.0,94
P004415,S004586,2025-07-08,410.95,108
P004416,S004587,2025-08-08,628.74,107
P004417,S004589,2025-07-28,914.15,94
P004418,S004590,2025-12-24,713.71,101
P004419,S004591,2025-05-05,885.64,108
P004420,S004592,2025-04-27,745.57,89
P004421,S004593,2025-12-09,48.78,59
P004422,S004594,2025-11-24,912.13,102
P004423,S004595,2025-04-24,372.52,92
P004424,S004596,2026-03-17,925.76,107
P004425,S004597,2025-04-10,94.04,49
P004426,S004598,2026-03-31,310.4,79
P004427,S004599,2026-01-02,872.74,94
P004428,S004600,2026-01-27,33.69,18
P004429,S004601,2026-03-20,1023.66,95
P004430,S004602,2025-08-05,283.61,99
P004431,S004603,2025-12-25,760.56,81
P004432,S004604,2025-07-05,558.01,106
P004433,S004605,2025-07-26,49.94,12
P004434,S004606,2025-06-20,558.32,82
P004435,S004607,2025-10-13,878.29,108
P004436,S004608,2026-02-25,764.91,100
P004437,S004609,2025-09-18,494.2,101
P004438,S004610,2025-04-27,353.24,69
P004439,S004611,2025-08-18,110.79,87
P004440,S004612,2026-01-19,44.98,85
P004441,S004613,2025-10-05,543.97,76
P004442,S004614,2025-10-29,341.34,93
P004443,S004615,2025-09-23,1023.33,108
P004444,S004616,2025-07-29,188.94,69
P004445,S004617,2025-11-28,361.39,113
P004446,S004618,2025-11-21,545.0,73
P004447,S004619,2026-02-24,829.39,88
P004448,S004620,2025-11-21,469.5,89
P004449,S004621,2026-04-13,697.56,103
P004450,S004622,2026-01-21,416.97,59
P004451,S004623,2025-05-09,340.85,79
P004452,S004624,2025-09-03,385.82,77
P004453,S004625,2025-07-26,59.15,27
P004454,S004626,2025-04-16,735.58,92
P004455,S004627,2025-06-10,349.69,91
P004456,S004628,2026-01-08,508.57,94
P004457,S004629,2025-08-15,451.58,95
P004458,S004630,2025-06-02,418.49,96
P004459,S004631,2025-08-02,316.67,98
P004460,S004632,2025-07-20,466.75,93
P004461,S004633,2025-06-13,681.1,91
P004462,S004634,2025-05-18,143.61,94
P004463,S004635,2026-01-05,174.31,82
P004464,S004636,2026-01-22,75.31,71
P004465,S004637,2025-10-08,996.9,98
P004466,S004638,2025-11-17,429.48,82
P004467,S004639,2026-03-13,998.58,99
P004468,S004640,2026-02-02,826.71,89
P004469,S004641,2025-04-13,710.63,76
P004470,S004642,2026-03-23,248.97,92
P004471,S004643,2025-05-14,113.59,93
P004472,S004644,2025-04-14,254.93,77
P004473,S004645,2025-08-28,171.29,90
P004474,S004646,2026-01-12,776.84,99
P004475,S004647,2025-04-14,231.46,68
P004476,S004648,2025-08-05,467.69,109
P004477,S004649,2025-07-10,288.27,82
P004478,S004650,2025-09-03,363.75,93
P004479,S004651,2026-03-31,666.57,94
P004480,S004653,2025-07-04,741.21,108
P004481,S004654,2025-05-13,510.76,88
P004482,S004655,2025-06-23,266.14,90
P004483,S004656,2025-05-30,336.73,100
P004484,S004657,2025-10-26,1056.62,86
P004485,S004658,2025-08-13,143.8,71
P004486,S004659,2025-09-26,162.99,73
P004487,S004660,2026-02-08,428.02,97
P004488,S004661,2025-11-06,538.63,96
P004489,S004662,2025-06-16,631.25,109
P004490,S004663,2025-09-06,925.06,109
P004491,S004664,2025-05-13,5096.81,17
P004492,S004665,2026-02-11,243.6,102
P004493,S004666,2025-08-10,434.89,109
P004494,S004667,2025-05-29,275.45,77
P004495,S004668,2025-12-31,642.61,94
P004496,S004669,2025-09-07,1059.6,92
P004497,S004670,2025-05-01,574.73,84
P004498,S004671,2026-01-03,729.84,114
P004499,S004672,2025-06-18,374.38,70
P004500,S004673,2026-02-28,285.01,105
P004501,S004674,2026-02-14,684.49,99
P004502,S004675,2025-09-02,497.35,95
P004503,S004676,2025-09-07,51.58,25
P004504,S004677,2025-10-19,915.87,73
P004505,S004678,2025-09-24,2649.9,28
P004506,S004679,2025-05-07,733.66,101
P004507,S004680,2025-08-17,369.9,101
P004508,S004681,2025-06-16,278.76,85
P004509,S004682,2025-12-27,603.26,98
P004510,S004683,2025-05-19,389.8,113
P004511,S004684,2025-10-30,496.67,111
P004512,S004685,2026-01-05,442.43,91
P004513,S004686,2026-03-17,416.55,85
P004514,S004687,2025-07-30,301.04,98
P004515,S004688,2025-04-14,441.2,101
P004516,S004689,2026-01-02,753.23,101
P004517,S004690,2025-04-26,651.53,115
P004518,S004691,2025-05-08,393.17,99
P004519,S004692,2026-03-18,117.11,61
P004520,S004693,2026-02-28,204.77,104
P004521,S004694,2026-01-01,738.99,106
P004522,S004695,2026-02-04,982.98,93
P004523,S004696,2025-05-18,566.45,106
P004524,S004697,2025-05-26,281.29,108
P004525,S004698,2025-05-22,56.87,29
P004526,S004699,2025-04-27,167.8,108
P004527,S004700,2026-03-16,830.46,113
P004528,S004701,2025-04-25,564.96,86
P004529,S004702,2025-11-05,365.07,110
P004530,S004703,2026-02-05,2936.48,85
P004531,S004704,2026-01-06,288.89,92
P004532,S004705,2025-07-09,76.69,89
P004533,S004706,2025-09-25,711.01,93
P004534,S004707,2025-10-31,650.52,103
P004535,S004708,2026-01-02,161.4,78
P004536,S004709,2025-09-12,664.62,95
P004537,S004711,2026-01-20,632.78,86
P004538,S004712,2026-03-12,376.32,109
P004539,S004713,2025-10-18,484.58,112
P004540,S004714,2025-04-18,277.0,85
P004541,S004715,2025-09-13,21.27,18
P004542,S004716,2026-02-25,387.44,95
P004543,S004717,2026-03-26,264.31,86
P004544,S004718,2025-08-15,291.41,79
P004545,S004719,2025-05-26,616.76,88
P004546,S004720,2025-11-06,447.5,98
P004547,S004721,2026-02-11,215.88,102
P004548,S004722,2026-03-24,179.1,91
P004549,S004723,2025-03-01,26.14,14
P004550,S004724,2025-07-18,339.5,79
P004551,S004725,2025-10-08,407.61,106
P004552,S004726,2025-05-08,259.03,85
P004553,S004727,2026-02-19,219.27,90
P004554,S004728,2025-06-08,888.55,109
P004555,S004729,2025-11-24,866.9,84
P004556,S004730,2026-03-16,61.99,85
P004557,S004731,2025-12-25,831.86,107
P004558,S004732,2026-01-29,798.07,114
P004559,S004733,2025-07-04,243.73,82
P004560,S004734,2026-01-23,1243.18,83
P004561,S004735,2025-09-07,826.99,92
P004562,S004736,2025-04-29,635.83,95
P004563,S004737,2025-08-20,572.09,96
P004564,S004738,2025-07-28,14.65,14
P004565,S004739,2025-10-10,408.33,90
P004566,S004740,2025-07-08,487.74,84
P004567,S004741,2025-09-21,206.63,45
P004568,S004742,2025-09-27,548.06,102
P004569,S004743,2025-08-23,712.08,114
P004570,S004744,2025-12-07,464.53,79
P004571,S004745,2025-07-20,2318.76,86
P004572,S004746,2026-01-28,849.25,112
P004573,S004747,2025-07-12,279.96,86
P004574,S004748,2026-02-04,25.15,52
P004575,S004749,2025-09-01,310.69,110
P004576,S004750,2025-03-08,75.19,45
P004577,S004751,2025-05-23,710.15,87
P004578,S004753,2026-01-29,94.8,68
P004579,S004754,2025-07-06,591.12,108
P004580,S004755,2025-11-10,522.97,80
P004581,S004756,2025-11-20,880.29,113
P004582,S004757,2025-05-28,524.19,98
P004583,S004758,2025-09-12,1092.48,90
P004584,S004759,2025-12-28,607.18,100
P004585,S004760,2026-04-08,516.04,105
P004586,S004761,2026-03-04,1399.23,118
P004587,S004762,2025-05-08,336.48,92
P004588,S004763,2025-07-03,674.98,97
P004589,S004764,2025-09-11,550.49,91
P004590,S004765,2025-06-08,80.63,63
P004591,S004766,2025-10-21,123.37,57
P004592,S004767,2025-04-26,399.74,109
P004593,S004768,2025-04-28,22.22,14
P004594,S004769,2025-05-08,123.88,76
P004595,S004770,2025-07-30,194.64,96
P004596,S004771,2026-01-20,970.58,100
P004597,S004772,2025-06-27,654.35,103
P004598,S004773,2026-04-11,230.67,95
P004599,S004774,2025-08-02,481.41,114
P004600,S004775,2025-04-30,469.74,98
P004601,S004776,2025-08-13,181.3,83
P004602,S004777,2026-01-06,457.31,97
P004603,S004778,2025-05-24,559.95,104
P004604,S004779,2025-05-06,603.65,96
P004605,S004780,2026-02-07,377.94,86
P004606,S004781,2025-11-22,760.43,109
P004607,S004782,2025-08-19,155.92,101
P004608,S004783,2026-01-17,488.14,102
P004609,S004784,2025-11-23,3390.44,18
P004610,S004785,2025-08-21,318.83,101
P004611,S004786,2025-10-29,395.27,90
P004612,S004787,2025-04-17,1078.27,103
P004613,S004788,2025-08-02,657.7,101
P004614,S004789,2025-11-13,595.85,96
P004615,S004790,2025-07-01,639.56,109
P004616,S004791,2026-04-12,395.18,100
P004617,S004792,2026-02-21,8.27,23
P004618,S004793,2025-07-29,638.13,113
P004619,S004794,2025-09-10,789.29,97
P004620,S004795,2025-06-08,1862.62,88
P004621,S004796,2025-10-10,829.0,99
P004622,S004797,2025-06-02,143.03,68
P004623,S004798,2025-09-10,624.52,102
P004624,S004799,2025-10-24,463.73,90
P004625,S004801,2025-11-10,805.4,94
P004626,S004802,2025-07-14,732.05,111
P004627,S004803,2026-01-24,979.85,99
P004628,S004804,2025-12-06,586.6,85
P004629,S004805,2026-01-21,433.24,99
P004630,S004806,2025-10-05,409.81,107
P004631,S004807,2026-03-06,815.5,102
P004632,S004808,2025-08-30,688.28,98
P004633,S004810,2025-06-25,331.97,101
P004634,S004811,2025-07-19,327.37,109
P004635,S004812,2025-11-01,1084.31,110
P004636,S004813,2025-10-03,73.05,44
P004637,S004814,2026-01-01,622.21,81
P004638,S004815,2025-08-06,498.77,78
P004639,S004816,2026-02-28,393.28,98
P004640,S004817,2025-08-04,1103.73,93
P004641,S004818,2025-10-19,204.16,83
P004642,S004819,2026-03-14,495.82,96
P004643,S004820,2025-11-01,154.64,82
P004644,S004821,2025-11-21,43.33,73
P004645,S004822,2026-03-06,336.71,97
P004646,S004823,2026-01-20,3277.27,27
P004647,S004824,2025-09-22,33.54,9
P004648,S004825,2025-09-10,333.39,93
P004649,S004826,2025-05-23,890.96,52
P004650,S004827,2025-10-16,374.52,90
P004651,S004828,2026-01-25,19.6,11
P004652,S004829,2025-09-26,309.84,55
P004653,S004831,2025-06-01,693.78,111
P004654,S004832,2025-08-28,480.93,97
P004655,S004833,2025-05-06,32.12,11
P004656,S004834,2026-04-08,588.98,105
P004657,S004835,2025-11-05,484.2,100
P004658,S004836,2025-05-23,908.01,90
P004659,S004838,2026-02-21,455.45,100
P004660,S004839,2026-03-13,532.78,96
P004661,S004840,2025-12-02,79.95,47
P004662,S004841,2025-05-05,455.61,77
P004663,S004842,2025-05-30,911.15,114
P004664,S004843,2025-06-24,466.33,101
P004665,S004844,2026-01-07,342.27,93
P004666,S004845,2026-01-29,759.41,108
P004667,S004846,2026-01-31,124.13,21
P004668,S004847,2025-05-31,450.75,113
P004669,S004848,2025-06-11,266.58,106
P004670,S004849,2026-03-02,460.78,83
P004671,S004850,2026-02-28,188.84,83
P004672,S004851,2026-01-13,362.49,105
P004673,S004852,2025-05-03,1123.94,77
P004674,S004853,2025-05-04,706.74,91
P004675,S004854,2025-04-11,68.95,70
P004676,S004855,2025-12-20,676.53,94
P004677,S004856,2026-02-15,631.36,82
P004678,S004857,2025-12-11,154.62,112
P004679,S004858,2025-07-13,113.09,25
P004680,S004859,2026-01-30,116.05,105
P004681,S004860,2025-05-16,587.25,112
P004682,S004861,2026-02-19,246.84,110
P004683,S004862,2026-02-13,868.75,81
P004684,S004863,2025-12-08,494.16,74
P004685,S004864,2026-02-20,571.86,95
P004686,S004865,2025-11-04,127.64,89
P004687,S004866,2025-10-04,585.19,101
P004688,S004867,2025-08-07,856.19,91
P004689,S004868,2026-03-15,308.2,100
P004690,S004869,2025-09-27,2839.62,12
P004691,S004870,2025-06-23,787.39,103
P004692,S004871,2026-03-27,242.8,100
P004693,S004872,2025-05-17,988.39,115
P004694,S004873,2025-11-19,711.55,108
P004695,S004874,2025-07-04,275.6,115
P004696,S004875,2025-12-02,474.86,91
P004697,S004876,2025-09-07,418.67,97
P004698,S004877,2025-09-06,885.39,89
P004699,S004878,2025-12-16,442.27,91
P004700,S004879,2026-01-03,372.89,66
P004701,S004880,2025-09-12,575.93,114
P004702,S004881,2026-04-10,383.06,85
P004703,S004882,2025-07-30,4730.74,28
P004704,S004883,2025-05-15,520.2,73
P004705,S004884,2025-04-15,832.26,83
P004706,S004885,2025-06-23,963.71,96
P004707,S004886,2025-12-29,771.6,108
P004708,S004887,2025-10-10,441.13,78
P004709,S004888,2025-08-17,143.86,95
P004710,S004889,2025-10-01,1360.66,97
P004711,S004890,2026-02-14,671.25,98
P004712,S004891,2025-10-29,996.46,90
P004713,S004892,2025-04-29,814.2,92
P004714,S004893,2025-04-25,327.2,96
P004715,S004894,2025-09-30,908.02,93
P004716,S004895,2025-09-14,473.06,109
P004717,S004896,2026-01-28,352.72,75
P004718,S004897,2025-11-18,120.13,109
P004719,S004898,2025-12-25,49.26,51
P004720,S004899,2025-11-22,883.25,112
P004721,S004900,2025-08-26,392.06,110
P004722,S004901,2025-12-06,684.94,99
P004723,S004902,2025-11-20,560.83,94
P004724,S004903,2025-12-15,140.13,62
P004725,S004905,2025-11-30,722.31,96
P004726,S004906,2025-07-10,801.12,86
P004727,S004907,2026-01-15,93.45,82
P004728,S004908,2026-01-22,208.63,92
P004729,S004909,2025-12-06,257.24,97
P004730,S004910,2026-03-30,776.52,101
P004731,S004911,2025-10-24,288.5,94
P004732,S004912,2025-04-24,770.9,102
P004733,S004913,2025-10-03,95.58,35
P004734,S004914,2026-01-23,449.32,103
P004735,S004915,2025-05-26,147.29,100
P004736,S004916,2025-05-29,556.22,105
P004737,S004917,2025-07-22,434.9,96
P004738,S004918,2026-02-12,1147.29,97
P004739,S004919,2025-10-25,488.01,105
P004740,S004920,2026-04-07,304.67,62
P004741,S004921,2026-02-10,586.31,86
P004742,S004922,2025-11-14,752.42,106
P004743,S004924,2025-08-25,542.59,111
P004744,S004925,2025-04-13,89.5,52
P004745,S004926,2025-08-31,1109.55,94
P004746,S004927,2025-11-09,659.63,94
P004747,S004928,2025-06-14,372.06,95
P004748,S004929,2025-04-10,1606.23,16
P004749,S004930,2025-05-01,582.11,112
P004750,S004931,2026-01-08,503.21,102
P004751,S004932,2026-02-06,485.15,73
P004752,S004933,2026-02-06,453.88,99
P004753,S004934,2025-07-25,33.91,7
P004754,S004935,2025-11-24,699.52,110
P004755,S004936,2026-03-29,40.04,26
P004756,S004937,2025-11-20,423.47,108
P004757,S004938,2025-07-18,463.75,83
P004758,S004939,2025-08-23,792.45,108
P004759,S004940,2025-12-28,125.02,52
P004760,S004941,2025-10-05,331.29,106
P004761,S004942,2026-02-06,601.05,93
P004762,S004943,2026-02-23,109.84,70
P004763,S004944,2025-04-17,257.92,91
P004764,S004945,2026-01-06,961.15,101
P004765,S004946,2025-08-25,617.04,99
P004766,S004947,2025-10-21,978.07,101
P004767,S004948,2025-07-08,419.55,91
P004768,S004949,2025-09-07,897.31,109
P004769,S004950,2025-08-04,46.05,71
P004770,S004951,2025-03-29,211.29,51
P004771,S004952,2026-01-29,172.32,98
P004772,S004953,2025-06-02,255.48,88
P004773,S004954,2025-08-02,560.28,68
P004774,S004955,2025-07-02,645.18,103
P004775,S004956,2025-06-15,914.91,100
P004776,S004957,2025-09-11,447.08,111
P004777,S004958,2026-03-06,453.97,85
P004778,S004959,2026-03-17,443.08,72
P004779,S004960,2025-09-01,694.28,89
P004780,S004961,2025-10-12,189.78,86
P004781,S004962,2026-04-21,796.07,103
P004782,S004963,2025-07-03,1075.64,95
P004783,S004964,2026-03-11,657.69,87
P004784,S004965,2025-05-20,960.4,101
P004785,S004967,2025-08-28,119.45,81
P004786,S004968,2025-05-04,259.07,99
P004787,S004969,2026-02-01,753.9,99
P004788,S004970,2026-02-13,985.31,91
P004789,S004971,2025-08-10,116.3,82
P004790,S004972,2026-02-12,954.91,97
P004791,S004973,2026-01-29,919.51,110
P004792,S004974,2026-01-29,519.34,93
P004793,S004975,2026-01-24,655.74,86
P004794,S004976,2025-11-07,473.34,101
P004795,S004977,2025-05-16,695.73,88
P004796,S004978,2026-03-26,809.83,112
P004797,S004979,2025-11-19,689.87,97
P004798,S004980,2026-02-28,514.6,91
P004799,S004981,2026-04-01,385.11,105
P004800,S004982,2025-06-16,403.19,96
P004801,S004983,2025-08-26,424.84,89
P004802,S004984,2025-06-21,1162.01,97
P004803,S004985,2025-05-02,870.51,103
P004804,S004986,2026-03-19,966.43,88
P004805,S004987,2026-03-21,536.33,105
P004806,S004988,2026-03-18,487.92,100
P004807,S004989,2026-02-02,125.44,33
P004808,S004990,2025-11-10,530.83,72
P004809,S004992,2026-04-21,551.42,107
P004810,S004993,2025-11-11,617.29,104
P004811,S004994,2025-11-09,219.13,76
P004812,S004995,2025-06-20,424.81,70
P004813,S004996,2026-01-18,688.79,109
P004814,S004997,2026-01-24,250.01,86
P004815,S004998,2025-11-15,104.91,71
P004816,S004999,2025-10-06,981.1,94
