seller_id,registration_date,business_category,identity_consistency_score,email_domain_age_days,device_id,ip_hash,is_fraud,fraud_type
S000000,2025-02-02,Electronics,0.662,2517,D002233,IP008254,False,none
S000001,2025-10-10,Sports,0.963,1874,D009593,IP006588,False,none
S000002,2025-08-27,Sports,0.968,1986,D003623,IP009431,True,stolen_goods
S000003,2025-06-10,Grocery,0.803,2341,D006841,IP006028,False,none
S000004,2025-06-08,Sports,0.902,796,D007019,IP000395,False,none
S000005,2025-11-10,Fashion,0.828,653,D001820,IP005109,False,none
S000006,2025-02-01,Beauty,0.874,2990,D000389,IP007744,True,bust_out
S000007,2025-09-12,Toys,0.735,2004,D009487,IP007879,True,bust_out
S000008,2025-03-15,Automotive Parts,0.912,877,D007004,IP003863,False,none
S000009,2025-02-04,Sports,0.686,1937,D006313,IP001710,False,none
S000010,2025-07-12,Books,0.667,1181,D003037,IP008690,False,none
S000011,2025-12-23,Grocery,0.838,2578,D001080,IP008231,False,none
S000012,2025-09-26,Beauty,0.829,1525,D002718,IP008788,False,none
S000013,2025-10-05,Automotive Parts,0.877,941,D005477,IP006706,False,none
S000014,2025-09-19,Books,0.785,2071,D006934,IP008286,False,none
S000015,2025-10-14,Jewelry,1.0,2250,D003190,IP004027,False,none
S000016,2025-07-07,Grocery,0.866,1118,D002149,IP007792,False,none
S000017,2025-02-16,Books,0.873,2256,D002495,IP004882,False,none
S000018,2025-11-03,Electronics,0.87,703,D009616,IP007942,False,none
S000019,2025-06-14,Sports,0.95,718,D006305,IP001463,False,none
S000020,2025-07-02,Fashion,0.908,2479,D009906,IP002965,False,none
S000021,2025-05-16,Books,0.894,1863,D000062,IP002143,False,none
S000022,2025-03-08,Grocery,0.924,106,D004581,IP004065,False,none
S000023,2025-12-05,Sports,0.668,2025,D004573,IP008145,False,none
S000024,2025-10-13,Beauty,0.671,918,D004014,IP001150,False,none
S000025,2025-08-24,Electronics,0.842,824,D003915,IP007305,False,none
S000026,2025-05-27,Books,0.83,1272,D000790,IP008305,False,none
S000027,2025-10-28,Books,0.908,1355,D000321,IP006711,False,none
S000028,2025-07-19,Toys,0.852,2675,D007782,IP006460,False,none
S000029,2025-06-11,Grocery,0.908,1307,D004405,IP001384,False,none
S000030,2025-06-14,Grocery,0.725,890,D001627,IP006127,False,none
S000031,2025-03-24,Sports,0.849,2320,D003475,IP002264,False,none
S000032,2025-02-03,Electronics,0.716,1628,D009330,IP002460,False,none
S000033,2025-07-22,Jewelry,0.889,3,D004676,IP008614,False,none
S000034,2025-11-21,Toys,0.662,1896,D009905,IP006150,True,stolen_goods
S000035,2025-01-24,Books,0.885,1503,D001615,IP009934,False,none
S000036,2025-11-10,Automotive Parts,0.703,1724,D001224,IP004545,False,none
S000037,2025-10-30,Beauty,0.812,553,D005638,IP003577,False,none
S000038,2025-04-12,Books,0.939,1435,D006830,IP009952,False,none
S000039,2025-08-19,Electronics,0.873,1940,D009812,IP006225,False,none
S000040,2025-03-02,Jewelry,0.685,2031,D004659,IP008630,False,none
S000041,2025-10-04,Electronics,0.783,2041,D002001,IP000444,False,none
S000042,2025-09-13,Sports,0.7,2992,D005411,IP005259,False,none
S000043,2025-05-10,Beauty,0.681,1503,D003069,IP008169,False,none
S000044,2025-01-25,Electronics,0.862,1290,D001795,IP008084,False,none
S000045,2025-12-21,Toys,0.906,1626,D000884,IP007150,False,none
S000046,2025-06-12,Automotive Parts,0.894,987,D007235,IP001645,True,triangulation
S000047,2025-11-22,Fashion,0.91,945,D006427,IP005468,False,none
S000048,2025-09-05,Home & Kitchen,0.849,2070,D001666,IP001014,False,none
S000049,2025-10-12,Fashion,0.823,940,D005588,IP008019,False,none
S000050,2025-10-05,Fashion,0.743,2247,D008852,IP006306,False,none
S000051,2025-03-13,Home & Kitchen,0.806,2235,D008180,IP001938,False,none
S000052,2025-05-13,Sports,0.718,2860,D004539,IP007267,False,none
S000053,2025-06-20,Grocery,0.765,396,D000572,IP007193,True,stolen_goods
S000054,2025-07-01,Books,0.859,1090,D006348,IP000530,False,none
S000055,2025-01-16,Grocery,0.838,2314,D005162,IP000892,False,none
S000056,2025-07-19,Grocery,1.0,1288,D009217,IP002009,False,none
S000057,2025-02-26,Beauty,0.715,1965,D005533,IP000701,False,none
S000058,2025-09-29,Automotive Parts,0.837,2206,D007379,IP005372,False,none
S000059,2025-09-07,Fashion,0.708,2653,D005284,IP008799,False,none
S000060,2025-12-03,Books,0.811,679,D005408,IP000628,False,none
S000061,2025-09-29,Fashion,0.815,781,D003174,IP006145,False,none
S000062,2025-05-14,Grocery,0.934,1413,D004026,IP004240,False,none
S000063,2025-12-20,Electronics,0.805,1519,D002959,IP008362,False,none
S000064,2025-05-30,Home & Kitchen,0.831,2715,D004621,IP004820,False,none
S000065,2025-04-29,Beauty,0.807,117,D009515,IP006687,False,none
S000066,2025-11-27,Books,0.71,736,D003416,IP009218,False,none
S000067,2025-05-16,Electronics,0.785,2737,D004632,IP001361,False,none
S000068,2025-01-28,Home & Kitchen,0.812,1844,D009461,IP003156,False,none
S000069,2025-06-21,Beauty,0.358,4,D001512,IP002697,True,synthetic_identity
S000070,2025-10-18,Grocery,0.906,749,D002528,IP001686,False,none
S000071,2025-03-11,Automotive Parts,0.827,1869,D004931,IP006479,False,none
S000072,2025-06-18,Books,0.825,1110,D004093,IP000075,False,none
S000073,2025-02-17,Sports,0.678,2198,D003411,IP003859,False,none
S000074,2025-09-08,Beauty,0.904,272,D007782,IP001216,False,none
S000075,2025-06-23,Jewelry,0.78,853,D004988,IP006152,False,none
S000076,2025-05-01,Fashion,0.925,1934,D003643,IP007508,False,none
S000077,2025-03-24,Fashion,0.982,1811,D004789,IP004668,False,none
S000078,2025-07-26,Home & Kitchen,0.831,2521,D008866,IP004449,False,none
S000079,2025-09-02,Home & Kitchen,0.748,2402,D009839,IP004497,True,bust_out
S000080,2025-12-10,Toys,0.848,44,D002430,IP001987,False,none
S000081,2025-06-09,Automotive Parts,0.885,271,D000401,IP003755,False,none
S000082,2025-02-28,Books,0.818,1063,D000313,IP009330,False,none
S000083,2025-10-31,Beauty,0.794,2876,D004454,IP000411,False,none
S000084,2025-08-18,Home & Kitchen,0.906,1432,D006287,IP007875,False,none
S000085,2025-09-13,Books,0.9,2675,D000513,IP001647,False,none
S000086,2025-02-05,Home & Kitchen,0.815,178,D005082,IP001143,False,none
S000087,2025-04-25,Automotive Parts,0.685,2889,D003996,IP002856,False,none
S000088,2025-10-08,Toys,0.896,184,D009330,IP002689,False,none
S000089,2025-10-31,Sports,0.773,2425,D006035,IP003161,False,none
S000090,2025-06-08,Automotive Parts,0.871,2630,D004231,IP008494,False,none
S000091,2025-10-21,Beauty,0.865,883,D005866,IP009046,False,none
S000092,2025-11-04,Toys,0.661,903,D001355,IP006924,False,none
S000093,2025-05-22,Sports,0.858,1745,D004750,IP001461,False,none
S000094,2025-11-24,Home & Kitchen,0.901,2166,D003297,IP009455,False,none
S000095,2025-04-16,Electronics,0.914,361,D001809,IP008474,False,none
S000096,2025-03-29,Home & Kitchen,0.862,711,D003932,IP000762,False,none
S000097,2025-09-07,Fashion,0.652,2262,D006389,IP003873,False,none
S000098,2025-08-21,Books,0.978,2422,D005831,IP007754,True,bust_out
S000099,2025-02-21,Electronics,0.891,461,D009639,IP000891,True,stolen_goods
S000100,2025-10-31,Beauty,0.73,2668,D002745,IP000764,False,none
S000101,2025-03-14,Jewelry,0.771,2600,D006996,IP006059,False,none
S000102,2025-10-21,Sports,0.873,2603,D005503,IP003366,False,none
S000103,2025-01-03,Books,0.918,722,D008738,IP004416,False,none
S000104,2025-10-18,Books,0.801,2007,D009080,IP007506,False,none
S000105,2025-10-15,Home & Kitchen,0.933,482,D007075,IP005448,False,none
S000106,2025-10-12,Books,0.671,590,D004237,IP007110,False,none
S000107,2025-08-31,Home & Kitchen,0.746,213,D005333,IP001260,False,none
S000108,2025-06-22,Books,0.644,1479,D006515,IP000021,False,none
S000109,2025-09-15,Books,0.76,2134,D008059,IP002516,False,none
S000110,2025-04-12,Jewelry,1.0,597,D002288,IP002019,False,none
S000111,2025-10-12,Automotive Parts,1.0,559,D008729,IP003240,False,none
S000112,2025-07-22,Electronics,0.873,831,D008013,IP007785,False,none
S000113,2025-06-17,Home & Kitchen,0.786,593,D000881,IP001519,False,none
S000114,2025-07-04,Sports,0.828,2498,D002696,IP001261,False,none
S000115,2025-07-27,Beauty,0.897,509,D002358,IP002007,False,none
S000116,2025-01-14,Books,0.694,836,D005798,IP003263,False,none
S000117,2025-02-21,Jewelry,0.793,918,D002086,IP001972,False,none
S000118,2025-03-31,Home & Kitchen,0.993,608,D003002,IP001838,False,none
S000119,2025-02-11,Jewelry,0.745,2823,D001891,IP005795,False,none
S000120,2025-06-10,Jewelry,0.775,629,D000674,IP001114,False,none
S000121,2025-09-01,Automotive Parts,0.851,1460,D004593,IP001539,True,stolen_goods
S000122,2025-08-27,Electronics,0.878,1698,D003196,IP008366,False,none
S000123,2025-06-21,Home & Kitchen,0.787,783,D005045,IP000182,True,bust_out
S000124,2025-11-09,Fashion,0.858,1414,D002120,IP000613,False,none
S000125,2025-07-26,Fashion,0.911,512,D002863,IP000694,False,none
S000126,2025-01-29,Electronics,1.0,1448,D008926,IP005360,False,none
S000127,2025-10-07,Toys,0.837,57,D008050,IP006947,False,none
S000128,2025-07-29,Electronics,0.846,1317,D002661,IP006926,False,none
S000129,2025-08-20,Home & Kitchen,1.0,1095,D001617,IP006900,False,none
S000130,2025-07-26,Automotive Parts,0.795,1052,D009744,IP000575,False,none
S000131,2025-07-22,Jewelry,0.718,331,D006808,IP003445,False,none
S000132,2025-02-03,Automotive Parts,0.875,2996,D004923,IP006334,False,none
S000133,2025-07-24,Electronics,0.958,82,D006993,IP006820,False,none
S000134,2025-10-18,Books,0.886,439,D002210,IP003340,False,none
S000135,2025-04-21,Books,0.84,309,D004281,IP008467,False,none
S000136,2025-08-09,Fashion,0.705,2933,D003913,IP008335,False,none
S000137,2025-01-12,Automotive Parts,0.844,956,D007208,IP007656,False,none
S000138,2025-05-07,Toys,0.973,1293,D001834,IP007976,False,none
S000139,2025-06-09,Automotive Parts,0.727,2252,D004890,IP009751,False,none
S000140,2025-12-25,Fashion,0.826,152,D008336,IP007939,False,none
S000141,2025-03-20,Books,0.811,201,D001963,IP005854,False,none
S000142,2025-04-11,Fashion,0.78,548,D001199,IP003986,False,none
S000143,2025-05-30,Automotive Parts,0.875,2036,D008212,IP003620,False,none
S000144,2025-12-29,Books,0.894,2935,D008735,IP008225,False,none
S000145,2025-11-08,Electronics,0.893,1862,D004305,IP002958,False,none
S000146,2025-01-13,Home & Kitchen,0.752,2616,D000459,IP006299,False,none
S000147,2025-03-27,Beauty,0.685,2646,D005406,IP005027,False,none
S000148,2025-10-27,Electronics,0.876,829,D002996,IP003786,False,none
S000149,2025-01-22,Electronics,0.799,552,D005874,IP004507,False,none
S000150,2025-11-09,Automotive Parts,0.671,481,D001398,IP000806,True,collusion
S000151,2025-04-13,Automotive Parts,1.0,2383,D008051,IP007094,False,none
S000152,2025-12-01,Sports,1.0,2008,D006852,IP000668,False,none
S000153,2025-04-18,Automotive Parts,0.756,2594,D006452,IP000737,False,none
S000154,2025-06-08,Books,0.907,1521,D005123,IP002514,False,none
S000155,2025-08-30,Electronics,0.937,2929,D002202,IP005313,True,bust_out
S000156,2025-02-16,Grocery,0.926,2682,D009393,IP002995,False,none
S000157,2025-07-23,Electronics,0.815,2425,D002657,IP008802,False,none
S000158,2025-07-04,Jewelry,0.978,2409,D003661,IP009275,False,none
S000159,2025-10-14,Beauty,0.85,372,D009262,IP003932,False,none
S000160,2025-12-30,Fashion,0.863,2234,D000407,IP009999,False,none
S000161,2025-08-31,Home & Kitchen,0.696,2841,D001250,IP000890,False,none
S000162,2025-05-30,Books,0.914,877,D007616,IP001436,False,none
S000163,2025-05-29,Jewelry,0.824,2445,D003679,IP003473,False,none
S000164,2025-06-02,Sports,0.896,1050,D005795,IP009427,False,none
S000165,2025-10-25,Fashion,0.874,637,D005805,IP005036,False,none
S000166,2025-04-28,Automotive Parts,0.868,2191,D008274,IP007065,False,none
S000167,2025-03-02,Grocery,0.845,496,D006202,IP006526,False,none
S000168,2025-05-03,Toys,0.929,1444,D004261,IP004986,False,none
S000169,2025-01-09,Sports,0.83,2809,D005492,IP009316,False,none
S000170,2025-02-08,Automotive Parts,0.704,471,D007381,IP009546,False,none
S000171,2025-02-02,Beauty,0.907,467,D003791,IP004481,False,none
S000172,2025-10-09,Electronics,0.769,2828,D001710,IP007136,False,none
S000173,2025-09-21,Fashion,0.718,2331,D004863,IP006239,False,none
S000174,2025-09-12,Books,0.748,1385,D009995,IP005936,False,none
S000175,2025-06-18,Automotive Parts,0.878,1216,D001121,IP001015,False,none
S000176,2025-09-19,Grocery,0.84,2892,D001736,IP002095,False,none
S000177,2025-02-28,Books,0.637,2171,D009951,IP009900,False,none
S000178,2025-11-25,Beauty,0.812,2724,D008298,IP002444,False,none
S000179,2025-07-02,Toys,0.967,276,D001170,IP006517,False,none
S000180,2025-12-09,Electronics,0.805,1591,D002124,IP009115,False,none
S000181,2025-02-25,Beauty,0.833,2175,D006908,IP006024,False,none
S000182,2025-07-01,Books,0.954,108,D007825,IP002150,False,none
S000183,2025-09-12,Automotive Parts,0.93,1536,D007339,IP008596,False,none
S000184,2025-06-30,Automotive Parts,0.952,167,D008612,IP000323,False,none
S000185,2025-06-12,Jewelry,0.573,2701,D005067,IP007231,False,none
S000186,2025-03-02,Electronics,1.0,2043,D008766,IP002662,False,none
S000187,2025-05-20,Jewelry,0.914,566,D005960,IP006402,False,none
S000188,2025-03-29,Home & Kitchen,1.0,1564,D004757,IP004805,False,none
S000189,2025-04-21,Books,0.772,328,D006364,IP005690,False,none
S000190,2025-09-07,Automotive Parts,0.674,2411,D004288,IP003819,True,stolen_goods
S000191,2025-08-19,Jewelry,0.851,589,D006063,IP005289,False,none
S000192,2025-08-10,Books,0.822,1822,D008337,IP009358,False,none
S000193,2025-05-13,Home & Kitchen,0.915,236,D009581,IP008264,True,account_takeover
S000194,2025-12-17,Sports,0.957,474,D005794,IP004185,False,none
S000195,2025-02-01,Grocery,0.841,2940,D000057,IP009412,False,none
S000196,2025-05-06,Sports,0.826,1158,D006212,IP008890,False,none
S000197,2025-02-13,Toys,0.902,369,D002518,IP006273,False,none
S000198,2025-05-04,Toys,0.824,2099,D002360,IP005946,False,none
S000199,2025-12-18,Sports,0.816,603,D008812,IP000356,False,none
S000200,2025-05-14,Electronics,0.954,1768,D004461,IP005241,False,none
S000201,2025-11-28,Automotive Parts,0.976,2429,D007904,IP002126,False,none
S000202,2025-06-30,Fashion,0.958,2050,D003694,IP001601,False,none
S000203,2025-09-13,Automotive Parts,0.833,741,D006068,IP008583,False,none
S000204,2025-06-16,Electronics,0.636,711,D006653,IP002710,False,none
S000205,2025-04-08,Sports,0.835,667,D008932,IP006154,False,none
S000206,2025-10-06,Toys,0.774,1896,D001964,IP008671,False,none
S000207,2025-12-20,Sports,0.837,2017,D005612,IP005978,False,none
S000208,2025-04-07,Toys,0.783,1563,D004057,IP007799,False,none
S000209,2025-10-12,Jewelry,0.848,1196,D004638,IP007750,False,none
S000210,2025-04-06,Electronics,0.746,187,D008487,IP004474,True,triangulation
S000211,2025-09-19,Automotive Parts,0.722,2506,D001358,IP009217,False,none
S000212,2025-10-15,Books,0.972,1980,D005464,IP009090,False,none
S000213,2025-06-14,Grocery,0.753,1915,D003878,IP003377,False,none
S000214,2025-09-26,Fashion,0.85,312,D008960,IP008191,False,none
S000215,2025-04-10,Electronics,0.945,865,D002164,IP001830,False,none
S000216,2025-01-29,Beauty,0.941,912,D002325,IP001120,False,none
S000217,2025-02-05,Beauty,0.623,1794,D000908,IP005300,True,collusion
S000218,2025-06-13,Grocery,0.88,2362,D004399,IP006059,False,none
S000219,2025-11-26,Jewelry,0.922,2599,D000108,IP005835,False,none
S000220,2025-02-16,Toys,0.987,1566,D005004,IP007988,False,none
S000221,2025-06-16,Grocery,0.893,1094,D002235,IP003909,False,none
S000222,2025-09-14,Electronics,0.666,1224,D004005,IP008083,False,none
S000223,2025-03-15,Grocery,0.797,2209,D006051,IP009021,False,none
S000224,2025-09-21,Electronics,0.92,954,D006844,IP000913,False,none
S000225,2025-04-22,Books,0.787,1248,D000612,IP004492,False,none
S000226,2025-10-23,Beauty,1.0,2358,D001487,IP002246,False,none
S000227,2025-07-31,Toys,0.844,1629,D003177,IP006564,False,none
S000228,2025-07-19,Home & Kitchen,0.859,1403,D005194,IP004130,False,none
S000229,2025-03-06,Toys,0.962,2201,D008835,IP002816,False,none
S000230,2025-06-19,Jewelry,0.832,866,D001387,IP002516,False,none
S000231,2025-11-09,Jewelry,0.868,182,D000678,IP003547,False,none
S000232,2025-01-08,Beauty,0.94,2365,D006291,IP001089,False,none
S000233,2025-10-04,Home & Kitchen,0.703,1365,D009788,IP001045,False,none
S000234,2025-06-29,Sports,0.821,977,D008302,IP006288,False,none
S000235,2025-09-20,Books,0.933,286,D005654,IP009427,False,none
S000236,2025-08-31,Fashion,0.857,2779,D000199,IP005074,False,none
S000237,2025-06-07,Grocery,0.997,2175,D005762,IP009273,False,none
S000238,2025-04-23,Automotive Parts,0.692,822,D004569,IP001549,False,none
S000239,2025-08-17,Jewelry,0.681,1823,D004469,IP009732,False,none
S000240,2025-02-21,Sports,0.927,1393,D004927,IP005863,False,none
S000241,2025-08-02,Beauty,0.937,981,D005615,IP007437,False,none
S000242,2025-02-04,Beauty,0.831,935,D007202,IP000620,False,none
S000243,2025-08-26,Grocery,0.89,229,D001921,IP006040,False,none
S000244,2025-08-18,Toys,0.925,2924,D000747,IP003830,False,none
S000245,2025-01-31,Fashion,0.769,2777,D000514,IP008984,False,none
S000246,2025-10-04,Books,0.779,2611,D004060,IP007925,False,none
S000247,2025-06-01,Fashion,0.869,945,D005079,IP008642,False,none
S000248,2025-10-15,Automotive Parts,0.94,2990,D007854,IP008900,False,none
S000249,2025-01-16,Toys,0.733,826,D004334,IP007206,False,none
S000250,2025-03-07,Beauty,0.83,2473,D005321,IP002452,False,none
S000251,2025-06-30,Electronics,0.826,303,D009767,IP002829,False,none
S000252,2025-03-10,Fashion,0.892,932,D007498,IP008595,False,none
S000253,2025-05-01,Automotive Parts,0.849,1732,D006909,IP006015,False,none
S000254,2025-08-30,Sports,0.795,2903,D003640,IP008917,False,none
S000255,2025-02-22,Automotive Parts,0.975,797,D001521,IP007950,False,none
S000256,2025-09-05,Automotive Parts,0.796,1297,D009200,IP006068,False,none
S000257,2025-02-07,Electronics,0.821,2528,D005534,IP001524,False,none
S000258,2025-03-05,Beauty,0.691,1417,D000773,IP009821,False,none
S000259,2025-08-03,Jewelry,0.779,2048,D004822,IP002430,False,none
S000260,2025-10-17,Toys,0.902,1255,D000911,IP002461,False,none
S000261,2025-03-04,Sports,0.882,12,D009813,IP001460,False,none
S000262,2025-04-20,Sports,0.91,849,D005284,IP000689,False,none
S000263,2025-12-04,Grocery,0.905,1697,D007849,IP003750,False,none
S000264,2025-12-28,Automotive Parts,1.0,59,D004708,IP008434,False,none
S000265,2025-08-01,Jewelry,0.775,696,D000197,IP008658,True,bust_out
S000266,2025-06-13,Books,0.688,2859,D006384,IP004909,False,none
S000267,2025-05-07,Sports,0.745,47,D006531,IP003146,False,none
S000268,2025-08-12,Beauty,0.78,742,D002290,IP003464,False,none
S000269,2025-08-04,Fashion,0.49,1858,D007164,IP009188,True,collusion
S000270,2025-04-18,Grocery,0.859,1689,D002260,IP000552,False,none
S000271,2025-01-09,Electronics,0.975,615,D006915,IP000574,False,none
S000272,2025-02-25,Books,1.0,179,D007491,IP000646,False,none
S000273,2025-12-16,Toys,0.9,2699,D001374,IP008879,False,none
S000274,2025-06-02,Grocery,1.0,1652,D002917,IP000907,False,none
S000275,2025-06-26,Automotive Parts,0.814,1720,D001633,IP009415,False,none
S000276,2025-06-20,Sports,0.687,174,D007272,IP001836,False,none
S000277,2025-10-13,Sports,0.955,628,D002355,IP005483,False,none
S000278,2025-01-24,Toys,0.666,219,D006407,IP009704,False,none
S000279,2025-01-31,Beauty,0.774,2937,D004175,IP001158,False,none
S000280,2025-04-11,Electronics,0.902,2309,D000833,IP002814,False,none
S000281,2025-06-27,Electronics,0.84,1639,D008827,IP007275,False,none
S000282,2025-09-02,Grocery,0.831,2042,D007111,IP008170,False,none
S000283,2025-06-29,Automotive Parts,0.732,497,D002616,IP009073,False,none
S000284,2025-06-11,Electronics,0.849,2964,D008795,IP000194,False,none
S000285,2025-12-09,Beauty,0.95,1552,D007088,IP007770,False,none
S000286,2025-02-28,Books,0.852,1550,D008166,IP003218,False,none
S000287,2025-07-28,Grocery,0.767,2878,D001781,IP005577,False,none
S000288,2025-07-17,Grocery,0.725,288,D000088,IP009061,True,bust_out
S000289,2025-06-22,Books,0.769,1273,D000618,IP009022,False,none
S000290,2025-10-22,Electronics,0.889,265,D005397,IP001850,False,none
S000291,2025-04-08,Home & Kitchen,0.884,1276,D007866,IP004706,False,none
S000292,2025-12-15,Toys,0.77,802,D009133,IP002840,False,none
S000293,2025-05-02,Electronics,0.541,1383,D009609,IP006148,True,collusion
S000294,2025-07-18,Beauty,0.892,2106,D005987,IP008265,False,none
S000295,2025-07-10,Beauty,0.76,841,D006312,IP003179,False,none
S000296,2025-11-07,Automotive Parts,0.919,154,D002903,IP001213,False,none
S000297,2025-06-10,Beauty,0.774,486,D000011,IP000643,False,none
S000298,2025-04-14,Automotive Parts,0.751,2147,D001945,IP000531,False,none
S000299,2025-01-08,Grocery,0.865,1737,D000555,IP003664,False,none
S000300,2025-05-13,Books,0.301,2,D006849,IP009659,True,synthetic_identity
S000301,2025-10-29,Jewelry,0.925,2682,D005031,IP002517,False,none
S000302,2025-01-04,Jewelry,0.864,484,D007712,IP004047,False,none
S000303,2025-11-24,Home & Kitchen,0.886,2207,D001480,IP006749,False,none
S000304,2025-07-18,Toys,0.675,271,D009125,IP006578,False,none
S000305,2025-02-21,Sports,0.738,289,D007195,IP002700,False,none
S000306,2025-04-21,Automotive Parts,0.599,2379,D009057,IP001271,False,none
S000307,2025-07-22,Electronics,1.0,1203,D006484,IP001565,False,none
S000308,2025-04-26,Toys,1.0,2993,D003392,IP002201,False,none
S000309,2025-02-09,Home & Kitchen,0.889,16,D006261,IP000861,False,none
S000310,2025-09-01,Home & Kitchen,0.864,1508,D006038,IP004599,False,none
S000311,2025-09-03,Grocery,0.695,924,D001809,IP006457,False,none
S000312,2025-02-13,Home & Kitchen,0.828,2956,D001015,IP006751,False,none
S000313,2025-04-13,Grocery,1.0,2008,D006502,IP009090,False,none
S000314,2025-03-31,Automotive Parts,0.863,2315,D000944,IP002932,False,none
S000315,2025-08-29,Grocery,0.794,871,D001003,IP006547,False,none
S000316,2025-09-24,Fashion,0.674,2683,D000714,IP008846,False,none
S000317,2025-09-23,Fashion,0.988,2521,D006221,IP000283,False,none
S000318,2025-12-09,Toys,0.843,2352,D009271,IP007811,False,none
S000319,2025-10-08,Sports,0.674,1432,D004970,IP000881,True,bust_out
S000320,2025-04-28,Grocery,0.758,2765,D001524,IP005515,False,none
S000321,2025-02-09,Toys,0.722,2007,D005126,IP008307,False,none
S000322,2025-08-13,Fashion,0.837,198,D004823,IP004592,False,none
S000323,2025-12-01,Automotive Parts,0.871,2651,D005933,IP005597,True,stolen_goods
S000324,2025-12-22,Automotive Parts,0.8,63,D004330,IP006195,True,account_takeover
S000325,2025-03-26,Books,0.928,2048,D005321,IP005778,False,none
S000326,2025-03-28,Books,0.858,750,D003247,IP007316,False,none
S000327,2025-01-14,Automotive Parts,0.956,2692,D009061,IP008591,False,none
S000328,2025-02-21,Toys,0.814,2189,D005377,IP001349,False,none
S000329,2025-07-22,Fashion,1.0,2424,D003107,IP004158,False,none
S000330,2025-07-19,Books,0.794,2099,D000027,IP008526,False,none
S000331,2025-05-16,Toys,0.76,1701,D006787,IP003813,False,none
S000332,2025-04-24,Grocery,0.747,2591,D003801,IP004894,False,none
S000333,2025-10-30,Grocery,0.829,892,D002490,IP007421,False,none
S000334,2025-06-17,Toys,0.678,1585,D004793,IP009353,False,none
S000335,2025-10-23,Beauty,0.879,895,D004851,IP002516,False,none
S000336,2025-12-18,Toys,0.659,341,D008033,IP009555,False,none
S000337,2025-04-26,Books,0.866,2626,D005425,IP007097,False,none
S000338,2025-03-15,Books,0.715,1491,D007009,IP000307,False,none
S000339,2025-12-14,Sports,0.812,162,D006470,IP008615,False,none
S000340,2025-08-20,Sports,0.91,2475,D008497,IP003844,False,none
S000341,2025-04-17,Automotive Parts,1.0,2824,D000062,IP002822,False,none
S000342,2025-08-15,Home & Kitchen,0.742,1985,D003762,IP005262,False,none
S000343,2025-07-07,Fashion,0.835,981,D007154,IP005762,False,none
S000344,2025-11-27,Grocery,0.778,2578,D001409,IP005395,False,none
S000345,2025-04-04,Automotive Parts,0.763,2216,D004418,IP000552,False,none
S000346,2025-12-28,Books,0.779,855,D004010,IP008223,False,none
S000347,2025-12-08,Toys,0.932,990,D008056,IP003417,False,none
S000348,2025-03-07,Beauty,0.801,2963,D009630,IP001411,False,none
S000349,2025-03-02,Toys,1.0,2859,D001063,IP005658,False,none
S000350,2025-07-14,Electronics,0.892,2029,D002143,IP006224,False,none
S000351,2025-01-17,Sports,0.749,110,D007742,IP001035,False,none
S000352,2025-04-20,Home & Kitchen,0.813,689,D001747,IP009425,False,none
S000353,2025-06-08,Home & Kitchen,0.77,1060,D004969,IP006006,False,none
S000354,2025-12-20,Sports,0.93,1608,D009443,IP009966,False,none
S000355,2025-12-29,Automotive Parts,0.686,2602,D009752,IP006704,True,bust_out
S000356,2025-02-25,Home & Kitchen,0.716,2544,D009499,IP000100,False,none
S000357,2025-11-22,Automotive Parts,0.791,822,D001344,IP002083,False,none
S000358,2025-02-03,Sports,0.918,327,D001492,IP009725,False,none
S000359,2025-10-01,Automotive Parts,0.973,827,D001760,IP005596,False,none
S000360,2025-11-05,Beauty,0.988,706,D007694,IP001222,False,none
S000361,2025-11-22,Automotive Parts,0.903,2696,D001790,IP000742,False,none
S000362,2025-03-23,Books,0.842,43,D004297,IP005369,False,none
S000363,2025-11-23,Books,0.929,2491,D008183,IP005941,False,none
S000364,2025-02-12,Sports,0.736,1970,D004922,IP002463,False,none
S000365,2025-07-09,Toys,0.666,318,D009405,IP001948,False,none
S000366,2025-06-21,Sports,0.894,2055,D004986,IP006063,False,none
S000367,2025-04-26,Jewelry,0.749,1740,D003797,IP004355,False,none
S000368,2025-01-09,Grocery,0.843,12,D009683,IP000370,True,bust_out
S000369,2025-10-09,Electronics,0.862,670,D005470,IP000576,False,none
S000370,2025-05-03,Books,0.875,1044,D001846,IP002383,False,none
S000371,2025-08-30,Jewelry,0.944,646,D006344,IP005640,False,none
S000372,2025-05-30,Grocery,0.933,1736,D007730,IP003005,False,none
S000373,2025-05-17,Toys,0.87,1846,D008384,IP000149,False,none
S000374,2025-11-20,Beauty,0.806,509,D000056,IP009156,False,none
S000375,2025-02-04,Books,0.861,372,D001083,IP006934,False,none
S000376,2025-09-26,Books,0.79,1966,D006286,IP005836,False,none
S000377,2025-09-30,Beauty,0.83,1409,D007419,IP002442,False,none
S000378,2025-05-19,Toys,1.0,795,D006526,IP007082,False,none
S000379,2025-04-06,Beauty,0.868,768,D003828,IP009462,False,none
S000380,2025-01-02,Electronics,0.895,118,D007537,IP006760,False,none
S000381,2025-12-08,Electronics,0.779,2561,D005791,IP002957,False,none
S000382,2025-12-12,Electronics,0.952,2525,D009259,IP003922,False,none
S000383,2025-03-29,Toys,0.926,1663,D003676,IP009291,False,none
S000384,2025-01-12,Sports,0.927,1048,D007538,IP000140,False,none
S000385,2025-02-14,Toys,0.871,646,D001437,IP002212,False,none
S000386,2025-01-25,Automotive Parts,0.953,923,D007321,IP001070,False,none
S000387,2025-10-31,Home & Kitchen,0.977,2779,D007316,IP006412,True,bust_out
S000388,2025-11-22,Beauty,0.878,267,D002537,IP004588,False,none
S000389,2025-02-25,Home & Kitchen,0.839,2468,D000616,IP001331,False,none
S000390,2025-09-30,Home & Kitchen,0.939,914,D009928,IP009412,False,none
S000391,2025-03-07,Sports,0.76,796,D000765,IP005517,True,account_takeover
S000392,2025-05-15,Beauty,0.778,2429,D004684,IP002487,False,none
S000393,2025-08-07,Beauty,0.845,2883,D000011,IP009458,False,none
S000394,2025-09-20,Books,0.676,2974,D004174,IP006983,True,account_takeover
S000395,2025-11-16,Jewelry,0.933,803,D008209,IP001298,False,none
S000396,2025-01-17,Home & Kitchen,0.754,1773,D005018,IP008265,True,triangulation
S000397,2025-03-13,Fashion,0.803,878,D002397,IP000590,False,none
S000398,2025-04-13,Home & Kitchen,0.829,581,D003940,IP009067,False,none
S000399,2025-04-24,Sports,0.854,1158,D000923,IP003934,False,none
S000400,2025-12-31,Automotive Parts,0.816,188,D005936,IP002934,False,none
S000401,2025-10-11,Fashion,0.843,495,D000041,IP000534,True,bust_out
S000402,2025-04-27,Electronics,0.844,1787,D003496,IP009312,False,none
S000403,2025-12-21,Sports,0.237,9,D000606,IP005596,True,synthetic_identity
S000404,2025-07-02,Automotive Parts,0.773,812,D002399,IP006079,False,none
S000405,2025-07-02,Sports,0.958,1672,D000674,IP008503,False,none
S000406,2025-06-08,Automotive Parts,0.64,2293,D009279,IP005084,True,triangulation
S000407,2025-02-22,Books,0.829,2683,D007720,IP002898,False,none
S000408,2025-12-08,Electronics,0.803,1705,D009278,IP007783,True,bust_out
S000409,2025-01-06,Toys,0.892,723,D006830,IP005301,False,none
S000410,2025-03-05,Grocery,0.705,2138,D004962,IP002387,False,none
S000411,2025-03-25,Sports,0.8,511,D001740,IP008445,False,none
S000412,2025-04-12,Fashion,0.84,418,D009621,IP008125,False,none
S000413,2025-02-18,Fashion,0.957,1076,D009175,IP002472,False,none
S000414,2025-01-07,Books,0.883,987,D004157,IP006499,False,none
S000415,2025-09-05,Toys,0.732,439,D002256,IP009209,False,none
S000416,2025-12-20,Sports,0.801,158,D003873,IP007993,False,none
S000417,2025-02-14,Beauty,0.939,2838,D003941,IP001987,False,none
S000418,2025-04-19,Beauty,0.73,2032,D009169,IP008557,False,none
S000419,2025-07-04,Books,0.842,2152,D000668,IP000563,False,none
S000420,2025-12-05,Electronics,0.233,0,D006329,IP006173,True,synthetic_identity
S000421,2025-09-11,Toys,0.811,2388,D007685,IP005114,False,none
S000422,2025-10-07,Beauty,1.0,1094,D007625,IP000367,False,none
S000423,2025-08-01,Grocery,0.809,2244,D001932,IP007260,False,none
S000424,2025-06-02,Grocery,0.895,1471,D004127,IP002977,False,none
S000425,2025-03-14,Toys,0.773,729,D003420,IP008522,False,none
S000426,2025-11-12,Home & Kitchen,0.903,787,D004070,IP008780,False,none
S000427,2025-10-21,Home & Kitchen,0.937,422,D000870,IP005904,False,none
S000428,2025-01-10,Home & Kitchen,0.791,2489,D000833,IP006269,False,none
S000429,2025-09-19,Home & Kitchen,0.845,1288,D000241,IP000520,False,none
S000430,2025-01-31,Grocery,0.76,2340,D009667,IP008900,False,none
S000431,2025-09-27,Electronics,0.736,2487,D004167,IP006815,False,none
S000432,2025-10-29,Electronics,0.954,501,D002279,IP003845,False,none
S000433,2025-02-17,Sports,0.795,992,D007976,IP000857,False,none
S000434,2025-06-08,Home & Kitchen,0.609,373,D004942,IP005047,False,none
S000435,2025-02-15,Jewelry,1.0,29,D003645,IP009008,False,none
S000436,2025-07-27,Grocery,0.77,2959,D001146,IP008625,False,none
S000437,2025-12-05,Grocery,0.825,1980,D003860,IP000986,False,none
S000438,2025-01-30,Toys,1.0,1355,D006469,IP007620,False,none
S000439,2025-05-26,Toys,0.836,600,D006234,IP000818,False,none
S000440,2025-12-22,Toys,0.834,1773,D003908,IP003775,True,account_takeover
S000441,2025-04-20,Fashion,0.727,1628,D006130,IP004471,False,none
S000442,2025-02-18,Sports,0.687,669,D007676,IP000226,False,none
S000443,2025-06-28,Jewelry,0.833,45,D009302,IP001372,False,none
S000444,2025-07-05,Home & Kitchen,0.886,1407,D005283,IP008803,False,none
S000445,2025-08-30,Electronics,0.881,1527,D002277,IP006294,False,none
S000446,2025-04-25,Sports,0.802,2394,D001294,IP007863,False,none
S000447,2025-12-15,Beauty,0.852,1181,D001577,IP005714,False,none
S000448,2025-07-10,Grocery,0.666,292,D000107,IP004491,True,stolen_goods
S000449,2025-04-15,Jewelry,0.896,2641,D005581,IP000182,False,none
S000450,2025-12-17,Automotive Parts,0.866,1241,D002124,IP005462,False,none
S000451,2025-12-04,Beauty,1.0,2165,D002260,IP007705,False,none
S000452,2025-07-02,Automotive Parts,0.851,130,D007243,IP002043,False,none
S000453,2025-01-10,Fashion,0.756,109,D003196,IP004910,False,none
S000454,2025-08-06,Beauty,0.845,70,D008285,IP004121,False,none
S000455,2025-07-22,Home & Kitchen,0.817,2368,D001370,IP008709,False,none
S000456,2025-02-24,Automotive Parts,0.893,723,D003413,IP001631,False,none
S000457,2025-08-20,Books,0.853,2373,D000515,IP001053,False,none
S000458,2025-11-03,Beauty,0.724,2834,D005359,IP002105,False,none
S000459,2025-02-08,Fashion,0.686,1990,D001248,IP001562,False,none
S000460,2025-09-22,Grocery,0.876,2957,D002400,IP008463,False,none
S000461,2025-02-21,Books,0.988,2787,D007354,IP002605,True,triangulation
S000462,2025-10-01,Jewelry,0.858,2168,D008804,IP003624,False,none
S000463,2025-06-02,Toys,0.931,2409,D005454,IP002571,False,none
S000464,2025-01-03,Fashion,0.951,1810,D009652,IP008147,False,none
S000465,2025-12-19,Beauty,0.877,657,D007566,IP006640,False,none
S000466,2025-03-02,Books,0.769,309,D007529,IP004738,False,none
S000467,2025-08-06,Home & Kitchen,0.87,1145,D009906,IP007989,False,none
S000468,2025-03-08,Electronics,0.971,1425,D000888,IP000707,False,none
S000469,2025-12-07,Jewelry,0.903,1050,D002321,IP006784,False,none
S000470,2025-09-27,Sports,0.925,306,D004371,IP003615,False,none
S000471,2025-10-21,Beauty,0.804,1515,D006183,IP003792,False,none
S000472,2025-06-07,Sports,0.83,1496,D009905,IP001582,False,none
S000473,2025-06-20,Grocery,0.838,2861,D000990,IP000970,True,bust_out
S000474,2025-08-20,Electronics,0.845,2862,D002293,IP006935,False,none
S000475,2025-10-14,Toys,0.967,1847,D002981,IP008501,False,none
S000476,2025-11-06,Home & Kitchen,0.615,2551,D006704,IP009113,False,none
S000477,2025-01-07,Electronics,0.853,939,D009516,IP002435,False,none
S000478,2025-08-31,Electronics,0.842,2908,D009385,IP007630,False,none
S000479,2025-02-09,Toys,0.713,2824,D007476,IP001112,False,none
S000480,2025-04-16,Sports,0.917,376,D007732,IP007784,False,none
S000481,2025-10-30,Sports,0.778,2101,D004155,IP005661,False,none
S000482,2025-04-02,Grocery,0.814,1373,D006088,IP008618,False,none
S000483,2025-10-18,Toys,1.0,798,D001709,IP000675,False,none
S000484,2025-06-18,Sports,0.951,1236,D005067,IP007766,False,none
S000485,2025-03-26,Jewelry,0.907,2719,D002926,IP004670,False,none
S000486,2025-05-02,Books,0.888,2772,D009288,IP005685,False,none
S000487,2025-07-13,Automotive Parts,0.834,1033,D003675,IP005389,False,none
S000488,2025-10-07,Home & Kitchen,1.0,1385,D003947,IP007142,False,none
S000489,2025-08-10,Grocery,0.93,1549,D004027,IP005990,False,none
S000490,2025-12-07,Books,0.775,2200,D009012,IP004159,False,none
S000491,2025-11-13,Sports,0.71,1438,D009325,IP004353,False,none
S000492,2025-10-02,Electronics,0.907,1188,D004310,IP000707,False,none
S000493,2025-08-09,Sports,0.844,2770,D009957,IP007242,False,none
S000494,2025-04-16,Jewelry,0.707,1118,D007565,IP007055,False,none
S000495,2025-05-31,Books,0.893,797,D008464,IP005669,False,none
S000496,2025-02-13,Electronics,0.823,981,D009157,IP007216,False,none
S000497,2025-05-17,Home & Kitchen,0.903,1000,D003325,IP002689,False,none
S000498,2025-12-05,Sports,0.894,1665,D005506,IP002237,True,triangulation
S000499,2025-06-05,Jewelry,0.789,1980,D002850,IP009247,False,none
S000500,2025-02-11,Toys,0.913,403,D003098,IP009539,False,none
S000501,2025-08-26,Jewelry,0.8,2659,D004643,IP008527,False,none
S000502,2025-12-18,Grocery,0.807,761,D000509,IP000525,False,none
S000503,2025-11-13,Home & Kitchen,0.797,345,D002151,IP005487,False,none
S000504,2025-04-11,Fashion,0.963,2005,D008092,IP007359,False,none
S000505,2025-06-15,Automotive Parts,0.822,630,D001657,IP000371,False,none
S000506,2025-07-13,Sports,0.987,2250,D006220,IP009684,False,none
S000507,2025-04-01,Jewelry,1.0,2844,D007656,IP007870,False,none
S000508,2025-04-09,Automotive Parts,0.776,2077,D002630,IP003091,False,none
S000509,2025-03-28,Toys,0.558,2332,D004583,IP005064,False,none
S000510,2025-12-30,Electronics,0.954,1484,D008774,IP009124,False,none
S000511,2025-09-30,Automotive Parts,0.816,1038,D008354,IP008536,False,none
S000512,2025-11-03,Sports,0.763,1840,D009203,IP008264,False,none
S000513,2025-10-26,Fashion,0.791,1073,D006283,IP009839,False,none
S000514,2025-12-17,Sports,0.809,2628,D008871,IP007441,False,none
S000515,2025-02-08,Electronics,0.98,1409,D003984,IP009353,False,none
S000516,2025-11-18,Home & Kitchen,0.866,1497,D006015,IP009537,True,stolen_goods
S000517,2025-01-25,Beauty,0.978,2021,D006672,IP000195,False,none
S000518,2025-06-23,Toys,0.899,568,D009765,IP006540,False,none
S000519,2025-08-05,Sports,0.819,1683,D003682,IP003339,False,none
S000520,2025-05-11,Jewelry,0.811,2262,D008748,IP004948,False,none
S000521,2025-02-23,Beauty,0.906,2328,D005093,IP001677,False,none
S000522,2025-03-12,Grocery,0.932,675,D001042,IP006756,False,none
S000523,2025-10-29,Automotive Parts,0.95,163,D006555,IP008347,False,none
S000524,2025-04-27,Grocery,0.824,583,D009811,IP004118,False,none
S000525,2025-04-24,Home & Kitchen,0.868,2457,D004533,IP006982,False,none
S000526,2025-12-04,Books,0.908,797,D005488,IP003248,False,none
S000527,2025-02-22,Home & Kitchen,0.812,175,D009272,IP007494,False,none
S000528,2025-12-01,Toys,0.737,1792,D009200,IP000822,False,none
S000529,2025-12-03,Books,0.769,2643,D004000,IP008801,False,none
S000530,2025-08-07,Home & Kitchen,0.826,674,D007603,IP003780,False,none
S000531,2025-03-02,Electronics,0.916,130,D006309,IP005048,False,none
S000532,2025-02-26,Jewelry,0.976,421,D006475,IP008031,False,none
S000533,2025-04-14,Grocery,0.714,384,D007205,IP000298,False,none
S000534,2025-07-30,Fashion,0.79,614,D003266,IP009454,True,account_takeover
S000535,2025-02-26,Beauty,0.814,541,D003048,IP006144,False,none
S000536,2025-06-16,Home & Kitchen,0.929,1911,D000270,IP009751,False,none
S000537,2025-02-12,Automotive Parts,0.797,669,D008563,IP005511,False,none
S000538,2025-07-17,Automotive Parts,0.807,1645,D002767,IP002065,False,none
S000539,2025-01-08,Books,0.709,1205,D006742,IP005823,False,none
S000540,2025-09-16,Toys,0.898,1963,D006858,IP005714,False,none
S000541,2025-01-21,Electronics,0.834,1966,D007035,IP009206,True,bust_out
S000542,2025-03-13,Home & Kitchen,0.785,1779,D008631,IP005757,False,none
S000543,2025-03-05,Electronics,0.824,2677,D008678,IP004062,False,none
S000544,2025-10-31,Grocery,0.963,589,D000023,IP001760,False,none
S000545,2025-01-20,Electronics,0.75,1573,D008401,IP003259,True,triangulation
S000546,2025-06-06,Books,0.766,1183,D002079,IP005816,False,none
S000547,2025-08-04,Automotive Parts,0.975,1597,D006453,IP003689,False,none
S000548,2025-07-08,Beauty,0.858,420,D006730,IP003627,False,none
S000549,2025-09-06,Books,0.917,958,D000536,IP000145,False,none
S000550,2025-10-21,Jewelry,0.89,2823,D002836,IP009424,False,none
S000551,2025-05-24,Toys,0.846,2402,D009101,IP008366,False,none
S000552,2025-10-30,Toys,0.815,1278,D001417,IP002552,False,none
S000553,2025-04-27,Home & Kitchen,0.933,332,D002318,IP001374,False,none
S000554,2025-12-26,Toys,0.966,1945,D000819,IP008349,False,none
S000555,2025-07-04,Jewelry,0.958,904,D001667,IP008366,False,none
S000556,2025-09-26,Books,0.731,989,D006378,IP008968,False,none
S000557,2025-11-16,Home & Kitchen,0.98,291,D008412,IP005474,False,none
S000558,2025-10-17,Sports,0.814,867,D005948,IP007358,False,none
S000559,2025-11-07,Grocery,0.774,643,D002845,IP007295,False,none
S000560,2025-07-15,Electronics,0.833,102,D008586,IP002146,False,none
S000561,2025-01-16,Grocery,0.933,1760,D003673,IP005239,False,none
S000562,2025-06-29,Home & Kitchen,0.904,2908,D003148,IP002603,False,none
S000563,2025-03-08,Home & Kitchen,0.824,378,D005055,IP007538,False,none
S000564,2025-11-21,Toys,0.934,158,D001367,IP009711,False,none
S000565,2025-03-28,Sports,0.864,302,D003563,IP000765,False,none
S000566,2025-03-25,Automotive Parts,0.793,1638,D007991,IP000758,False,none
S000567,2025-04-02,Home & Kitchen,0.779,2477,D006082,IP002642,False,none
S000568,2025-08-23,Home & Kitchen,0.891,929,D009881,IP001170,False,none
S000569,2025-07-28,Beauty,0.842,355,D007757,IP000090,False,none
S000570,2025-12-13,Jewelry,0.712,288,D003603,IP009785,False,none
S000571,2025-06-01,Automotive Parts,0.935,1824,D007667,IP005824,True,stolen_goods
S000572,2025-04-14,Toys,0.802,1070,D008653,IP007768,False,none
S000573,2025-01-18,Books,1.0,1056,D006308,IP005661,False,none
S000574,2025-01-03,Automotive Parts,0.71,716,D007625,IP007463,False,none
S000575,2025-05-17,Jewelry,0.832,2689,D005033,IP006861,False,none
S000576,2025-12-04,Books,0.78,1125,D009115,IP001602,False,none
S000577,2025-07-11,Sports,0.752,2122,D002376,IP001504,False,none
S000578,2025-11-23,Automotive Parts,0.801,2227,D004243,IP004889,False,none
S000579,2025-02-07,Home & Kitchen,1.0,179,D002539,IP003710,False,none
S000580,2025-02-04,Beauty,0.864,746,D001013,IP008407,False,none
S000581,2025-11-01,Grocery,0.771,2686,D006159,IP003061,False,none
S000582,2025-02-08,Electronics,0.667,2648,D001183,IP003288,False,none
S000583,2025-01-19,Sports,0.678,1242,D002261,IP005290,False,none
S000584,2025-05-28,Jewelry,0.796,469,D007631,IP001927,False,none
S000585,2025-12-04,Fashion,0.787,895,D002410,IP008584,False,none
S000586,2025-09-09,Jewelry,0.828,2847,D008633,IP000109,False,none
S000587,2025-02-06,Toys,0.623,2018,D000491,IP008475,False,none
S000588,2025-11-02,Jewelry,0.841,227,D004570,IP006225,False,none
S000589,2025-11-04,Books,0.953,2154,D000671,IP008879,False,none
S000590,2025-10-20,Fashion,1.0,441,D000595,IP002938,False,none
S000591,2025-11-26,Grocery,0.661,910,D007909,IP009002,False,none
S000592,2025-03-29,Electronics,0.77,1445,D000667,IP008636,False,none
S000593,2025-12-24,Home & Kitchen,0.765,1055,D008922,IP004567,True,stolen_goods
S000594,2025-04-28,Jewelry,0.865,2095,D005986,IP002835,False,none
S000595,2025-10-20,Jewelry,0.728,469,D004825,IP001970,False,none
S000596,2025-07-31,Electronics,1.0,2631,D009186,IP001515,False,none
S000597,2025-10-12,Beauty,0.854,1780,D003876,IP005831,False,none
S000598,2025-08-18,Electronics,0.838,917,D003995,IP009604,False,none
S000599,2025-08-23,Home & Kitchen,1.0,2870,D004099,IP005657,False,none
S000600,2025-08-13,Automotive Parts,0.848,1435,D006506,IP009647,True,stolen_goods
S000601,2025-10-12,Fashion,0.89,1250,D008472,IP007557,False,none
S000602,2025-09-27,Books,0.775,64,D005420,IP006850,True,stolen_goods
S000603,2025-02-19,Jewelry,0.713,2988,D002810,IP007249,False,none
S000604,2025-10-29,Jewelry,0.789,2539,D008897,IP009283,False,none
S000605,2025-07-15,Beauty,1.0,530,D005989,IP008580,False,none
S000606,2025-04-28,Books,0.913,2843,D008323,IP001618,False,none
S000607,2025-07-07,Toys,0.877,2388,D004322,IP005849,False,none
S000608,2025-12-19,Fashion,0.752,1263,D001993,IP004603,False,none
S000609,2025-11-10,Home & Kitchen,0.941,2784,D009444,IP008792,True,bust_out
S000610,2025-11-01,Grocery,0.714,1677,D006775,IP002041,False,none
S000611,2025-06-18,Books,0.693,2064,D003077,IP008199,False,none
S000612,2025-10-14,Sports,0.794,550,D008475,IP004787,False,none
S000613,2025-05-21,Grocery,1.0,328,D000090,IP009322,False,none
S000614,2025-09-08,Books,1.0,1583,D009302,IP007911,False,none
S000615,2025-08-22,Beauty,0.805,980,D005786,IP003449,False,none
S000616,2025-04-02,Home & Kitchen,0.783,2945,D005899,IP008449,False,none
S000617,2025-04-08,Automotive Parts,0.686,257,D000133,IP001874,False,none
S000618,2025-01-23,Automotive Parts,0.858,2288,D001759,IP000041,False,none
S000619,2025-02-21,Electronics,0.866,1805,D007206,IP005068,False,none
S000620,2025-06-08,Grocery,0.929,2636,D005582,IP003895,False,none
S000621,2025-06-24,Fashion,0.941,2994,D001276,IP001257,False,none
S000622,2025-03-02,Jewelry,0.83,2611,D006658,IP009940,False,none
S000623,2025-06-02,Sports,0.906,1124,D007464,IP000390,False,none
S000624,2025-08-09,Books,0.78,2087,D002724,IP005893,False,none
S000625,2025-03-26,Grocery,0.904,489,D006893,IP002610,False,none
S000626,2025-05-04,Books,0.799,1458,D009730,IP002961,False,none
S000627,2025-05-15,Home & Kitchen,0.896,806,D004824,IP002110,False,none
S000628,2025-07-04,Jewelry,0.888,751,D002293,IP003889,False,none
S000629,2025-05-14,Sports,0.857,1712,D009619,IP006673,True,bust_out
S000630,2025-09-26,Sports,0.929,381,D009113,IP003225,False,none
S000631,2025-04-30,Beauty,0.693,1707,D004568,IP007216,False,none
S000632,2025-06-08,Electronics,0.744,1203,D004251,IP004475,False,none
S000633,2025-05-19,Sports,0.823,690,D008339,IP007852,False,none
S000634,2025-03-08,Beauty,0.706,1686,D000005,IP004444,False,none
S000635,2025-09-08,Books,0.809,2252,D003123,IP003655,False,none
S000636,2025-03-27,Beauty,0.813,1830,D005432,IP005068,False,none
S000637,2025-04-19,Automotive Parts,0.981,264,D006540,IP006865,False,none
S000638,2025-10-17,Books,0.864,1686,D006282,IP004645,False,none
S000639,2025-12-13,Toys,0.953,1869,D003705,IP009061,False,none
S000640,2025-09-02,Grocery,0.88,2050,D008693,IP005161,False,none
S000641,2025-12-01,Books,0.796,1277,D006496,IP002960,False,none
S000642,2025-11-08,Books,0.172,0,D005405,IP000279,True,synthetic_identity
S000643,2025-06-25,Sports,0.923,382,D009386,IP003925,False,none
S000644,2025-10-09,Automotive Parts,0.969,996,D000941,IP000544,False,none
S000645,2025-04-30,Beauty,0.837,1903,D007098,IP000357,False,none
S000646,2025-06-18,Toys,0.685,2217,D009268,IP003711,False,none
S000647,2025-07-15,Home & Kitchen,0.678,2019,D006618,IP002903,False,none
S000648,2025-12-17,Sports,0.817,937,D005653,IP008849,False,none
S000649,2025-11-06,Automotive Parts,0.616,1320,D003644,IP007301,False,none
S000650,2025-06-28,Books,1.0,141,D002715,IP007908,False,none
S000651,2025-08-27,Home & Kitchen,0.91,2394,D005458,IP005454,False,none
S000652,2025-03-15,Automotive Parts,0.786,1061,D008988,IP001101,False,none
S000653,2025-10-21,Grocery,0.739,1528,D004622,IP008510,False,none
S000654,2025-07-21,Toys,0.953,1349,D001209,IP004948,False,none
S000655,2025-07-14,Fashion,0.739,857,D004836,IP004290,False,none
S000656,2025-10-07,Toys,0.748,505,D000974,IP006045,False,none
S000657,2025-08-20,Jewelry,0.773,2860,D009360,IP001637,False,none
S000658,2025-01-27,Sports,0.861,359,D005350,IP004811,False,none
S000659,2025-04-16,Fashion,0.912,2832,D002138,IP006057,False,none
S000660,2025-03-06,Fashion,0.969,340,D006248,IP006975,True,account_takeover
S000661,2025-09-26,Automotive Parts,0.954,287,D005377,IP005001,True,stolen_goods
S000662,2025-01-13,Toys,0.85,2709,D005109,IP009972,False,none
S000663,2025-03-15,Books,0.952,2838,D005919,IP009902,False,none
S000664,2025-08-07,Beauty,0.783,2685,D009289,IP000964,False,none
S000665,2025-09-11,Electronics,0.668,2326,D008560,IP000828,False,none
S000666,2025-07-03,Toys,0.783,1478,D002628,IP005155,False,none
S000667,2025-11-11,Books,0.769,320,D002397,IP008278,False,none
S000668,2025-12-02,Beauty,0.787,1775,D009902,IP005123,False,none
S000669,2025-02-18,Books,0.754,1558,D006448,IP002170,False,none
S000670,2025-12-14,Toys,0.804,2207,D000193,IP005623,True,account_takeover
S000671,2025-08-13,Beauty,0.912,105,D005295,IP009431,False,none
S000672,2025-08-21,Home & Kitchen,1.0,232,D001185,IP001669,False,none
S000673,2025-02-04,Home & Kitchen,0.677,1766,D000298,IP004454,True,account_takeover
S000674,2025-08-15,Home & Kitchen,0.721,2565,D001856,IP006383,False,none
S000675,2025-09-22,Grocery,0.771,2799,D002546,IP003932,False,none
S000676,2025-07-31,Beauty,0.927,1706,D000795,IP000443,False,none
S000677,2025-01-31,Grocery,0.83,1105,D008355,IP006696,False,none
S000678,2025-07-10,Beauty,0.778,1416,D004382,IP007411,False,none
S000679,2025-12-08,Beauty,0.922,1526,D005519,IP006551,False,none
S000680,2025-09-22,Automotive Parts,0.946,1857,D008653,IP006631,True,bust_out
S000681,2025-02-20,Jewelry,0.848,683,D008371,IP006567,False,none
S000682,2025-12-17,Toys,0.768,1166,D008207,IP003304,False,none
S000683,2025-12-16,Home & Kitchen,0.877,1623,D001962,IP000166,False,none
S000684,2025-03-03,Grocery,0.827,2552,D007447,IP009889,False,none
S000685,2025-10-20,Electronics,0.826,2407,D009957,IP002044,False,none
S000686,2025-05-29,Toys,0.799,2261,D000074,IP008287,False,none
S000687,2025-08-05,Sports,0.942,646,D008681,IP005406,False,none
S000688,2025-06-12,Books,0.875,1220,D008657,IP005395,False,none
S000689,2025-10-13,Fashion,0.954,1660,D008413,IP000209,False,none
S000690,2025-12-30,Electronics,0.984,2903,D003964,IP009905,False,none
S000691,2025-10-18,Home & Kitchen,0.896,1064,D001989,IP005285,False,none
S000692,2025-12-06,Fashion,0.799,2755,D007316,IP008300,False,none
S000693,2025-12-12,Sports,0.954,2243,D006230,IP007777,False,none
S000694,2025-02-02,Automotive Parts,0.897,1901,D007269,IP001379,False,none
S000695,2025-04-03,Home & Kitchen,1.0,2106,D002559,IP009475,False,none
S000696,2025-09-21,Toys,0.881,2379,D001775,IP005910,False,none
S000697,2025-08-04,Home & Kitchen,0.92,2096,D009015,IP001851,False,none
S000698,2025-01-19,Electronics,0.879,2018,D005153,IP005808,False,none
S000699,2025-02-04,Grocery,0.84,1134,D008513,IP006163,True,bust_out
S000700,2025-07-09,Home & Kitchen,0.824,1284,D009261,IP006529,False,none
S000701,2025-08-13,Sports,0.879,1798,D004592,IP003214,True,bust_out
S000702,2025-03-03,Books,0.902,2530,D002630,IP009407,False,none
S000703,2025-03-04,Jewelry,0.965,1953,D008958,IP002369,False,none
S000704,2025-02-17,Fashion,0.881,2963,D007150,IP004920,True,bust_out
S000705,2025-07-26,Sports,0.804,2042,D006659,IP008385,False,none
S000706,2025-01-03,Automotive Parts,0.817,1223,D009580,IP000773,False,none
S000707,2025-07-28,Toys,0.718,1726,D002462,IP004035,False,none
S000708,2025-06-23,Electronics,1.0,1870,D003606,IP004793,False,none
S000709,2025-06-20,Home & Kitchen,0.796,2600,D000390,IP007729,False,none
S000710,2025-09-05,Grocery,0.947,768,D003876,IP007877,False,none
S000711,2025-07-10,Grocery,0.878,747,D004465,IP007969,False,none
S000712,2025-09-23,Beauty,0.88,606,D004525,IP003586,False,none
S000713,2025-10-06,Fashion,0.838,168,D001509,IP004916,False,none
S000714,2025-12-02,Home & Kitchen,0.771,2025,D008090,IP000271,False,none
S000715,2025-10-19,Home & Kitchen,0.753,2887,D004892,IP008227,False,none
S000716,2025-07-08,Grocery,1.0,1841,D004392,IP003032,False,none
S000717,2025-06-29,Jewelry,0.861,183,D008639,IP004674,False,none
S000718,2025-03-28,Electronics,0.963,1094,D004862,IP006821,False,none
S000719,2025-08-07,Grocery,0.988,2708,D008921,IP007765,False,none
S000720,2025-02-20,Grocery,0.809,156,D002223,IP000860,False,none
S000721,2025-12-06,Books,0.892,1837,D008506,IP007672,False,none
S000722,2025-11-05,Jewelry,0.855,1322,D009883,IP003759,False,none
S000723,2025-02-13,Electronics,0.734,2756,D007504,IP004177,False,none
S000724,2025-10-14,Books,0.831,1540,D008923,IP001331,False,none
S000725,2025-02-12,Fashion,0.909,1695,D007401,IP007167,False,none
S000726,2025-09-21,Jewelry,0.8,2167,D006002,IP004759,False,none
S000727,2025-02-02,Toys,0.818,2463,D007637,IP001038,False,none
S000728,2025-06-28,Electronics,0.833,1547,D009605,IP001415,False,none
S000729,2025-08-29,Grocery,1.0,2164,D006050,IP007214,False,none
S000730,2025-09-24,Grocery,0.667,2416,D006869,IP001090,False,none
S000731,2025-06-02,Toys,0.9,1575,D000791,IP005212,False,none
S000732,2025-12-03,Beauty,0.825,2148,D009591,IP006977,False,none
S000733,2025-10-10,Electronics,0.786,1090,D007777,IP009120,False,none
S000734,2025-03-18,Automotive Parts,0.822,1065,D001615,IP001580,False,none
S000735,2025-09-02,Fashion,0.917,9,D002896,IP002958,False,none
S000736,2025-09-24,Jewelry,0.922,2008,D002254,IP001547,True,stolen_goods
S000737,2025-05-02,Sports,0.869,753,D003196,IP008798,False,none
S000738,2025-09-27,Books,0.959,2441,D008851,IP005925,False,none
S000739,2025-11-24,Books,0.977,2855,D004642,IP009833,False,none
S000740,2025-10-26,Jewelry,0.932,2627,D004198,IP000435,False,none
S000741,2025-10-06,Electronics,0.795,827,D007789,IP007058,False,none
S000742,2025-08-20,Automotive Parts,0.899,1955,D003711,IP000329,False,none
S000743,2025-04-09,Electronics,0.9,2255,D008858,IP001090,False,none
S000744,2025-10-18,Automotive Parts,0.768,1518,D007543,IP004314,False,none
S000745,2025-05-13,Home & Kitchen,0.693,1525,D002570,IP003667,False,none
S000746,2025-07-14,Jewelry,0.648,1314,D006303,IP003650,False,none
S000747,2025-04-25,Electronics,0.857,926,D004827,IP000678,False,none
S000748,2025-04-25,Toys,0.88,1720,D003440,IP005446,False,none
S000749,2025-02-27,Sports,0.732,2973,D009063,IP003406,False,none
S000750,2025-12-17,Automotive Parts,0.955,657,D003978,IP009934,True,triangulation
S000751,2025-02-23,Fashion,0.865,141,D001167,IP007895,False,none
S000752,2025-02-01,Electronics,0.985,169,D004083,IP004347,False,none
S000753,2025-12-08,Books,0.887,1746,D005167,IP007654,False,none
S000754,2025-07-22,Electronics,0.743,810,D001263,IP005760,False,none
S000755,2025-06-09,Grocery,0.896,1385,D007427,IP004953,False,none
S000756,2025-09-27,Electronics,0.917,2852,D002295,IP009192,False,none
S000757,2025-05-20,Automotive Parts,0.795,230,D000924,IP005874,False,none
S000758,2025-02-16,Sports,0.706,524,D005375,IP004831,False,none
S000759,2025-09-24,Automotive Parts,0.86,643,D001609,IP005666,False,none
S000760,2025-03-06,Fashion,0.75,1371,D007818,IP007811,False,none
S000761,2025-07-21,Home & Kitchen,0.962,2083,D000684,IP007414,False,none
S000762,2025-12-13,Toys,0.809,550,D004190,IP005486,False,none
S000763,2025-12-08,Electronics,1.0,325,D000517,IP001767,False,none
S000764,2025-05-12,Fashion,0.638,258,D003833,IP006372,False,none
S000765,2025-10-12,Beauty,0.863,2403,D009332,IP004306,False,none
S000766,2025-08-12,Grocery,0.993,89,D006505,IP009325,False,none
S000767,2025-06-24,Grocery,0.761,1875,D005351,IP009084,False,none
S000768,2025-02-21,Electronics,0.834,1735,D001572,IP000007,True,stolen_goods
S000769,2025-05-18,Electronics,0.81,303,D003128,IP009990,False,none
S000770,2025-08-26,Books,0.782,1658,D003807,IP009009,True,stolen_goods
S000771,2025-12-27,Beauty,0.874,861,D005786,IP009071,False,none
S000772,2025-01-02,Grocery,0.72,1545,D002081,IP004976,False,none
S000773,2025-09-19,Home & Kitchen,0.839,412,D009999,IP002705,False,none
S000774,2025-11-05,Beauty,0.902,2003,D006516,IP006067,False,none
S000775,2025-12-14,Home & Kitchen,0.828,2393,D003118,IP008830,False,none
S000776,2025-06-04,Home & Kitchen,0.75,10,D001123,IP004500,False,none
S000777,2025-02-13,Grocery,0.953,1599,D005950,IP009853,False,none
S000778,2025-04-09,Toys,0.923,1942,D004478,IP002609,False,none
S000779,2025-11-07,Books,0.746,9,D006738,IP008530,False,none
S000780,2025-11-17,Electronics,0.721,2172,D005961,IP000660,False,none
S000781,2025-08-21,Sports,0.755,1629,D006403,IP008394,False,none
S000782,2025-02-14,Toys,0.905,919,D008336,IP009451,False,none
S000783,2025-02-14,Automotive Parts,0.878,1448,D005251,IP007025,False,none
S000784,2025-06-24,Toys,0.929,2046,D007245,IP006238,False,none
S000785,2025-08-03,Fashion,0.817,1929,D003590,IP004114,False,none
S000786,2025-01-12,Books,0.758,2330,D009428,IP008734,False,none
S000787,2025-09-08,Fashion,0.942,105,D004079,IP001266,False,none
S000788,2025-07-18,Automotive Parts,0.795,2362,D006798,IP002908,False,none
S000789,2025-01-05,Beauty,0.869,107,D009984,IP001311,False,none
S000790,2025-02-04,Grocery,0.695,1950,D003491,IP002779,False,none
S000791,2025-06-15,Books,0.793,1048,D001015,IP005233,False,none
S000792,2025-09-21,Toys,0.951,192,D002317,IP003357,False,none
S000793,2025-10-29,Sports,0.778,2065,D002437,IP004205,False,none
S000794,2025-06-07,Fashion,0.931,1658,D000565,IP002310,False,none
S000795,2025-04-18,Electronics,0.617,2000,D005438,IP003527,True,triangulation
S000796,2025-12-20,Grocery,0.794,1128,D002775,IP004979,False,none
S000797,2025-06-17,Automotive Parts,0.833,835,D000970,IP002138,False,none
S000798,2025-04-26,Jewelry,1.0,1874,D001368,IP009362,False,none
S000799,2025-06-11,Beauty,0.733,648,D002733,IP008971,False,none
S000800,2025-01-05,Beauty,0.917,2436,D003692,IP008760,True,bust_out
S000801,2025-04-21,Beauty,0.956,2049,D009744,IP000014,False,none
S000802,2025-07-08,Grocery,0.778,2999,D007025,IP004951,False,none
S000803,2025-12-02,Books,0.253,11,D007147,IP007950,True,synthetic_identity
S000804,2025-09-27,Grocery,0.864,1757,D006920,IP003487,False,none
S000805,2025-10-13,Automotive Parts,0.702,1670,D008032,IP002315,False,none
S000806,2025-07-18,Beauty,0.804,2572,D003181,IP006116,False,none
S000807,2025-02-10,Books,0.978,1272,D000993,IP000024,False,none
S000808,2025-05-23,Sports,0.902,2809,D005085,IP006122,False,none
S000809,2025-12-30,Automotive Parts,0.834,718,D000013,IP004514,False,none
S000810,2025-01-17,Beauty,0.861,2562,D002167,IP006837,True,bust_out
S000811,2025-11-17,Fashion,0.908,1561,D007530,IP006828,True,bust_out
S000812,2025-09-07,Beauty,0.927,2831,D005029,IP005356,False,none
S000813,2025-04-14,Books,0.794,652,D006906,IP005837,False,none
S000814,2025-10-11,Automotive Parts,1.0,781,D005100,IP000267,False,none
S000815,2025-11-02,Jewelry,0.982,1693,D005427,IP009813,False,none
S000816,2025-01-16,Electronics,0.918,1655,D003012,IP000760,False,none
S000817,2025-02-08,Sports,0.766,447,D002185,IP009766,False,none
S000818,2025-08-31,Fashion,0.748,1954,D002594,IP009737,False,none
S000819,2025-12-31,Beauty,0.817,1217,D007980,IP007179,False,none
S000820,2025-01-09,Automotive Parts,0.856,454,D009795,IP007462,False,none
S000821,2025-08-31,Automotive Parts,0.673,1531,D000818,IP000299,False,none
S000822,2025-02-19,Fashion,0.899,2093,D005371,IP009482,False,none
S000823,2025-08-26,Fashion,0.979,96,D004704,IP005283,False,none
S000824,2025-08-16,Books,0.908,2761,D005620,IP003395,False,none
S000825,2025-02-03,Toys,0.782,1832,D002328,IP006698,False,none
S000826,2025-09-06,Toys,0.771,781,D000077,IP005349,False,none
S000827,2025-11-24,Jewelry,0.88,2251,D002033,IP003615,False,none
S000828,2025-11-12,Automotive Parts,0.835,2531,D001818,IP003219,False,none
S000829,2025-01-11,Automotive Parts,0.894,2868,D000523,IP001181,False,none
S000830,2025-03-31,Grocery,0.91,2371,D003566,IP009089,True,bust_out
S000831,2025-03-29,Automotive Parts,0.959,610,D006839,IP006658,False,none
S000832,2025-06-15,Grocery,0.737,491,D009659,IP002877,False,none
S000833,2025-02-22,Jewelry,0.872,626,D006572,IP007231,False,none
S000834,2025-11-08,Sports,0.814,2626,D001752,IP006938,False,none
S000835,2025-10-11,Electronics,0.84,915,D003621,IP001398,False,none
S000836,2025-10-23,Jewelry,0.936,991,D003032,IP001750,False,none
S000837,2025-03-14,Automotive Parts,0.947,2672,D002121,IP002308,False,none
S000838,2025-01-06,Beauty,0.99,613,D009901,IP001052,False,none
S000839,2025-11-29,Toys,0.893,1221,D006556,IP008229,False,none
S000840,2025-04-16,Sports,0.839,889,D004811,IP001556,False,none
S000841,2025-08-28,Books,0.825,906,D004367,IP008113,False,none
S000842,2025-11-28,Books,0.677,1787,D003184,IP005294,False,none
S000843,2025-01-14,Beauty,0.984,2223,D004167,IP001168,False,none
S000844,2025-01-02,Jewelry,0.818,796,D006343,IP008445,False,none
S000845,2025-01-02,Jewelry,0.901,114,D009282,IP001734,False,none
S000846,2025-02-27,Automotive Parts,0.918,1918,D004963,IP009992,False,none
S000847,2025-01-19,Sports,0.725,1646,D001849,IP000140,False,none
S000848,2025-10-27,Electronics,0.758,1977,D009574,IP006226,False,none
S000849,2025-08-10,Jewelry,1.0,1351,D003149,IP003136,False,none
S000850,2025-12-24,Electronics,0.879,2330,D000831,IP005336,False,none
S000851,2025-10-20,Fashion,0.792,1874,D005441,IP008396,False,none
S000852,2025-12-18,Home & Kitchen,0.837,2273,D007905,IP007868,False,none
S000853,2025-03-29,Fashion,0.959,2193,D002575,IP002814,False,none
S000854,2025-04-16,Grocery,0.943,1490,D002790,IP000637,False,none
S000855,2025-11-07,Toys,0.703,975,D002892,IP002836,False,none
S000856,2025-03-31,Home & Kitchen,1.0,1746,D008066,IP008093,False,none
S000857,2025-01-21,Electronics,0.947,1909,D009573,IP005153,False,none
S000858,2025-09-02,Home & Kitchen,0.835,1715,D008477,IP007583,False,none
S000859,2025-10-20,Books,0.731,1573,D002261,IP004947,False,none
S000860,2025-12-20,Grocery,0.955,1029,D008492,IP005295,False,none
S000861,2025-12-05,Home & Kitchen,0.898,402,D003096,IP000647,False,none
S000862,2025-02-13,Electronics,0.704,1283,D008666,IP000229,False,none
S000863,2025-10-09,Sports,0.827,2645,D009913,IP007033,False,none
S000864,2025-11-05,Grocery,1.0,2150,D007181,IP002021,False,none
S000865,2025-09-12,Electronics,0.852,2264,D009551,IP003606,False,none
S000866,2025-10-27,Grocery,0.776,2210,D001424,IP003697,False,none
S000867,2025-11-02,Fashion,0.749,2765,D006548,IP006331,False,none
S000868,2025-06-12,Home & Kitchen,1.0,679,D000519,IP009412,False,none
S000869,2025-01-15,Books,0.935,2161,D006522,IP007577,False,none
S000870,2025-06-16,Electronics,0.991,209,D003407,IP006384,False,none
S000871,2025-03-15,Beauty,0.875,735,D009699,IP008348,False,none
S000872,2025-02-11,Fashion,0.975,89,D004950,IP005100,False,none
S000873,2025-02-15,Home & Kitchen,0.765,1292,D007624,IP001453,False,none
S000874,2025-09-12,Grocery,0.866,423,D003026,IP004884,False,none
S000875,2025-07-04,Home & Kitchen,0.879,1161,D000748,IP009779,False,none
S000876,2025-07-17,Electronics,0.988,404,D007422,IP007799,False,none
S000877,2025-09-29,Home & Kitchen,0.882,108,D002217,IP003496,False,none
S000878,2025-07-20,Electronics,0.787,1433,D007224,IP003236,False,none
S000879,2025-08-18,Books,0.856,1232,D004646,IP009180,True,stolen_goods
S000880,2025-02-01,Automotive Parts,0.682,1251,D009719,IP000945,False,none
S000881,2025-11-07,Fashion,0.618,1037,D003526,IP009327,False,none
S000882,2025-06-13,Grocery,0.933,1228,D004005,IP006770,True,bust_out
S000883,2025-02-26,Beauty,0.813,12,D007405,IP008077,False,none
S000884,2025-10-24,Electronics,0.824,1434,D007857,IP003290,False,none
S000885,2025-09-26,Books,0.933,2541,D001257,IP006485,False,none
S000886,2025-01-20,Home & Kitchen,0.99,419,D007411,IP003255,False,none
S000887,2025-03-12,Sports,0.903,432,D004914,IP000172,True,bust_out
S000888,2025-01-06,Sports,1.0,2340,D009887,IP004547,False,none
S000889,2025-04-09,Sports,0.9,1503,D006310,IP009798,False,none
S000890,2025-02-06,Fashion,0.88,772,D007736,IP002427,False,none
S000891,2025-09-17,Home & Kitchen,0.874,2354,D003439,IP001620,False,none
S000892,2025-07-10,Grocery,0.721,975,D002835,IP009217,True,triangulation
S000893,2025-12-24,Automotive Parts,0.946,1813,D007850,IP009101,False,none
S000894,2025-10-01,Electronics,0.605,1668,D000152,IP008469,False,none
S000895,2025-08-12,Toys,0.791,508,D005804,IP009765,True,bust_out
S000896,2025-07-05,Jewelry,0.852,2265,D009681,IP009910,False,none
S000897,2025-01-20,Home & Kitchen,0.771,1855,D009911,IP009183,False,none
S000898,2025-01-26,Toys,0.805,626,D007160,IP009645,False,none
S000899,2025-08-13,Automotive Parts,1.0,2273,D004973,IP007445,False,none
S000900,2025-01-02,Automotive Parts,0.96,1861,D008126,IP003144,False,none
S000901,2025-01-16,Books,0.781,2564,D000146,IP004583,False,none
S000902,2025-03-21,Books,0.803,2460,D007932,IP003805,False,none
S000903,2025-11-19,Books,0.722,956,D001899,IP005094,False,none
S000904,2025-06-17,Home & Kitchen,0.92,2810,D007357,IP006982,False,none
S000905,2025-09-16,Jewelry,0.825,102,D003480,IP002417,False,none
S000906,2025-05-31,Electronics,0.653,1003,D007514,IP000158,False,none
S000907,2025-03-05,Electronics,0.86,1824,D006032,IP006027,False,none
S000908,2025-05-16,Books,0.894,1604,D009294,IP009938,False,none
S000909,2025-02-03,Jewelry,0.946,678,D007874,IP008618,False,none
S000910,2025-10-09,Jewelry,0.843,599,D009141,IP000108,False,none
S000911,2025-03-08,Books,0.813,2342,D001512,IP005987,False,none
S000912,2025-05-18,Beauty,1.0,2628,D003792,IP005314,False,none
S000913,2025-12-24,Beauty,0.851,2039,D004374,IP004249,False,none
S000914,2025-08-05,Toys,0.922,1591,D000309,IP006687,False,none
S000915,2025-06-17,Home & Kitchen,0.796,2319,D000227,IP004264,False,none
S000916,2025-07-18,Toys,0.919,720,D000386,IP009141,False,none
S000917,2025-10-14,Fashion,0.704,2902,D007672,IP009077,False,none
S000918,2025-04-03,Beauty,0.804,375,D004466,IP006441,False,none
S000919,2025-08-21,Automotive Parts,0.729,1754,D007517,IP004584,False,none
S000920,2025-11-15,Grocery,0.79,1023,D008349,IP005969,False,none
S000921,2025-07-28,Fashion,0.975,2713,D000361,IP009000,False,none
S000922,2025-06-12,Home & Kitchen,0.789,735,D008476,IP003003,False,none
S000923,2025-02-22,Home & Kitchen,0.922,1926,D002256,IP008686,False,none
S000924,2025-04-01,Home & Kitchen,1.0,469,D004043,IP005909,False,none
S000925,2025-12-12,Books,0.847,546,D009629,IP000635,False,none
S000926,2025-07-17,Jewelry,0.949,1249,D003016,IP007497,False,none
S000927,2025-04-20,Grocery,0.903,2398,D009398,IP002022,False,none
S000928,2025-06-02,Toys,0.862,835,D005066,IP005155,True,bust_out
S000929,2025-07-30,Fashion,0.925,2081,D000133,IP009504,False,none
S000930,2025-07-16,Fashion,1.0,1714,D008325,IP007796,False,none
S000931,2025-09-13,Jewelry,0.786,2933,D000443,IP006995,False,none
S000932,2025-04-04,Books,0.754,902,D006364,IP000696,True,account_takeover
S000933,2025-08-25,Sports,0.748,731,D004583,IP008591,False,none
S000934,2025-06-11,Sports,0.949,2707,D001398,IP003353,False,none
S000935,2025-12-10,Jewelry,0.963,1000,D005146,IP000501,False,none
S000936,2025-02-27,Jewelry,0.796,644,D003622,IP009598,False,none
S000937,2025-02-24,Electronics,0.636,2464,D000985,IP001907,False,none
S000938,2025-06-18,Beauty,0.783,2438,D005554,IP003234,False,none
S000939,2025-07-05,Electronics,0.905,189,D000438,IP001421,False,none
S000940,2025-09-10,Beauty,0.843,2568,D005382,IP006218,False,none
S000941,2025-05-28,Books,0.868,1899,D002260,IP008678,False,none
S000942,2025-11-30,Home & Kitchen,0.798,837,D008306,IP005198,False,none
S000943,2025-06-23,Fashion,0.951,1606,D009502,IP008693,False,none
S000944,2025-02-17,Toys,0.884,716,D009321,IP009366,False,none
S000945,2025-02-13,Sports,0.909,507,D009376,IP008725,False,none
S000946,2025-12-22,Grocery,0.866,397,D001004,IP001627,False,none
S000947,2025-02-18,Electronics,0.902,496,D005097,IP002060,False,none
S000948,2025-12-12,Home & Kitchen,0.896,1748,D002244,IP002993,False,none
S000949,2025-04-12,Grocery,0.757,2430,D000967,IP006381,False,none
S000950,2025-02-04,Books,0.887,1459,D003921,IP008623,False,none
S000951,2025-04-22,Jewelry,0.929,47,D004293,IP003128,False,none
S000952,2025-08-13,Jewelry,0.966,1286,D002963,IP006662,False,none
S000953,2025-06-06,Jewelry,0.892,2240,D001141,IP001872,False,none
S000954,2025-10-14,Sports,0.371,2506,D004082,IP005430,True,collusion
S000955,2025-08-12,Automotive Parts,0.769,2198,D001553,IP007797,False,none
S000956,2025-05-27,Toys,0.806,1108,D000407,IP003949,True,bust_out
S000957,2025-08-20,Automotive Parts,0.869,1949,D004513,IP001631,False,none
S000958,2025-12-21,Beauty,0.838,206,D000660,IP004113,False,none
S000959,2025-05-31,Toys,0.738,1229,D009659,IP007621,False,none
S000960,2025-02-26,Books,0.737,1610,D008383,IP009349,False,none
S000961,2025-05-30,Beauty,0.64,85,D009258,IP006161,False,none
S000962,2025-11-03,Fashion,0.538,44,D001025,IP006710,False,none
S000963,2025-03-21,Jewelry,0.837,2405,D004649,IP004193,False,none
S000964,2025-12-13,Toys,1.0,661,D008240,IP009290,False,none
S000965,2025-08-03,Automotive Parts,1.0,377,D005755,IP008699,False,none
S000966,2025-08-08,Beauty,0.752,1776,D003065,IP009721,False,none
S000967,2025-04-26,Automotive Parts,0.865,843,D008315,IP008633,False,none
S000968,2025-12-02,Books,0.704,2938,D003092,IP005470,False,none
S000969,2025-01-14,Grocery,0.719,2840,D009738,IP009604,True,triangulation
S000970,2025-04-20,Grocery,0.73,2472,D001007,IP006098,False,none
S000971,2025-06-02,Home & Kitchen,0.827,906,D007059,IP006015,False,none
S000972,2025-06-24,Jewelry,0.832,2626,D000132,IP006563,False,none
S000973,2025-06-23,Automotive Parts,0.875,766,D009142,IP001858,False,none
S000974,2025-02-23,Books,0.916,719,D003552,IP008391,False,none
S000975,2025-03-24,Automotive Parts,0.816,2920,D000203,IP003627,False,none
S000976,2025-02-04,Jewelry,0.854,2022,D008353,IP006590,False,none
S000977,2025-07-28,Books,0.741,258,D009674,IP008442,False,none
S000978,2025-05-09,Toys,0.716,2659,D009199,IP001146,True,bust_out
S000979,2025-07-26,Jewelry,0.7,482,D004857,IP003008,False,none
S000980,2025-08-04,Fashion,0.915,2044,D000615,IP009424,False,none
S000981,2025-09-14,Sports,0.816,1315,D002277,IP003610,False,none
S000982,2025-07-19,Jewelry,0.663,53,D000309,IP006609,False,none
S000983,2025-08-25,Automotive Parts,0.844,2363,D000443,IP005616,False,none
S000984,2025-08-03,Home & Kitchen,0.725,2060,D001588,IP008699,False,none
S000985,2025-08-27,Electronics,1.0,2653,D005631,IP005103,False,none
S000986,2025-08-14,Beauty,0.792,1835,D007662,IP004247,False,none
S000987,2025-04-26,Jewelry,0.918,2267,D005848,IP000164,False,none
S000988,2025-03-31,Sports,0.959,2718,D002048,IP004747,False,none
S000989,2025-10-15,Electronics,0.755,2928,D006017,IP005851,False,none
S000990,2025-05-06,Fashion,0.858,1682,D002308,IP006888,False,none
S000991,2025-07-20,Beauty,0.905,51,D004610,IP007801,False,none
S000992,2025-03-13,Beauty,0.862,1038,D008889,IP007764,False,none
S000993,2025-06-07,Fashion,0.886,1858,D001345,IP004592,False,none
S000994,2025-07-13,Toys,0.717,329,D008749,IP000784,False,none
S000995,2025-08-17,Toys,0.905,349,D002709,IP002543,False,none
S000996,2025-07-12,Fashion,0.801,1185,D006702,IP004073,False,none
S000997,2025-05-12,Home & Kitchen,0.885,2731,D002612,IP009789,False,none
S000998,2025-12-18,Books,0.942,965,D001640,IP007698,False,none
S000999,2025-07-07,Automotive Parts,0.917,2805,D004504,IP008945,False,none
S001000,2025-10-23,Automotive Parts,0.885,2409,D003811,IP009922,False,none
S001001,2025-09-26,Sports,0.914,909,D005074,IP001331,False,none
S001002,2025-07-23,Electronics,0.919,693,D002361,IP000116,False,none
S001003,2025-11-20,Jewelry,1.0,2483,D009783,IP005739,False,none
S001004,2025-02-16,Automotive Parts,0.847,2268,D006718,IP002648,False,none
S001005,2025-12-03,Home & Kitchen,0.866,1891,D008406,IP008688,False,none
S001006,2025-11-07,Toys,0.943,2934,D007799,IP004648,False,none
S001007,2025-07-03,Electronics,0.801,302,D007241,IP000093,False,none
S001008,2025-09-25,Jewelry,0.716,1157,D001421,IP002229,False,none
S001009,2025-07-09,Grocery,0.899,1808,D005880,IP003415,False,none
S001010,2025-04-09,Electronics,0.829,216,D008979,IP000269,True,stolen_goods
S001011,2025-10-19,Grocery,0.729,2928,D000961,IP003173,False,none
S001012,2025-03-31,Toys,0.9,1715,D004628,IP005395,True,account_takeover
S001013,2025-04-25,Sports,0.993,924,D001843,IP008932,True,triangulation
S001014,2025-07-09,Home & Kitchen,0.687,718,D007950,IP006493,False,none
S001015,2025-11-02,Jewelry,0.952,4,D009313,IP000932,False,none
S001016,2025-05-21,Toys,0.596,1778,D000516,IP004160,False,none
S001017,2025-06-30,Jewelry,0.81,2930,D008013,IP007686,False,none
S001018,2025-01-16,Fashion,1.0,109,D003605,IP003698,False,none
S001019,2025-02-12,Sports,0.817,1242,D009638,IP005631,False,none
S001020,2025-01-21,Beauty,0.859,1986,D000147,IP009856,False,none
S001021,2025-01-27,Automotive Parts,0.926,1293,D001914,IP001378,False,none
S001022,2025-11-14,Sports,0.678,1953,D007184,IP004775,False,none
S001023,2025-11-04,Grocery,0.857,2138,D007784,IP006096,False,none
S001024,2025-10-27,Electronics,0.856,2896,D000794,IP007980,False,none
S001025,2025-01-21,Books,1.0,1813,D001600,IP008368,False,none
S001026,2025-01-29,Fashion,0.726,2129,D003382,IP002871,False,none
S001027,2025-04-13,Beauty,0.812,906,D000348,IP004668,False,none
S001028,2025-07-26,Home & Kitchen,0.757,453,D007817,IP008301,False,none
S001029,2025-05-02,Electronics,0.747,300,D006696,IP008389,False,none
S001030,2025-06-27,Sports,0.963,328,D007489,IP008236,False,none
S001031,2025-03-05,Home & Kitchen,0.853,2482,D004696,IP006676,False,none
S001032,2025-09-24,Sports,0.794,122,D006402,IP002677,False,none
S001033,2025-04-25,Grocery,0.798,1450,D005727,IP003682,False,none
S001034,2025-01-25,Fashion,0.794,1840,D006940,IP006558,False,none
S001035,2025-09-29,Grocery,0.803,2017,D004505,IP002543,False,none
S001036,2025-11-26,Home & Kitchen,0.724,198,D006512,IP006820,False,none
S001037,2025-01-06,Beauty,0.824,2581,D006453,IP005150,False,none
S001038,2025-06-09,Sports,0.814,1312,D006412,IP004426,False,none
S001039,2025-10-29,Books,0.774,54,D008724,IP003554,False,none
S001040,2025-09-15,Books,0.866,399,D003496,IP007737,False,none
S001041,2025-11-09,Fashion,0.874,2578,D008789,IP004654,False,none
S001042,2025-06-01,Sports,0.794,2829,D000281,IP003068,False,none
S001043,2025-05-16,Home & Kitchen,0.836,2255,D004861,IP003839,False,none
S001044,2025-09-16,Home & Kitchen,1.0,1000,D004418,IP004842,False,none
S001045,2025-02-26,Automotive Parts,1.0,2840,D008680,IP006175,False,none
S001046,2025-03-29,Fashion,0.745,827,D000454,IP009901,False,none
S001047,2025-08-08,Toys,0.432,13,D002167,IP003404,True,synthetic_identity
S001048,2025-09-01,Toys,0.744,2295,D004688,IP001786,False,none
S001049,2025-02-13,Home & Kitchen,0.956,967,D008154,IP009779,False,none
S001050,2025-07-05,Grocery,0.81,1560,D004640,IP001477,False,none
S001051,2025-05-14,Toys,0.874,1984,D006389,IP009037,False,none
S001052,2025-07-03,Grocery,1.0,499,D001787,IP001421,False,none
S001053,2025-12-16,Beauty,0.849,2777,D009432,IP003638,False,none
S001054,2025-01-28,Jewelry,0.921,499,D007842,IP009981,False,none
S001055,2025-12-30,Grocery,0.902,2978,D000429,IP001656,False,none
S001056,2025-06-14,Beauty,0.791,832,D007042,IP001599,False,none
S001057,2025-10-09,Automotive Parts,0.956,1250,D001294,IP006091,True,bust_out
S001058,2025-06-04,Jewelry,0.765,760,D005595,IP001902,False,none
S001059,2025-04-24,Sports,0.984,1618,D007084,IP000243,False,none
S001060,2025-10-09,Electronics,0.791,3,D009259,IP006947,False,none
S001061,2025-09-08,Sports,0.802,512,D000705,IP009593,False,none
S001062,2025-02-22,Books,0.741,1558,D002871,IP007594,False,none
S001063,2025-09-15,Beauty,0.758,2082,D006903,IP009642,False,none
S001064,2025-10-02,Fashion,0.807,2888,D002620,IP005270,True,triangulation
S001065,2025-05-22,Sports,0.607,2512,D007125,IP006140,False,none
S001066,2025-12-04,Jewelry,0.827,2765,D001834,IP009826,False,none
S001067,2025-08-22,Beauty,0.799,2396,D001635,IP005037,False,none
S001068,2025-05-02,Toys,0.929,2329,D005444,IP000389,False,none
S001069,2025-01-04,Electronics,0.892,1038,D006891,IP002388,False,none
S001070,2025-09-04,Grocery,0.779,2715,D002053,IP006208,False,none
S001071,2025-03-18,Jewelry,0.804,2889,D008739,IP008573,False,none
S001072,2025-10-04,Grocery,0.827,1541,D008688,IP006064,False,none
S001073,2025-07-11,Toys,0.999,361,D000812,IP004056,False,none
S001074,2025-06-20,Electronics,0.768,128,D003043,IP003212,False,none
S001075,2025-03-01,Toys,0.778,1482,D005561,IP006832,False,none
S001076,2025-09-17,Automotive Parts,0.737,1904,D004909,IP008994,False,none
S001077,2025-03-02,Electronics,0.702,1664,D002549,IP002780,False,none
S001078,2025-06-02,Home & Kitchen,0.881,2688,D005295,IP005528,False,none
S001079,2025-11-02,Jewelry,0.87,1610,D009627,IP004274,False,none
S001080,2025-12-02,Sports,0.978,1983,D003076,IP002463,False,none
S001081,2025-12-28,Fashion,0.954,2273,D002190,IP004052,False,none
S001082,2025-12-16,Electronics,1.0,2684,D007384,IP000883,False,none
S001083,2025-07-22,Toys,0.843,1829,D005706,IP005301,False,none
S001084,2025-03-15,Sports,0.824,1672,D006920,IP001071,False,none
S001085,2025-11-03,Jewelry,0.72,232,D006463,IP004740,False,none
S001086,2025-10-20,Jewelry,0.92,1927,D007608,IP008973,False,none
S001087,2025-12-28,Toys,0.862,540,D007292,IP001457,False,none
S001088,2025-08-26,Toys,0.915,1106,D006059,IP002503,False,none
S001089,2025-02-21,Automotive Parts,0.736,1597,D004544,IP007210,False,none
S001090,2025-07-03,Grocery,0.885,248,D004601,IP009070,False,none
S001091,2025-06-13,Home & Kitchen,0.871,2083,D002653,IP009555,False,none
S001092,2025-11-04,Books,0.864,842,D004489,IP001201,False,none
S001093,2025-05-24,Grocery,0.782,1543,D006050,IP002391,False,none
S001094,2025-04-30,Home & Kitchen,0.969,1051,D007165,IP009839,False,none
S001095,2025-01-30,Automotive Parts,0.329,5,D007729,IP005056,True,synthetic_identity
S001096,2025-11-01,Home & Kitchen,0.739,1181,D003770,IP008333,False,none
S001097,2025-10-03,Sports,0.922,154,D007329,IP000144,False,none
S001098,2025-01-16,Toys,0.562,586,D004372,IP001162,True,stolen_goods
S001099,2025-06-08,Books,0.917,2357,D003583,IP002043,False,none
S001100,2025-06-25,Automotive Parts,0.663,366,D001636,IP000860,False,none
S001101,2025-06-21,Beauty,0.798,1492,D002658,IP008908,False,none
S001102,2025-12-02,Beauty,0.719,420,D006796,IP008034,False,none
S001103,2025-02-24,Grocery,0.828,1616,D002164,IP003903,False,none
S001104,2025-04-22,Automotive Parts,0.934,1931,D000769,IP000780,True,bust_out
S001105,2025-03-08,Automotive Parts,0.664,1407,D002719,IP001061,False,none
S001106,2025-03-31,Grocery,0.814,2314,D009905,IP002621,False,none
S001107,2025-11-28,Grocery,0.799,796,D001497,IP007270,False,none
S001108,2025-12-10,Grocery,1.0,1674,D001437,IP008012,False,none
S001109,2025-01-17,Automotive Parts,0.893,829,D004031,IP005393,False,none
S001110,2025-08-19,Electronics,0.732,1527,D003829,IP009075,False,none
S001111,2025-03-26,Sports,0.803,191,D009203,IP009281,False,none
S001112,2025-03-12,Electronics,1.0,807,D002377,IP007676,False,none
S001113,2025-04-17,Sports,0.921,2123,D004172,IP000787,False,none
S001114,2025-03-12,Beauty,0.758,2334,D002906,IP008898,False,none
S001115,2025-06-28,Beauty,0.823,816,D002498,IP009083,False,none
S001116,2025-12-30,Jewelry,0.826,775,D003224,IP005598,False,none
S001117,2025-08-03,Grocery,0.796,896,D002571,IP005991,False,none
S001118,2025-09-21,Sports,0.679,838,D007183,IP007796,False,none
S001119,2025-06-30,Jewelry,0.782,2980,D007901,IP005923,True,stolen_goods
S001120,2025-01-06,Electronics,0.989,1953,D001767,IP003441,False,none
S001121,2025-01-31,Books,0.812,1158,D004959,IP006969,False,none
S001122,2025-04-09,Fashion,0.84,1386,D002638,IP007852,False,none
S001123,2025-03-30,Home & Kitchen,0.864,1532,D008675,IP001415,False,none
S001124,2025-11-03,Fashion,1.0,1659,D001012,IP006797,False,none
S001125,2025-11-04,Sports,0.851,1160,D004091,IP001732,False,none
S001126,2025-11-08,Books,0.959,2923,D003314,IP005748,False,none
S001127,2025-08-21,Grocery,0.79,871,D003634,IP001078,False,none
S001128,2025-07-23,Toys,0.824,1282,D009412,IP009923,False,none
S001129,2025-08-25,Automotive Parts,0.851,18,D005407,IP006678,False,none
S001130,2025-05-29,Beauty,0.773,1475,D003801,IP004697,False,none
S001131,2025-09-02,Fashion,0.83,2564,D008079,IP005038,True,triangulation
S001132,2025-10-17,Electronics,0.939,2991,D007773,IP006192,False,none
S001133,2025-10-06,Fashion,0.77,1419,D001448,IP001246,False,none
S001134,2025-08-13,Toys,0.85,419,D004617,IP005099,False,none
S001135,2025-01-22,Toys,0.921,2159,D004120,IP007158,False,none
S001136,2025-09-22,Jewelry,0.768,1922,D004495,IP002605,False,none
S001137,2025-05-14,Fashion,0.96,2876,D003489,IP004793,False,none
S001138,2025-09-29,Home & Kitchen,0.857,1515,D008239,IP003303,False,none
S001139,2025-07-16,Automotive Parts,0.833,9,D009959,IP001610,False,none
S001140,2025-11-18,Electronics,0.649,2702,D000268,IP009787,False,none
S001141,2025-05-04,Toys,0.813,2025,D008566,IP005927,False,none
S001142,2025-12-06,Fashion,0.887,2400,D008648,IP003921,False,none
S001143,2025-11-05,Sports,1.0,356,D003655,IP003382,False,none
S001144,2025-05-01,Automotive Parts,0.907,1372,D004852,IP006794,False,none
S001145,2025-06-26,Home & Kitchen,0.963,1374,D001020,IP001082,False,none
S001146,2025-07-13,Beauty,0.729,803,D003511,IP005670,False,none
S001147,2025-10-08,Toys,0.837,2540,D002382,IP002302,False,none
S001148,2025-09-09,Grocery,0.972,564,D009068,IP008898,False,none
S001149,2025-11-07,Automotive Parts,0.761,215,D001070,IP007842,False,none
S001150,2025-05-16,Electronics,0.947,703,D003398,IP007576,False,none
S001151,2025-07-04,Toys,0.923,2968,D004809,IP001458,False,none
S001152,2025-06-07,Grocery,0.877,341,D009776,IP000806,False,none
S001153,2025-11-28,Electronics,0.817,1742,D008173,IP004584,False,none
S001154,2025-04-22,Jewelry,0.751,550,D009363,IP003554,False,none
S001155,2025-08-03,Home & Kitchen,1.0,1185,D003101,IP007242,False,none
S001156,2025-02-13,Sports,0.913,1655,D002679,IP007119,False,none
S001157,2025-11-07,Automotive Parts,0.884,59,D005713,IP003972,False,none
S001158,2025-05-21,Books,0.809,724,D003406,IP001613,False,none
S001159,2025-05-05,Automotive Parts,0.854,1760,D000158,IP003242,False,none
S001160,2025-08-01,Books,0.866,44,D008121,IP005034,False,none
S001161,2025-07-02,Home & Kitchen,0.89,1485,D000948,IP002535,False,none
S001162,2025-11-06,Books,0.923,1811,D001956,IP003177,False,none
S001163,2025-07-13,Books,0.772,646,D009432,IP002407,False,none
S001164,2025-07-08,Beauty,0.703,487,D007319,IP000647,False,none
S001165,2025-02-08,Electronics,0.858,1471,D006424,IP006012,False,none
S001166,2025-01-09,Books,0.675,2156,D001291,IP009971,False,none
S001167,2025-05-26,Sports,0.818,39,D002507,IP009519,False,none
S001168,2025-12-31,Grocery,0.799,1014,D002056,IP009293,False,none
S001169,2025-12-01,Fashion,0.899,2998,D006413,IP006589,False,none
S001170,2025-08-18,Sports,1.0,1007,D005005,IP007475,False,none
S001171,2025-08-19,Jewelry,0.656,997,D003605,IP000642,False,none
S001172,2025-05-23,Jewelry,1.0,2213,D007458,IP002010,False,none
S001173,2025-03-06,Automotive Parts,0.827,1441,D007779,IP007061,False,none
S001174,2025-01-04,Home & Kitchen,0.885,1174,D007394,IP009885,False,none
S001175,2025-05-04,Fashion,0.709,2354,D001057,IP009082,False,none
S001176,2025-04-26,Sports,0.95,93,D006089,IP006307,False,none
S001177,2025-03-11,Toys,0.854,2138,D002100,IP001089,False,none
S001178,2025-04-05,Home & Kitchen,0.844,1142,D002721,IP009660,False,none
S001179,2025-01-10,Fashion,0.656,2665,D009783,IP003179,False,none
S001180,2025-08-10,Fashion,0.857,2175,D004153,IP000425,False,none
S001181,2025-12-05,Beauty,0.935,2824,D007875,IP007682,False,none
S001182,2025-09-10,Grocery,0.826,387,D002462,IP001734,False,none
S001183,2025-06-13,Electronics,0.967,568,D009723,IP003016,False,none
S001184,2025-06-03,Fashion,0.963,2709,D002770,IP006772,False,none
S001185,2025-04-23,Home & Kitchen,0.786,1171,D001819,IP009653,False,none
S001186,2025-02-21,Jewelry,1.0,2446,D003232,IP009071,False,none
S001187,2025-08-07,Automotive Parts,0.855,2060,D001734,IP001636,True,stolen_goods
S001188,2025-07-26,Toys,0.855,1499,D005988,IP001757,False,none
S001189,2025-01-03,Electronics,0.86,136,D001440,IP008090,False,none
S001190,2025-06-01,Electronics,0.857,222,D002075,IP003170,False,none
S001191,2025-04-12,Jewelry,0.587,2151,D007021,IP000779,False,none
S001192,2025-03-04,Toys,0.831,292,D000425,IP005881,False,none
S001193,2025-09-14,Electronics,0.714,15,D004404,IP006570,False,none
S001194,2025-07-11,Jewelry,1.0,659,D006924,IP009996,False,none
S001195,2025-08-20,Sports,1.0,2742,D004454,IP004863,False,none
S001196,2025-09-18,Beauty,0.935,1879,D000218,IP007996,False,none
S001197,2025-12-25,Toys,0.826,2154,D001580,IP005343,False,none
S001198,2025-10-21,Home & Kitchen,0.749,1956,D009707,IP009235,False,none
S001199,2025-08-15,Automotive Parts,0.784,1696,D007721,IP004873,False,none
S001200,2025-11-17,Grocery,1.0,769,D003502,IP006750,False,none
S001201,2025-06-24,Fashion,0.781,1287,D008736,IP009632,False,none
S001202,2025-12-26,Grocery,0.614,1634,D000065,IP008773,False,none
S001203,2025-10-05,Fashion,0.953,2964,D000473,IP004010,False,none
S001204,2025-08-26,Toys,1.0,2697,D008845,IP005070,False,none
S001205,2025-11-26,Grocery,1.0,2209,D006742,IP005927,False,none
S001206,2025-07-08,Electronics,0.954,2440,D005998,IP001241,False,none
S001207,2025-09-21,Grocery,0.97,2422,D003445,IP002334,False,none
S001208,2025-04-14,Home & Kitchen,0.855,2003,D008173,IP007095,False,none
S001209,2025-12-18,Books,0.642,2476,D006081,IP000716,False,none
S001210,2025-08-16,Toys,0.853,220,D004350,IP006014,False,none
S001211,2025-10-13,Electronics,0.912,66,D003805,IP004848,False,none
S001212,2025-06-18,Grocery,0.663,1333,D003541,IP004853,True,collusion
S001213,2025-11-13,Home & Kitchen,0.832,164,D005753,IP008459,False,none
S001214,2025-01-28,Automotive Parts,0.754,1018,D006551,IP002749,False,none
S001215,2025-02-11,Jewelry,0.75,595,D008047,IP007908,False,none
S001216,2025-07-05,Fashion,1.0,2873,D004060,IP007842,False,none
S001217,2025-09-25,Books,1.0,1965,D002538,IP009925,False,none
S001218,2025-10-23,Beauty,0.85,126,D005562,IP008204,True,bust_out
S001219,2025-06-10,Books,0.878,1872,D005834,IP005069,False,none
S001220,2025-08-26,Sports,0.752,2197,D002778,IP003641,False,none
S001221,2025-07-21,Home & Kitchen,0.914,976,D000732,IP007810,False,none
S001222,2025-12-17,Books,1.0,2648,D003326,IP009277,False,none
S001223,2025-08-27,Home & Kitchen,0.697,2919,D000705,IP002808,False,none
S001224,2025-06-02,Automotive Parts,0.896,2942,D000821,IP003697,False,none
S001225,2025-12-20,Automotive Parts,0.904,280,D009659,IP004970,False,none
S001226,2025-02-09,Fashion,0.903,1347,D007813,IP001075,True,stolen_goods
S001227,2025-12-26,Grocery,1.0,2330,D000354,IP003142,False,none
S001228,2025-02-26,Automotive Parts,1.0,1328,D003488,IP001665,False,none
S001229,2025-04-16,Fashion,0.827,1443,D002546,IP007723,False,none
S001230,2025-10-27,Grocery,0.917,985,D009749,IP004945,True,bust_out
S001231,2025-09-25,Automotive Parts,0.858,1257,D004376,IP006037,False,none
S001232,2025-12-21,Home & Kitchen,0.787,2083,D002597,IP000798,False,none
S001233,2025-10-01,Sports,0.877,77,D006347,IP005734,False,none
S001234,2025-08-21,Grocery,0.917,2398,D004750,IP007184,False,none
S001235,2025-05-07,Beauty,0.872,2183,D001873,IP006893,True,triangulation
S001236,2025-01-02,Home & Kitchen,0.762,416,D003055,IP007950,False,none
S001237,2025-02-15,Beauty,0.804,2314,D001273,IP001140,False,none
S001238,2025-04-19,Beauty,0.804,1564,D006939,IP005494,False,none
S001239,2025-01-15,Grocery,0.766,957,D009706,IP004821,False,none
S001240,2025-07-05,Beauty,0.881,1366,D008083,IP008933,False,none
S001241,2025-10-11,Beauty,0.892,1551,D003753,IP006905,False,none
S001242,2025-12-18,Automotive Parts,0.948,632,D004870,IP009542,False,none
S001243,2025-06-28,Sports,0.764,1819,D000608,IP000253,False,none
S001244,2025-11-16,Automotive Parts,0.792,1888,D003669,IP004475,False,none
S001245,2025-12-26,Grocery,1.0,1103,D000320,IP007033,False,none
S001246,2025-11-10,Jewelry,0.834,1382,D007447,IP000891,False,none
S001247,2025-06-19,Fashion,0.853,1847,D009092,IP006512,False,none
S001248,2025-04-29,Automotive Parts,0.832,1511,D001914,IP002312,False,none
S001249,2025-12-23,Automotive Parts,0.963,1302,D006739,IP000743,False,none
S001250,2025-03-30,Electronics,0.967,2868,D005994,IP006576,False,none
S001251,2025-05-31,Beauty,0.961,2634,D004178,IP004264,False,none
S001252,2025-01-28,Toys,0.853,1139,D007336,IP004057,False,none
S001253,2025-10-17,Toys,0.763,2155,D006797,IP003254,False,none
S001254,2025-08-26,Grocery,1.0,2430,D002692,IP006850,False,none
S001255,2025-01-31,Books,0.936,332,D007984,IP006187,False,none
S001256,2025-03-23,Home & Kitchen,0.804,1775,D006556,IP006667,False,none
S001257,2025-07-22,Books,0.992,2399,D003124,IP007877,False,none
S001258,2025-07-17,Automotive Parts,0.796,173,D007352,IP006053,True,bust_out
S001259,2025-10-20,Toys,0.991,1013,D006406,IP000748,False,none
S001260,2025-04-08,Automotive Parts,0.578,2393,D001174,IP001578,True,collusion
S001261,2025-12-04,Books,0.758,2806,D001663,IP009915,False,none
S001262,2025-06-12,Automotive Parts,0.908,2977,D003239,IP002859,False,none
S001263,2025-10-28,Automotive Parts,0.928,1810,D000443,IP004276,False,none
S001264,2025-03-29,Electronics,1.0,128,D004063,IP003778,False,none
S001265,2025-01-14,Jewelry,0.776,83,D004615,IP009902,False,none
S001266,2025-01-21,Fashion,0.993,2433,D007759,IP008244,False,none
S001267,2025-05-17,Jewelry,0.852,2203,D001714,IP004834,False,none
S001268,2025-12-14,Jewelry,0.726,582,D005675,IP006822,False,none
S001269,2025-01-18,Home & Kitchen,0.838,393,D006646,IP005515,False,none
S001270,2025-05-15,Electronics,0.85,438,D004495,IP006449,True,bust_out
S001271,2025-02-09,Toys,0.744,2631,D009073,IP009539,True,stolen_goods
S001272,2025-12-07,Beauty,0.881,2294,D003187,IP006721,False,none
S001273,2025-09-04,Sports,0.946,2845,D004079,IP001128,False,none
S001274,2025-10-06,Electronics,0.874,341,D000040,IP005032,False,none
S001275,2025-09-18,Electronics,0.796,2086,D004107,IP008197,False,none
S001276,2025-08-28,Toys,0.835,2771,D000202,IP000396,False,none
S001277,2025-10-10,Grocery,0.85,1599,D009838,IP003570,False,none
S001278,2025-01-03,Beauty,0.872,2322,D002404,IP002011,False,none
S001279,2025-11-12,Beauty,0.961,1806,D008121,IP007210,True,stolen_goods
S001280,2025-09-28,Fashion,0.877,22,D001166,IP001403,False,none
S001281,2025-09-27,Home & Kitchen,0.71,1287,D002742,IP006240,False,none
S001282,2025-05-24,Home & Kitchen,0.794,784,D001195,IP000639,True,bust_out
S001283,2025-10-20,Home & Kitchen,0.867,251,D003687,IP009239,False,none
S001284,2025-05-20,Beauty,0.962,1787,D006027,IP003194,False,none
S001285,2025-01-18,Home & Kitchen,0.98,2786,D004198,IP004076,True,bust_out
S001286,2025-11-28,Books,1.0,162,D006054,IP007877,True,stolen_goods
S001287,2025-03-27,Beauty,0.863,988,D008063,IP003796,False,none
S001288,2025-02-07,Grocery,0.926,2009,D000447,IP001151,False,none
S001289,2025-08-15,Books,0.705,939,D004243,IP009048,False,none
S001290,2025-03-27,Books,0.893,350,D005939,IP001114,False,none
S001291,2025-11-10,Sports,0.742,574,D005234,IP004970,False,none
S001292,2025-06-11,Automotive Parts,0.844,74,D001458,IP001242,False,none
S001293,2025-01-02,Home & Kitchen,1.0,2977,D002066,IP006978,False,none
S001294,2025-12-14,Automotive Parts,0.88,1474,D003772,IP002698,False,none
S001295,2025-07-07,Home & Kitchen,0.764,2827,D006513,IP009323,False,none
S001296,2025-04-06,Fashion,0.891,2057,D009896,IP002022,False,none
S001297,2025-09-05,Jewelry,0.798,1048,D003684,IP006697,False,none
S001298,2025-07-13,Jewelry,0.754,2827,D005220,IP000139,False,none
S001299,2025-01-11,Electronics,1.0,780,D003064,IP001131,False,none
S001300,2025-10-05,Sports,0.957,542,D000341,IP002765,False,none
S001301,2025-05-27,Sports,0.885,2416,D003983,IP008838,False,none
S001302,2025-09-13,Home & Kitchen,0.811,1660,D003476,IP009962,False,none
S001303,2025-11-23,Sports,0.819,1268,D001505,IP006135,False,none
S001304,2025-08-11,Books,1.0,1764,D006708,IP003364,False,none
S001305,2025-09-03,Sports,0.881,2903,D002584,IP003121,False,none
S001306,2025-04-03,Sports,0.542,841,D002245,IP002112,False,none
S001307,2025-03-28,Jewelry,1.0,2703,D003892,IP003405,False,none
S001308,2025-06-01,Home & Kitchen,0.868,2732,D009644,IP004957,True,bust_out
S001309,2025-11-08,Books,0.884,2278,D006363,IP006852,False,none
S001310,2025-07-11,Beauty,0.959,472,D004252,IP002293,False,none
S001311,2025-05-08,Automotive Parts,0.897,270,D008206,IP000357,False,none
S001312,2025-10-12,Home & Kitchen,0.925,362,D000210,IP005596,False,none
S001313,2025-11-08,Jewelry,0.808,2106,D003368,IP002427,False,none
S001314,2025-11-26,Books,0.727,1200,D005405,IP004006,False,none
S001315,2025-04-20,Home & Kitchen,0.878,2961,D004886,IP007117,False,none
S001316,2025-09-17,Grocery,0.993,19,D006761,IP008968,False,none
S001317,2025-08-04,Home & Kitchen,0.785,1120,D007017,IP005343,False,none
S001318,2025-06-13,Home & Kitchen,0.777,793,D004559,IP009279,False,none
S001319,2025-05-25,Beauty,0.972,2644,D009296,IP002690,False,none
S001320,2025-02-11,Books,0.804,364,D009281,IP007130,False,none
S001321,2025-04-11,Beauty,0.809,1225,D004751,IP009796,False,none
S001322,2025-07-20,Sports,0.813,2600,D009019,IP002156,False,none
S001323,2025-11-20,Sports,0.844,2914,D006408,IP007383,False,none
S001324,2025-11-13,Fashion,0.693,2749,D001389,IP004738,False,none
S001325,2025-03-10,Home & Kitchen,0.796,1961,D001195,IP008807,False,none
S001326,2025-09-05,Beauty,0.873,489,D000799,IP003054,False,none
S001327,2025-01-31,Home & Kitchen,0.872,290,D002117,IP009605,False,none
S001328,2025-09-04,Automotive Parts,0.966,1233,D003123,IP007982,True,bust_out
S001329,2025-05-05,Beauty,1.0,1437,D000691,IP007050,False,none
S001330,2025-06-14,Toys,1.0,1542,D006081,IP000291,False,none
S001331,2025-09-19,Books,0.941,150,D004112,IP000826,False,none
S001332,2025-06-05,Grocery,0.835,2026,D006015,IP006624,False,none
S001333,2025-10-22,Books,0.788,1185,D005030,IP004789,False,none
S001334,2025-07-14,Sports,0.852,327,D002716,IP003232,False,none
S001335,2025-12-31,Automotive Parts,0.909,2746,D006149,IP008419,False,none
S001336,2025-08-21,Jewelry,0.932,1071,D009511,IP004810,False,none
S001337,2025-04-19,Home & Kitchen,0.912,697,D003167,IP004589,False,none
S001338,2025-10-10,Fashion,0.838,1477,D003073,IP003229,False,none
S001339,2025-05-29,Beauty,0.929,2851,D005161,IP009816,False,none
S001340,2025-07-14,Jewelry,0.976,2474,D008041,IP003647,False,none
S001341,2025-02-19,Automotive Parts,0.938,300,D005314,IP002595,False,none
S001342,2025-02-13,Grocery,0.847,2060,D008319,IP006743,False,none
S001343,2025-07-29,Books,0.767,1994,D000740,IP000340,False,none
S001344,2025-03-10,Home & Kitchen,0.764,2658,D000984,IP005954,True,stolen_goods
S001345,2025-12-31,Sports,0.782,2897,D004063,IP005646,False,none
S001346,2025-11-09,Fashion,0.876,2237,D002325,IP002440,False,none
S001347,2025-09-13,Sports,0.902,1962,D000232,IP007690,False,none
S001348,2025-09-26,Fashion,0.709,1061,D002151,IP000436,False,none
S001349,2025-08-06,Electronics,0.8,2697,D002711,IP009816,False,none
S001350,2025-01-23,Automotive Parts,0.874,2829,D009196,IP008560,False,none
S001351,2025-05-24,Jewelry,0.76,2973,D007822,IP001753,False,none
S001352,2025-06-30,Books,0.893,2863,D003511,IP004923,False,none
S001353,2025-12-01,Books,0.819,1925,D009580,IP001969,False,none
S001354,2025-03-22,Home & Kitchen,0.778,2868,D008364,IP006187,False,none
S001355,2025-07-01,Sports,0.855,2347,D002506,IP003524,False,none
S001356,2025-05-06,Grocery,0.889,721,D004780,IP004884,False,none
S001357,2025-02-19,Sports,0.765,96,D009216,IP009569,False,none
S001358,2025-02-07,Home & Kitchen,0.826,2942,D004572,IP006189,False,none
S001359,2025-05-14,Beauty,0.897,1282,D003709,IP008671,False,none
S001360,2025-01-31,Jewelry,0.774,2620,D009034,IP006269,False,none
S001361,2025-01-25,Home & Kitchen,0.684,865,D006604,IP004744,False,none
S001362,2025-05-09,Automotive Parts,0.696,1082,D004409,IP000150,False,none
S001363,2025-03-15,Grocery,0.808,2472,D008697,IP000891,False,none
S001364,2025-07-22,Jewelry,0.718,1576,D007448,IP005332,True,stolen_goods
S001365,2025-01-07,Sports,0.815,2033,D003478,IP005039,False,none
S001366,2025-04-21,Home & Kitchen,1.0,961,D004243,IP005021,False,none
S001367,2025-06-15,Electronics,0.712,1843,D000473,IP008454,False,none
S001368,2025-12-18,Sports,0.822,1461,D001018,IP000958,False,none
S001369,2025-08-20,Beauty,1.0,2794,D009543,IP006587,False,none
S001370,2025-11-18,Fashion,0.891,1476,D000530,IP007458,False,none
S001371,2025-05-06,Automotive Parts,0.813,267,D008367,IP006456,False,none
S001372,2025-06-14,Automotive Parts,0.834,2210,D002082,IP002358,False,none
S001373,2025-06-03,Beauty,0.893,2861,D005415,IP004063,False,none
S001374,2025-11-20,Books,0.415,7,D007222,IP000545,True,synthetic_identity
S001375,2025-12-17,Toys,0.797,303,D009911,IP001771,False,none
S001376,2025-12-18,Toys,0.774,2995,D003736,IP008031,False,none
S001377,2025-10-02,Books,0.712,1041,D009250,IP006174,True,stolen_goods
S001378,2025-07-03,Toys,0.86,2502,D004541,IP008651,False,none
S001379,2025-07-17,Jewelry,0.709,1891,D008671,IP006917,False,none
S001380,2025-12-24,Fashion,0.804,2919,D001018,IP002406,False,none
S001381,2025-04-14,Books,0.759,1025,D002680,IP008132,False,none
S001382,2025-05-07,Automotive Parts,0.957,1823,D006230,IP006875,False,none
S001383,2025-11-24,Jewelry,0.799,2047,D007061,IP001915,False,none
S001384,2025-05-22,Electronics,0.89,464,D008034,IP000049,True,triangulation
S001385,2025-03-27,Fashion,0.69,2326,D003579,IP007637,False,none
S001386,2025-07-24,Books,0.863,431,D006246,IP007211,True,account_takeover
S001387,2025-04-29,Automotive Parts,0.73,2485,D006207,IP000897,False,none
S001388,2025-11-22,Jewelry,0.807,379,D009846,IP004648,True,bust_out
S001389,2025-11-28,Automotive Parts,1.0,538,D001171,IP009138,False,none
S001390,2025-04-22,Fashion,0.943,1484,D000163,IP007924,False,none
S001391,2025-07-13,Sports,0.837,547,D005749,IP008171,False,none
S001392,2025-12-26,Grocery,1.0,231,D000156,IP003930,False,none
S001393,2025-09-28,Books,0.758,157,D001958,IP001211,False,none
S001394,2025-03-20,Grocery,0.967,859,D005000,IP003510,True,bust_out
S001395,2025-08-04,Home & Kitchen,0.697,1473,D002678,IP006868,False,none
S001396,2025-08-15,Toys,0.826,133,D002664,IP008407,False,none
S001397,2025-08-27,Toys,0.715,413,D003462,IP006440,False,none
S001398,2025-01-10,Automotive Parts,0.876,1835,D006865,IP000386,False,none
S001399,2025-04-20,Home & Kitchen,0.856,956,D003658,IP005904,False,none
S001400,2025-11-08,Beauty,0.819,2273,D007932,IP001871,False,none
S001401,2025-03-30,Electronics,0.959,2521,D001590,IP006096,False,none
S001402,2025-04-20,Fashion,0.793,92,D001024,IP004121,False,none
S001403,2025-04-28,Automotive Parts,0.883,2846,D001664,IP005330,False,none
S001404,2025-03-06,Jewelry,0.932,2051,D009173,IP005963,False,none
S001405,2025-02-26,Home & Kitchen,0.702,2466,D002774,IP006380,False,none
S001406,2025-05-07,Grocery,0.775,1434,D000299,IP000051,False,none
S001407,2025-11-16,Sports,0.855,2,D003153,IP009661,False,none
S001408,2025-01-01,Automotive Parts,0.913,2655,D006884,IP005751,False,none
S001409,2025-04-14,Beauty,0.992,1704,D003619,IP005071,False,none
S001410,2025-01-23,Automotive Parts,0.828,112,D003845,IP003784,False,none
S001411,2025-07-24,Beauty,0.818,500,D000864,IP001045,False,none
S001412,2025-04-02,Grocery,0.763,618,D006674,IP006300,False,none
S001413,2025-10-17,Beauty,0.883,1127,D002205,IP003632,False,none
S001414,2025-08-02,Books,0.82,1327,D000976,IP009069,False,none
S001415,2025-10-14,Beauty,0.823,1284,D007148,IP006579,False,none
S001416,2025-08-20,Jewelry,0.841,2604,D009370,IP004408,False,none
S001417,2025-06-10,Books,0.905,2828,D006105,IP000317,False,none
S001418,2025-11-11,Home & Kitchen,0.794,2036,D009374,IP005545,False,none
S001419,2025-06-23,Automotive Parts,0.773,1901,D004021,IP008453,False,none
S001420,2025-12-13,Grocery,0.893,2592,D005194,IP004627,False,none
S001421,2025-12-30,Toys,0.547,803,D003571,IP006502,False,none
S001422,2025-08-03,Fashion,0.79,1674,D005095,IP001185,False,none
S001423,2025-09-04,Automotive Parts,0.735,1928,D008928,IP004067,True,bust_out
S001424,2025-04-04,Grocery,0.97,857,D006348,IP007931,False,none
S001425,2025-10-25,Books,0.806,2855,D000267,IP004235,False,none
S001426,2025-09-03,Jewelry,0.794,707,D005800,IP008851,False,none
S001427,2025-11-26,Books,0.845,178,D003772,IP004094,False,none
S001428,2025-04-08,Home & Kitchen,0.79,970,D005435,IP008114,False,none
S001429,2025-10-15,Home & Kitchen,0.81,2448,D005577,IP006437,False,none
S001430,2025-06-21,Electronics,0.86,1124,D005891,IP009475,False,none
S001431,2025-03-09,Electronics,0.808,651,D008662,IP005329,False,none
S001432,2025-03-04,Grocery,0.807,2616,D008586,IP004680,False,none
S001433,2025-07-25,Jewelry,0.749,460,D009715,IP003535,False,none
S001434,2025-04-27,Fashion,0.735,477,D006110,IP006523,False,none
S001435,2025-02-07,Sports,0.856,2696,D002852,IP009800,False,none
S001436,2025-06-05,Fashion,0.881,964,D001958,IP001683,False,none
S001437,2025-08-27,Toys,0.707,6,D008493,IP009364,False,none
S001438,2025-04-27,Grocery,0.926,1301,D009139,IP009768,False,none
S001439,2025-12-15,Jewelry,0.926,2223,D000372,IP007690,False,none
S001440,2025-10-12,Automotive Parts,0.947,2271,D002159,IP005805,False,none
S001441,2025-07-07,Beauty,0.88,262,D006793,IP008629,False,none
S001442,2025-12-08,Automotive Parts,0.914,844,D001651,IP002616,False,none
S001443,2025-06-08,Grocery,1.0,1854,D000500,IP006339,False,none
S001444,2025-02-20,Beauty,0.82,1981,D009970,IP008053,False,none
S001445,2025-01-14,Beauty,0.745,1863,D000961,IP008052,False,none
S001446,2025-12-09,Fashion,0.697,1014,D002134,IP005864,False,none
S001447,2025-12-17,Automotive Parts,1.0,2588,D009889,IP003854,False,none
S001448,2025-09-27,Home & Kitchen,1.0,235,D001000,IP009496,False,none
S001449,2025-02-07,Home & Kitchen,0.758,2467,D007998,IP006737,False,none
S001450,2025-04-18,Toys,0.777,2819,D005620,IP007699,False,none
S001451,2025-01-15,Fashion,0.818,2055,D005399,IP006233,True,stolen_goods
S001452,2025-01-19,Jewelry,0.972,1289,D008271,IP008772,True,bust_out
S001453,2025-03-31,Books,0.721,1142,D000213,IP004776,False,none
S001454,2025-07-28,Fashion,0.653,1307,D000607,IP005466,False,none
S001455,2025-01-24,Fashion,1.0,500,D001955,IP008039,False,none
S001456,2025-12-26,Electronics,0.589,666,D004901,IP005173,True,collusion
S001457,2025-06-16,Automotive Parts,0.895,1907,D009622,IP002449,True,stolen_goods
S001458,2025-04-07,Toys,0.829,1651,D000685,IP007573,False,none
S001459,2025-07-08,Books,0.897,1491,D004201,IP003754,False,none
S001460,2025-10-16,Fashion,0.699,1424,D004286,IP001050,False,none
S001461,2025-04-25,Home & Kitchen,0.766,234,D001964,IP003727,False,none
S001462,2025-01-18,Sports,0.861,2603,D003439,IP000540,False,none
S001463,2025-01-19,Home & Kitchen,0.623,2866,D002009,IP008782,False,none
S001464,2025-11-07,Books,0.82,736,D001371,IP009837,False,none
S001465,2025-02-10,Automotive Parts,0.814,943,D005212,IP002666,False,none
S001466,2025-08-20,Beauty,0.82,1891,D009310,IP009162,False,none
S001467,2025-05-21,Books,0.795,7,D004041,IP007114,False,none
S001468,2025-10-11,Automotive Parts,0.75,307,D006348,IP009556,False,none
S001469,2025-01-23,Jewelry,0.668,2705,D006701,IP001626,False,none
S001470,2025-11-24,Electronics,0.864,518,D008430,IP000623,True,stolen_goods
S001471,2025-09-12,Fashion,0.82,1731,D008247,IP009202,False,none
S001472,2025-06-13,Automotive Parts,0.712,2647,D009059,IP002693,False,none
S001473,2025-03-17,Automotive Parts,0.856,2199,D008144,IP005963,False,none
S001474,2025-12-23,Beauty,0.821,816,D009301,IP009015,False,none
S001475,2025-04-21,Sports,0.804,458,D009660,IP003429,False,none
S001476,2025-06-29,Sports,0.634,2153,D007481,IP000894,False,none
S001477,2025-05-24,Books,0.918,1214,D004931,IP007912,False,none
S001478,2025-03-26,Grocery,0.727,2902,D003069,IP004514,False,none
S001479,2025-06-02,Beauty,0.856,1935,D005713,IP000226,False,none
S001480,2025-02-25,Jewelry,0.769,34,D008289,IP003412,False,none
S001481,2025-01-01,Electronics,0.811,753,D007535,IP005300,False,none
S001482,2025-04-16,Electronics,0.965,2233,D005201,IP008798,False,none
S001483,2025-02-10,Automotive Parts,0.903,2104,D000761,IP002262,False,none
S001484,2025-06-01,Fashion,0.963,2225,D002716,IP005180,False,none
S001485,2025-11-11,Automotive Parts,0.883,701,D005772,IP001813,False,none
S001486,2025-03-01,Home & Kitchen,0.89,748,D003857,IP002903,False,none
S001487,2025-01-01,Beauty,0.672,628,D004561,IP002638,False,none
S001488,2025-02-10,Electronics,0.625,2087,D003012,IP005243,True,collusion
S001489,2025-07-05,Automotive Parts,0.362,7,D000760,IP006635,True,synthetic_identity
S001490,2025-04-11,Beauty,0.972,2442,D004662,IP001124,True,triangulation
S001491,2025-06-28,Fashion,0.799,846,D004449,IP000758,False,none
S001492,2025-01-11,Toys,0.876,1464,D007813,IP007312,False,none
S001493,2025-05-02,Fashion,0.873,740,D001121,IP002939,False,none
S001494,2025-05-30,Grocery,0.966,1276,D004848,IP006183,False,none
S001495,2025-06-07,Electronics,0.837,2293,D008538,IP000767,False,none
S001496,2025-07-21,Toys,0.933,596,D002678,IP006007,False,none
S001497,2025-10-12,Beauty,0.68,1709,D003162,IP009093,False,none
S001498,2025-06-20,Electronics,0.689,172,D000874,IP004378,False,none
S001499,2025-11-04,Electronics,0.622,534,D005745,IP005779,False,none
S001500,2025-07-13,Sports,0.929,2053,D008557,IP002942,False,none
S001501,2025-04-06,Beauty,0.917,1704,D004814,IP002859,False,none
S001502,2025-03-25,Fashion,0.94,1834,D004173,IP000653,False,none
S001503,2025-04-28,Fashion,0.782,677,D007490,IP004789,False,none
S001504,2025-08-07,Jewelry,0.794,619,D004419,IP009470,False,none
S001505,2025-03-30,Grocery,0.838,1277,D003986,IP001160,False,none
S001506,2025-11-30,Books,0.994,387,D007637,IP004165,False,none
S001507,2025-06-25,Jewelry,1.0,2664,D002840,IP008370,False,none
S001508,2025-11-12,Electronics,0.929,804,D008497,IP004959,False,none
S001509,2025-09-07,Books,0.883,2158,D002681,IP007604,False,none
S001510,2025-05-02,Grocery,0.984,471,D005111,IP003757,False,none
S001511,2025-03-25,Home & Kitchen,0.824,1953,D002502,IP006025,False,none
S001512,2025-09-29,Sports,0.811,612,D006323,IP009878,True,bust_out
S001513,2025-05-01,Grocery,0.837,845,D004342,IP005978,False,none
S001514,2025-04-01,Books,0.752,1236,D002391,IP007961,False,none
S001515,2025-12-06,Home & Kitchen,0.832,374,D007439,IP006935,False,none
S001516,2025-06-26,Books,0.738,374,D009350,IP000957,False,none
S001517,2025-01-18,Grocery,0.953,2259,D000280,IP001603,False,none
S001518,2025-06-30,Electronics,0.904,1037,D005679,IP006081,False,none
S001519,2025-06-18,Sports,0.993,1704,D007185,IP003481,False,none
S001520,2025-11-12,Sports,0.687,1939,D007196,IP004846,False,none
S001521,2025-09-17,Beauty,1.0,1868,D002205,IP004833,False,none
S001522,2025-03-11,Electronics,0.693,1882,D001142,IP007933,False,none
S001523,2025-02-24,Electronics,0.73,2925,D005135,IP009908,False,none
S001524,2025-08-09,Grocery,0.788,1892,D006369,IP009973,False,none
S001525,2025-01-18,Jewelry,0.981,1045,D002894,IP000797,True,stolen_goods
S001526,2025-04-27,Toys,0.873,854,D003689,IP007443,False,none
S001527,2025-02-20,Automotive Parts,0.826,2402,D005320,IP007252,False,none
S001528,2025-01-08,Automotive Parts,0.771,1265,D004500,IP008649,False,none
S001529,2025-12-02,Books,0.712,1677,D004835,IP004267,False,none
S001530,2025-02-02,Sports,0.963,2445,D006821,IP005026,False,none
S001531,2025-01-04,Automotive Parts,0.93,706,D009842,IP004516,False,none
S001532,2025-12-07,Books,0.985,667,D007963,IP003735,False,none
S001533,2025-03-10,Automotive Parts,0.89,159,D000082,IP002468,False,none
S001534,2025-10-26,Automotive Parts,0.586,218,D003493,IP006432,False,none
S001535,2025-01-12,Fashion,0.726,1848,D000097,IP000167,False,none
S001536,2025-02-26,Books,0.896,1511,D008732,IP007494,False,none
S001537,2025-02-10,Grocery,0.813,893,D006444,IP008415,False,none
S001538,2025-09-15,Jewelry,0.794,635,D002189,IP002275,False,none
S001539,2025-08-15,Beauty,0.74,2086,D008391,IP002136,False,none
S001540,2025-06-23,Jewelry,0.945,256,D005628,IP005033,False,none
S001541,2025-03-30,Toys,0.896,2102,D000514,IP008463,False,none
S001542,2025-02-02,Beauty,0.9,2714,D001512,IP001137,False,none
S001543,2025-07-27,Fashion,0.787,1366,D008093,IP004319,True,bust_out
S001544,2025-03-26,Beauty,0.868,1484,D002892,IP002163,False,none
S001545,2025-08-04,Automotive Parts,0.716,1609,D005245,IP008520,False,none
S001546,2025-09-08,Grocery,0.837,286,D008954,IP008818,False,none
S001547,2025-11-07,Grocery,0.597,1880,D002891,IP000842,False,none
S001548,2025-06-30,Jewelry,0.693,1096,D000115,IP001447,False,none
S001549,2025-01-02,Home & Kitchen,0.818,1406,D000838,IP001572,False,none
S001550,2025-04-13,Books,1.0,69,D009156,IP008113,True,stolen_goods
S001551,2025-11-08,Beauty,0.67,2632,D005999,IP009006,False,none
S001552,2025-07-14,Jewelry,0.726,1000,D003284,IP003725,False,none
S001553,2025-08-14,Toys,0.872,228,D000786,IP001575,False,none
S001554,2025-06-17,Jewelry,1.0,2346,D006957,IP006635,False,none
S001555,2025-03-01,Grocery,0.87,2939,D000396,IP008904,False,none
S001556,2025-11-24,Grocery,0.92,1560,D000917,IP009103,False,none
S001557,2025-10-10,Automotive Parts,0.816,101,D005939,IP004450,True,stolen_goods
S001558,2025-12-30,Grocery,0.799,2975,D006412,IP007808,False,none
S001559,2025-11-09,Beauty,0.858,625,D005697,IP009559,False,none
S001560,2025-04-17,Sports,0.784,721,D009094,IP008259,True,triangulation
S001561,2025-04-03,Toys,0.922,2125,D002691,IP004746,False,none
S001562,2025-04-01,Electronics,0.689,996,D005552,IP002611,False,none
S001563,2025-12-02,Sports,0.939,255,D003060,IP003719,False,none
S001564,2025-07-23,Toys,0.854,2048,D003621,IP003616,False,none
S001565,2025-06-15,Beauty,0.829,787,D001506,IP009875,False,none
S001566,2025-12-20,Fashion,0.686,2584,D007935,IP007327,False,none
S001567,2025-08-09,Sports,0.752,462,D007037,IP008585,False,none
S001568,2025-11-28,Sports,0.97,2718,D007127,IP007772,False,none
S001569,2025-12-26,Fashion,0.829,2170,D001422,IP004764,False,none
S001570,2025-01-29,Books,0.878,719,D001176,IP007900,False,none
S001571,2025-05-12,Fashion,0.762,1737,D007820,IP006399,False,none
S001572,2025-09-25,Fashion,0.847,2815,D006657,IP007401,False,none
S001573,2025-10-24,Toys,0.713,194,D000297,IP003008,False,none
S001574,2025-02-24,Beauty,0.86,2459,D006646,IP002316,False,none
S001575,2025-04-27,Automotive Parts,0.887,1380,D009800,IP001802,False,none
S001576,2025-07-20,Electronics,0.882,2847,D007519,IP002890,False,none
S001577,2025-10-19,Beauty,0.76,626,D002776,IP009785,False,none
S001578,2025-02-11,Grocery,0.816,2158,D003163,IP009420,False,none
S001579,2025-08-08,Home & Kitchen,0.904,2903,D007521,IP001462,False,none
S001580,2025-04-19,Automotive Parts,0.829,1032,D004012,IP005538,False,none
S001581,2025-03-20,Grocery,0.821,324,D007367,IP009403,False,none
S001582,2025-07-08,Automotive Parts,1.0,1176,D009600,IP007544,False,none
S001583,2025-06-01,Automotive Parts,0.755,1794,D004054,IP006122,False,none
S001584,2025-08-21,Fashion,0.958,1890,D005734,IP005991,False,none
S001585,2025-04-26,Toys,0.735,1446,D004897,IP003260,True,bust_out
S001586,2025-10-28,Grocery,0.915,2798,D005085,IP009245,False,none
S001587,2025-01-29,Electronics,0.921,1734,D000756,IP000831,False,none
S001588,2025-11-11,Toys,0.799,1922,D009868,IP008687,False,none
S001589,2025-01-11,Books,0.728,2869,D005407,IP008712,False,none
S001590,2025-09-26,Grocery,0.653,2817,D002295,IP002613,False,none
S001591,2025-05-07,Toys,0.788,1024,D005739,IP005119,False,none
S001592,2025-05-20,Jewelry,0.903,859,D003979,IP008847,False,none
S001593,2025-01-07,Books,0.742,2246,D008219,IP004742,False,none
S001594,2025-09-14,Electronics,0.86,1575,D007598,IP003000,False,none
S001595,2025-03-02,Home & Kitchen,0.702,1342,D003821,IP000700,False,none
S001596,2025-08-29,Automotive Parts,0.827,2095,D007131,IP004409,False,none
S001597,2025-09-22,Electronics,0.735,1982,D000330,IP002777,False,none
S001598,2025-11-05,Fashion,0.842,2741,D009667,IP008512,False,none
S001599,2025-09-16,Beauty,0.8,1097,D005109,IP008611,False,none
S001600,2025-04-21,Automotive Parts,0.731,2262,D006543,IP003240,False,none
S001601,2025-09-27,Grocery,0.784,682,D006451,IP002104,False,none
S001602,2025-10-29,Fashion,0.757,2811,D003130,IP002907,False,none
S001603,2025-04-26,Beauty,0.719,251,D006898,IP004018,False,none
S001604,2025-02-15,Automotive Parts,0.958,2250,D003976,IP006686,False,none
S001605,2025-11-21,Home & Kitchen,0.814,306,D006806,IP001522,False,none
S001606,2025-02-23,Sports,0.63,2640,D000897,IP009996,False,none
S001607,2025-08-05,Toys,0.788,2878,D001460,IP007002,False,none
S001608,2025-03-28,Grocery,0.941,2454,D009237,IP001310,False,none
S001609,2025-02-15,Grocery,0.774,2365,D007358,IP003147,False,none
S001610,2025-10-11,Jewelry,1.0,1435,D001286,IP007010,False,none
S001611,2025-02-22,Fashion,0.764,735,D002137,IP005039,False,none
S001612,2025-09-02,Toys,0.9,2957,D005457,IP005269,False,none
S001613,2025-09-10,Books,0.954,1587,D000058,IP000414,False,none
S001614,2025-01-22,Toys,0.895,2449,D004013,IP004106,False,none
S001615,2025-03-05,Books,0.713,2142,D003265,IP006145,False,none
S001616,2025-10-17,Books,0.756,2103,D001342,IP007498,False,none
S001617,2025-07-05,Beauty,0.967,1058,D002998,IP004469,False,none
S001618,2025-02-14,Fashion,0.77,1281,D002929,IP005548,False,none
S001619,2025-12-28,Automotive Parts,0.948,1320,D000671,IP002220,False,none
S001620,2025-04-07,Jewelry,0.807,1807,D006335,IP007978,True,stolen_goods
S001621,2025-01-02,Jewelry,0.864,2155,D002724,IP006979,False,none
S001622,2025-12-04,Home & Kitchen,0.711,597,D000312,IP007438,False,none
S001623,2025-01-07,Beauty,0.789,683,D000221,IP006679,False,none
S001624,2025-07-21,Beauty,0.227,1,D009659,IP009851,True,synthetic_identity
S001625,2025-12-29,Electronics,0.873,1579,D001182,IP008798,False,none
S001626,2025-07-30,Fashion,0.859,2006,D009090,IP008108,False,none
S001627,2025-08-02,Beauty,0.896,631,D001666,IP003352,False,none
S001628,2025-05-22,Automotive Parts,0.801,2135,D000846,IP000667,False,none
S001629,2025-02-16,Home & Kitchen,0.757,10,D005455,IP000007,False,none
S001630,2025-07-29,Sports,0.868,2599,D008683,IP007795,False,none
S001631,2025-11-24,Sports,0.747,2071,D000715,IP008990,False,none
S001632,2025-02-03,Beauty,0.958,2050,D003285,IP006497,False,none
S001633,2025-11-18,Automotive Parts,0.839,2122,D007527,IP007211,False,none
S001634,2025-06-01,Electronics,0.817,1076,D000675,IP000897,False,none
S001635,2025-07-15,Jewelry,0.896,2987,D001695,IP005654,False,none
S001636,2025-03-02,Grocery,0.842,2239,D003061,IP006054,False,none
S001637,2025-08-15,Beauty,0.684,543,D008066,IP001566,False,none
S001638,2025-03-08,Grocery,0.744,2767,D008088,IP007508,False,none
S001639,2025-04-10,Toys,0.956,2219,D007094,IP003352,False,none
S001640,2025-09-21,Automotive Parts,0.858,933,D006658,IP001971,False,none
S001641,2025-01-19,Electronics,0.682,2843,D000261,IP006959,False,none
S001642,2025-06-13,Electronics,0.885,745,D002385,IP004349,False,none
S001643,2025-08-06,Sports,0.794,1934,D009216,IP005360,False,none
S001644,2025-02-18,Automotive Parts,0.763,2010,D007191,IP005424,False,none
S001645,2025-04-18,Electronics,0.736,2889,D002410,IP006226,False,none
S001646,2025-05-06,Grocery,0.95,1710,D007078,IP004131,False,none
S001647,2025-08-31,Automotive Parts,0.653,2983,D007242,IP008146,False,none
S001648,2025-12-23,Toys,0.766,853,D007428,IP008760,False,none
S001649,2025-11-02,Jewelry,0.862,2405,D009801,IP004837,False,none
S001650,2025-03-11,Grocery,1.0,736,D005406,IP001689,False,none
S001651,2025-01-07,Home & Kitchen,0.905,2997,D000598,IP002789,False,none
S001652,2025-01-19,Jewelry,0.765,2291,D008189,IP007715,False,none
S001653,2025-08-06,Books,1.0,1877,D000149,IP002566,False,none
S001654,2025-02-27,Electronics,0.714,200,D006413,IP007780,False,none
S001655,2025-03-26,Sports,0.877,1491,D007964,IP006621,False,none
S001656,2025-11-06,Books,0.899,432,D001253,IP004480,False,none
S001657,2025-11-15,Jewelry,0.762,2752,D007973,IP001264,False,none
S001658,2025-11-03,Grocery,0.92,1138,D008102,IP005394,False,none
S001659,2025-04-03,Toys,0.799,2493,D006538,IP006927,False,none
S001660,2025-08-15,Home & Kitchen,0.92,2718,D003237,IP001535,False,none
S001661,2025-08-11,Fashion,0.666,331,D002019,IP008249,False,none
S001662,2025-03-09,Electronics,0.883,2278,D007050,IP001951,False,none
S001663,2025-07-22,Books,0.809,908,D001569,IP004125,False,none
S001664,2025-07-11,Automotive Parts,0.965,327,D006751,IP005316,False,none
S001665,2025-05-25,Electronics,0.846,782,D001695,IP007390,False,none
S001666,2025-10-02,Grocery,0.975,1650,D003359,IP002246,False,none
S001667,2025-09-05,Sports,0.901,2565,D005065,IP003358,False,none
S001668,2025-07-14,Fashion,0.837,2075,D001616,IP008064,False,none
S001669,2025-09-22,Home & Kitchen,0.929,700,D007945,IP003295,False,none
S001670,2025-10-06,Home & Kitchen,0.929,888,D006949,IP006162,True,stolen_goods
S001671,2025-07-26,Books,0.897,912,D000163,IP003978,False,none
S001672,2025-04-08,Home & Kitchen,0.102,3,D008490,IP000565,True,synthetic_identity
S001673,2025-10-04,Jewelry,0.752,1556,D007168,IP005144,False,none
S001674,2025-09-19,Beauty,0.988,72,D008382,IP003578,False,none
S001675,2025-12-25,Fashion,0.724,229,D006016,IP002649,False,none
S001676,2025-02-24,Electronics,0.938,227,D006265,IP008584,False,none
S001677,2025-06-03,Toys,0.921,2883,D003835,IP007742,True,account_takeover
S001678,2025-12-04,Toys,0.777,1514,D002274,IP002774,False,none
S001679,2025-07-07,Grocery,0.65,1473,D002354,IP005238,False,none
S001680,2025-12-11,Toys,0.793,2283,D003162,IP007197,False,none
S001681,2025-01-05,Fashion,1.0,572,D002909,IP000532,False,none
S001682,2025-01-13,Home & Kitchen,0.764,95,D007546,IP000938,False,none
S001683,2025-10-18,Sports,0.771,813,D005243,IP005399,False,none
S001684,2025-05-11,Beauty,0.75,626,D004108,IP009305,False,none
S001685,2025-07-09,Books,0.971,2394,D007252,IP009274,False,none
S001686,2025-06-06,Automotive Parts,0.826,2455,D007324,IP004493,False,none
S001687,2025-05-29,Beauty,0.787,1902,D009349,IP007040,False,none
S001688,2025-12-09,Sports,0.991,2730,D003094,IP004915,False,none
S001689,2025-02-04,Jewelry,0.908,1394,D002433,IP009046,False,none
S001690,2025-10-09,Home & Kitchen,0.758,721,D000063,IP005698,False,none
S001691,2025-11-21,Sports,0.728,995,D001598,IP008913,False,none
S001692,2025-08-28,Beauty,0.966,425,D006034,IP003634,False,none
S001693,2025-05-25,Books,0.852,2702,D008092,IP009310,False,none
S001694,2025-02-28,Grocery,0.695,1812,D006009,IP007252,False,none
S001695,2025-09-07,Fashion,0.672,2317,D009917,IP007676,False,none
S001696,2025-06-21,Fashion,0.738,845,D006275,IP000145,False,none
S001697,2025-02-24,Electronics,0.726,2154,D008825,IP008063,False,none
S001698,2025-05-12,Electronics,0.645,992,D002681,IP001622,False,none
S001699,2025-12-17,Electronics,0.74,1338,D003239,IP009362,False,none
S001700,2025-04-07,Grocery,0.758,1955,D008110,IP001888,False,none
S001701,2025-03-07,Automotive Parts,0.804,2943,D006609,IP008259,False,none
S001702,2025-09-06,Toys,1.0,1675,D004874,IP006353,False,none
S001703,2025-03-14,Jewelry,0.823,2130,D009557,IP003925,False,none
S001704,2025-12-02,Grocery,0.833,1784,D007623,IP008906,False,none
S001705,2025-11-10,Jewelry,0.901,1271,D002953,IP003882,False,none
S001706,2025-12-25,Grocery,0.826,2797,D006110,IP000636,False,none
S001707,2025-11-30,Fashion,0.89,2881,D003960,IP000756,False,none
S001708,2025-03-30,Sports,0.878,931,D004160,IP008524,False,none
S001709,2025-03-19,Sports,0.862,2687,D008050,IP003844,False,none
S001710,2025-05-06,Books,1.0,1354,D006796,IP008195,False,none
S001711,2025-06-21,Grocery,0.941,2220,D000123,IP000200,False,none
S001712,2025-11-18,Fashion,0.742,1551,D005749,IP000766,False,none
S001713,2025-09-25,Books,0.887,2301,D006470,IP009880,False,none
S001714,2025-08-24,Jewelry,0.771,2614,D005107,IP001432,False,none
S001715,2025-11-17,Fashion,0.895,1271,D002999,IP006876,False,none
S001716,2025-08-24,Toys,0.712,2102,D006485,IP003500,False,none
S001717,2025-05-19,Jewelry,0.739,1522,D009476,IP005000,False,none
S001718,2025-05-31,Electronics,0.884,2397,D000859,IP001146,True,triangulation
S001719,2025-07-08,Fashion,0.95,575,D006029,IP002668,False,none
S001720,2025-02-02,Jewelry,0.9,2187,D009102,IP007582,False,none
S001721,2025-09-28,Fashion,0.935,1786,D004005,IP005356,False,none
S001722,2025-08-27,Grocery,0.887,1354,D003350,IP005040,False,none
S001723,2025-09-24,Automotive Parts,0.867,1110,D002476,IP009448,False,none
S001724,2025-07-14,Toys,0.8,2105,D002246,IP004107,False,none
S001725,2025-10-13,Toys,0.931,1042,D003911,IP008036,False,none
S001726,2025-12-13,Toys,0.952,99,D007717,IP007249,False,none
S001727,2025-07-28,Beauty,0.844,2844,D001817,IP004607,False,none
S001728,2025-06-12,Beauty,0.838,1344,D002312,IP002928,False,none
S001729,2025-02-08,Sports,1.0,495,D009987,IP003540,False,none
S001730,2025-10-12,Jewelry,0.848,677,D009957,IP008715,True,triangulation
S001731,2025-11-26,Automotive Parts,0.858,2490,D002269,IP003058,False,none
S001732,2025-09-13,Jewelry,0.898,995,D004204,IP006539,False,none
S001733,2025-11-12,Fashion,0.84,845,D004035,IP001245,False,none
S001734,2025-11-11,Beauty,0.768,1462,D002966,IP003465,False,none
S001735,2025-10-19,Grocery,0.888,86,D001528,IP009345,False,none
S001736,2025-07-03,Sports,0.846,1681,D000620,IP005398,False,none
S001737,2025-02-06,Beauty,1.0,122,D006137,IP008224,False,none
S001738,2025-01-02,Beauty,0.929,2506,D000418,IP002594,False,none
S001739,2025-03-16,Fashion,0.79,1288,D006209,IP007612,False,none
S001740,2025-06-07,Beauty,0.923,655,D000951,IP009849,False,none
S001741,2025-09-29,Toys,0.881,1363,D001543,IP009251,False,none
S001742,2025-06-16,Toys,0.981,527,D000050,IP004356,False,none
S001743,2025-01-09,Sports,0.798,961,D003978,IP006817,False,none
S001744,2025-03-18,Home & Kitchen,0.869,393,D003270,IP008967,False,none
S001745,2025-12-24,Home & Kitchen,0.84,2006,D003322,IP008136,False,none
S001746,2025-12-27,Jewelry,0.856,2928,D003104,IP009780,False,none
S001747,2025-05-18,Toys,0.761,1456,D009382,IP000312,False,none
S001748,2025-10-21,Home & Kitchen,0.908,296,D004300,IP005357,False,none
S001749,2025-09-20,Books,0.892,223,D008092,IP007915,False,none
S001750,2025-12-06,Sports,0.979,2496,D002329,IP007299,False,none
S001751,2025-11-20,Sports,0.849,1044,D004831,IP001535,False,none
S001752,2025-08-18,Home & Kitchen,0.809,888,D000627,IP005722,False,none
S001753,2025-05-25,Grocery,0.929,306,D002586,IP001653,False,none
S001754,2025-08-17,Fashion,0.771,1991,D000711,IP000915,False,none
S001755,2025-04-27,Jewelry,0.958,189,D000207,IP001115,False,none
S001756,2025-05-08,Toys,0.958,2712,D001821,IP009524,False,none
S001757,2025-08-11,Toys,0.976,625,D001589,IP002720,False,none
S001758,2025-07-28,Beauty,0.888,208,D003165,IP004566,True,stolen_goods
S001759,2025-08-01,Toys,0.801,2102,D007436,IP002563,False,none
S001760,2025-05-21,Books,0.861,1063,D001479,IP008940,True,stolen_goods
S001761,2025-05-30,Toys,0.888,2088,D006106,IP008888,False,none
S001762,2025-01-04,Fashion,0.794,120,D003651,IP006556,False,none
S001763,2025-08-08,Sports,0.983,2584,D004027,IP008286,False,none
S001764,2025-07-30,Home & Kitchen,0.908,929,D009222,IP001051,False,none
S001765,2025-12-08,Fashion,0.761,2269,D004648,IP009999,False,none
S001766,2025-07-04,Jewelry,1.0,2807,D002616,IP004170,False,none
S001767,2025-06-20,Beauty,0.86,1606,D002380,IP004004,False,none
S001768,2025-01-25,Sports,0.741,1002,D001683,IP001958,False,none
S001769,2025-03-13,Fashion,0.767,938,D008020,IP008770,False,none
S001770,2025-05-04,Beauty,0.189,4,D006647,IP001698,True,synthetic_identity
S001771,2025-05-18,Beauty,1.0,18,D002677,IP008579,False,none
S001772,2025-05-13,Fashion,0.951,441,D004908,IP007150,False,none
S001773,2025-05-24,Automotive Parts,0.982,1941,D005054,IP007720,False,none
S001774,2025-10-08,Beauty,0.972,78,D000472,IP000300,False,none
S001775,2025-02-17,Sports,0.906,869,D009086,IP007384,False,none
S001776,2025-05-02,Sports,0.883,1943,D007878,IP009661,False,none
S001777,2025-03-01,Toys,0.904,751,D005354,IP003943,False,none
S001778,2025-04-23,Sports,0.924,2792,D007153,IP004499,False,none
S001779,2025-09-07,Sports,0.776,2924,D001091,IP001120,False,none
S001780,2025-01-18,Electronics,0.923,101,D009772,IP004897,False,none
S001781,2025-05-04,Books,0.996,523,D006403,IP006734,False,none
S001782,2025-01-09,Fashion,0.829,2722,D009383,IP002994,False,none
S001783,2025-12-15,Toys,0.819,98,D008642,IP007413,False,none
S001784,2025-09-23,Beauty,0.898,1460,D005842,IP000856,False,none
S001785,2025-03-30,Toys,0.785,2848,D002883,IP006741,False,none
S001786,2025-03-14,Electronics,0.718,1766,D006860,IP005882,False,none
S001787,2025-02-06,Grocery,0.965,918,D005122,IP002296,False,none
S001788,2025-06-22,Toys,0.454,20,D004095,IP003447,True,collusion
S001789,2025-10-03,Electronics,0.852,1180,D007113,IP002399,False,none
S001790,2025-08-02,Electronics,0.789,1626,D008884,IP006240,False,none
S001791,2025-11-18,Sports,0.978,243,D001713,IP006367,False,none
S001792,2025-05-06,Books,0.935,1585,D005528,IP005557,False,none
S001793,2025-04-12,Sports,0.826,1212,D007784,IP001940,False,none
S001794,2025-06-24,Grocery,0.732,978,D003255,IP002169,False,none
S001795,2025-03-15,Grocery,0.815,2916,D003419,IP008108,False,none
S001796,2025-12-23,Jewelry,0.907,2681,D000094,IP004616,False,none
S001797,2025-03-09,Automotive Parts,0.869,2082,D003231,IP004356,False,none
S001798,2025-06-24,Jewelry,0.861,1773,D005864,IP003080,False,none
S001799,2025-07-10,Grocery,0.871,1422,D009715,IP009300,False,none
S001800,2025-01-21,Toys,0.926,211,D005254,IP002397,False,none
S001801,2025-06-20,Sports,0.846,923,D002908,IP007688,False,none
S001802,2025-06-15,Books,0.219,11,D008118,IP007697,True,synthetic_identity
S001803,2025-04-05,Fashion,0.751,1098,D001877,IP002434,False,none
S001804,2025-02-16,Books,1.0,1421,D001870,IP000119,False,none
S001805,2025-01-17,Sports,0.822,1834,D005212,IP002499,False,none
S001806,2025-01-04,Sports,0.87,1065,D008154,IP002688,False,none
S001807,2025-06-25,Jewelry,0.907,764,D002124,IP007449,False,none
S001808,2025-02-02,Books,0.809,2130,D000152,IP005310,True,bust_out
S001809,2025-12-17,Automotive Parts,0.851,456,D007236,IP004304,False,none
S001810,2025-03-31,Automotive Parts,0.85,377,D005873,IP004761,False,none
S001811,2025-08-27,Jewelry,0.759,2088,D006858,IP009526,False,none
S001812,2025-09-03,Home & Kitchen,0.894,1758,D003968,IP009401,False,none
S001813,2025-06-30,Fashion,0.685,2608,D001184,IP000255,False,none
S001814,2025-11-19,Home & Kitchen,1.0,2217,D003315,IP008436,False,none
S001815,2025-02-10,Grocery,0.929,2704,D004697,IP003612,False,none
S001816,2025-03-27,Jewelry,0.914,1993,D004332,IP007516,True,bust_out
S001817,2025-04-03,Jewelry,0.676,2524,D008890,IP009849,False,none
S001818,2025-02-19,Books,0.771,508,D002235,IP005140,False,none
S001819,2025-04-18,Books,0.989,1592,D003118,IP006240,False,none
S001820,2025-04-25,Automotive Parts,1.0,2833,D001834,IP004289,False,none
S001821,2025-10-07,Books,0.969,2366,D005706,IP000747,False,none
S001822,2025-04-21,Fashion,0.954,1209,D008051,IP000365,False,none
S001823,2025-11-16,Sports,0.902,2779,D008831,IP003602,False,none
S001824,2025-10-10,Beauty,0.765,938,D002277,IP008216,False,none
S001825,2025-11-26,Books,0.95,71,D004297,IP003414,False,none
S001826,2025-02-08,Books,0.74,2389,D007369,IP004307,False,none
S001827,2025-12-26,Home & Kitchen,0.729,1236,D000458,IP005312,False,none
S001828,2025-08-13,Home & Kitchen,0.723,103,D007113,IP003209,False,none
S001829,2025-12-25,Electronics,0.948,613,D001343,IP004899,True,bust_out
S001830,2025-05-10,Home & Kitchen,0.844,216,D000334,IP006066,False,none
S001831,2025-12-14,Jewelry,0.86,2990,D001130,IP008511,True,bust_out
S001832,2025-08-03,Books,0.848,2543,D008810,IP007541,False,none
S001833,2025-01-27,Automotive Parts,0.737,2788,D006808,IP008177,False,none
S001834,2025-05-30,Automotive Parts,0.783,546,D007893,IP005230,False,none
S001835,2025-02-20,Jewelry,0.788,2406,D006901,IP006986,False,none
S001836,2025-12-10,Fashion,0.709,1691,D007960,IP001495,False,none
S001837,2025-04-22,Beauty,0.8,888,D004965,IP001476,False,none
S001838,2025-03-23,Electronics,0.742,2006,D008091,IP009216,False,none
S001839,2025-07-21,Electronics,0.908,2856,D000565,IP006040,False,none
S001840,2025-06-05,Home & Kitchen,0.916,1382,D005825,IP001128,False,none
S001841,2025-02-05,Home & Kitchen,0.721,88,D007550,IP004078,False,none
S001842,2025-10-26,Electronics,0.82,2527,D009933,IP009695,False,none
S001843,2025-11-05,Jewelry,1.0,564,D003590,IP000210,False,none
S001844,2025-09-29,Sports,0.752,548,D001791,IP004424,False,none
S001845,2025-08-14,Books,0.893,1851,D007202,IP008369,True,stolen_goods
S001846,2025-05-27,Books,0.861,2396,D000723,IP009466,False,none
S001847,2025-07-17,Automotive Parts,0.959,2379,D007766,IP003686,False,none
S001848,2025-07-10,Fashion,0.88,2603,D007041,IP009146,False,none
S001849,2025-03-02,Beauty,0.807,2651,D006910,IP007160,False,none
S001850,2025-01-30,Beauty,0.857,385,D002939,IP004062,False,none
S001851,2025-04-03,Sports,0.858,902,D001202,IP007794,False,none
S001852,2025-06-15,Sports,0.841,2160,D006082,IP008000,False,none
S001853,2025-02-28,Grocery,0.718,1173,D003627,IP002750,False,none
S001854,2025-02-08,Sports,0.974,2148,D003917,IP000897,False,none
S001855,2025-11-07,Home & Kitchen,0.957,1365,D001877,IP007808,False,none
S001856,2025-05-17,Sports,0.746,1354,D003335,IP000827,True,stolen_goods
S001857,2025-08-02,Automotive Parts,0.82,81,D008319,IP007784,False,none
S001858,2025-07-11,Sports,0.827,1825,D008932,IP003559,False,none
S001859,2025-09-26,Sports,0.734,2592,D003489,IP007029,False,none
S001860,2025-09-28,Fashion,0.663,2456,D001420,IP006097,False,none
S001861,2025-04-19,Electronics,0.783,1014,D000338,IP000384,False,none
S001862,2025-11-06,Home & Kitchen,0.814,2030,D001889,IP000093,False,none
S001863,2025-05-16,Electronics,0.706,598,D000097,IP006295,True,triangulation
S001864,2025-11-01,Toys,0.868,1901,D006678,IP005151,False,none
S001865,2025-05-28,Jewelry,0.966,1228,D006427,IP000436,False,none
S001866,2025-02-10,Toys,0.934,2780,D007826,IP009756,False,none
S001867,2025-10-05,Books,0.837,2131,D003324,IP002385,False,none
S001868,2025-01-12,Jewelry,0.666,220,D008322,IP008584,False,none
S001869,2025-10-09,Grocery,0.922,2612,D001696,IP001167,False,none
S001870,2025-01-16,Books,0.865,2172,D002311,IP002324,False,none
S001871,2025-03-17,Grocery,0.892,646,D009159,IP005288,False,none
S001872,2025-08-09,Home & Kitchen,1.0,848,D008821,IP005280,False,none
S001873,2025-12-10,Toys,0.768,518,D005987,IP006037,False,none
S001874,2025-05-30,Beauty,0.563,931,D006095,IP001714,False,none
S001875,2025-02-14,Grocery,0.745,2831,D007006,IP002642,False,none
S001876,2025-03-27,Toys,0.899,2706,D008232,IP002632,False,none
S001877,2025-11-24,Automotive Parts,0.853,1653,D002312,IP004404,False,none
S001878,2025-09-23,Fashion,0.728,1087,D000685,IP009230,False,none
S001879,2025-02-06,Fashion,0.708,1097,D001850,IP004624,False,none
S001880,2025-05-21,Grocery,0.815,2870,D003568,IP009977,False,none
S001881,2025-04-07,Grocery,0.725,598,D002356,IP002515,False,none
S001882,2025-03-06,Books,0.902,2272,D005248,IP002425,False,none
S001883,2025-11-05,Beauty,0.809,2985,D001381,IP001010,False,none
S001884,2025-08-14,Electronics,0.787,2566,D005769,IP002120,False,none
S001885,2025-03-07,Beauty,0.774,2157,D007104,IP003117,False,none
S001886,2025-08-26,Toys,0.876,2699,D000990,IP003838,False,none
S001887,2025-05-31,Toys,0.854,654,D002871,IP007135,False,none
S001888,2025-01-23,Automotive Parts,0.87,2951,D005386,IP004458,False,none
S001889,2025-06-14,Jewelry,0.868,274,D000662,IP006862,False,none
S001890,2025-03-09,Grocery,0.843,42,D006654,IP000892,False,none
S001891,2025-03-31,Electronics,0.747,598,D007535,IP009469,False,none
S001892,2025-11-17,Fashion,0.777,1827,D003615,IP001477,False,none
S001893,2025-09-17,Toys,0.811,743,D000090,IP000334,False,none
S001894,2025-02-18,Books,1.0,1900,D005007,IP004248,False,none
S001895,2025-11-07,Books,0.715,334,D008689,IP006512,False,none
S001896,2025-07-29,Home & Kitchen,0.808,2091,D002925,IP002354,False,none
S001897,2025-11-16,Fashion,0.86,689,D008492,IP001630,False,none
S001898,2025-09-30,Beauty,0.82,1570,D008705,IP008449,False,none
S001899,2025-05-04,Grocery,0.957,351,D002807,IP008246,False,none
S001900,2025-07-15,Automotive Parts,0.819,2910,D005992,IP007515,False,none
S001901,2025-07-13,Automotive Parts,0.827,1133,D000421,IP002206,False,none
S001902,2025-09-20,Sports,0.931,1814,D005512,IP005363,False,none
S001903,2025-04-01,Electronics,1.0,1459,D008795,IP006895,False,none
S001904,2025-05-02,Automotive Parts,0.991,1786,D009443,IP004326,False,none
S001905,2025-03-31,Fashion,0.836,1366,D001996,IP001789,False,none
S001906,2025-04-19,Home & Kitchen,0.845,220,D006649,IP008309,False,none
S001907,2025-02-28,Automotive Parts,0.855,2487,D000660,IP009384,False,none
S001908,2025-01-14,Sports,0.865,1927,D002798,IP001659,False,none
S001909,2025-12-10,Fashion,0.765,762,D008352,IP007030,False,none
S001910,2025-01-28,Sports,0.944,253,D006417,IP008873,False,none
S001911,2025-11-21,Electronics,0.871,2661,D003920,IP005412,False,none
S001912,2025-01-02,Beauty,0.846,998,D009616,IP000490,False,none
S001913,2025-10-11,Automotive Parts,0.723,2724,D007585,IP006905,False,none
S001914,2025-04-30,Home & Kitchen,0.856,2297,D000235,IP009233,False,none
S001915,2025-07-08,Jewelry,0.661,2879,D000799,IP002615,False,none
S001916,2025-04-14,Sports,0.792,1980,D006265,IP001388,False,none
S001917,2025-06-29,Books,0.794,543,D008767,IP002525,False,none
S001918,2025-06-14,Grocery,0.879,107,D001568,IP008120,False,none
S001919,2025-07-13,Sports,1.0,738,D005382,IP005571,False,none
S001920,2025-05-24,Electronics,0.907,1318,D008164,IP000180,False,none
S001921,2025-07-15,Automotive Parts,0.995,1871,D008623,IP005876,False,none
S001922,2025-10-29,Toys,0.915,2687,D006406,IP008150,False,none
S001923,2025-06-08,Books,0.963,423,D009999,IP001852,False,none
S001924,2025-05-12,Sports,1.0,1905,D009369,IP005840,False,none
S001925,2025-02-18,Books,0.777,257,D008340,IP002288,False,none
S001926,2025-05-12,Beauty,0.77,1444,D006695,IP000190,False,none
S001927,2025-02-15,Jewelry,0.917,222,D009854,IP004006,False,none
S001928,2025-03-08,Home & Kitchen,0.85,1122,D000172,IP007742,False,none
S001929,2025-12-14,Books,0.872,1818,D000894,IP006689,False,none
S001930,2025-02-02,Sports,0.825,2217,D005103,IP001015,False,none
S001931,2025-06-25,Sports,0.79,2414,D006710,IP001858,False,none
S001932,2025-11-01,Electronics,1.0,1573,D009036,IP005399,False,none
S001933,2025-12-14,Beauty,0.74,777,D006784,IP003207,False,none
S001934,2025-02-23,Electronics,0.919,2739,D002323,IP003320,False,none
S001935,2025-03-01,Sports,0.902,2800,D009086,IP004360,False,none
S001936,2025-05-16,Books,0.692,2902,D000828,IP007591,False,none
S001937,2025-07-22,Sports,0.767,2376,D000949,IP005757,False,none
S001938,2025-12-17,Grocery,0.784,2333,D007198,IP008532,False,none
S001939,2025-03-17,Beauty,0.906,233,D009633,IP001021,False,none
S001940,2025-03-02,Beauty,0.813,1718,D005025,IP004642,False,none
S001941,2025-04-03,Toys,0.841,1222,D001348,IP005503,False,none
S001942,2025-11-16,Home & Kitchen,0.704,777,D000475,IP007579,False,none
S001943,2025-01-11,Jewelry,1.0,204,D009795,IP005153,False,none
S001944,2025-05-19,Jewelry,0.857,640,D002799,IP009166,False,none
S001945,2025-02-13,Toys,0.9,2745,D006393,IP008378,False,none
S001946,2025-02-27,Grocery,0.796,2726,D003267,IP006892,False,none
S001947,2025-12-01,Electronics,0.785,2228,D002145,IP003975,False,none
S001948,2025-01-01,Fashion,1.0,305,D006678,IP003219,False,none
S001949,2025-04-28,Home & Kitchen,0.658,2059,D007391,IP005334,False,none
S001950,2025-12-01,Beauty,0.878,381,D004716,IP004633,False,none
S001951,2025-08-10,Home & Kitchen,0.729,2048,D005074,IP000292,True,triangulation
S001952,2025-01-27,Sports,0.809,101,D004871,IP002299,False,none
S001953,2025-06-19,Grocery,0.786,856,D005913,IP008352,False,none
S001954,2025-12-21,Toys,0.751,368,D008066,IP004584,False,none
S001955,2025-05-27,Toys,0.854,2800,D007109,IP009497,False,none
S001956,2025-07-12,Electronics,0.593,1706,D002784,IP002458,False,none
S001957,2025-07-14,Home & Kitchen,0.818,2768,D002470,IP009677,False,none
S001958,2025-08-30,Jewelry,0.841,61,D006725,IP008072,False,none
S001959,2025-03-10,Jewelry,0.714,2218,D006452,IP003585,False,none
S001960,2025-11-03,Fashion,1.0,1440,D003675,IP006099,False,none
S001961,2025-12-27,Electronics,0.791,1407,D008386,IP009883,False,none
S001962,2025-02-22,Jewelry,0.826,2619,D004183,IP006332,False,none
S001963,2025-10-26,Fashion,0.791,142,D003358,IP009317,True,triangulation
S001964,2025-10-26,Sports,0.842,2832,D005559,IP001102,False,none
S001965,2025-09-28,Jewelry,0.981,85,D001927,IP001635,False,none
S001966,2025-05-16,Grocery,1.0,1089,D006956,IP000014,False,none
S001967,2025-06-21,Sports,0.925,415,D008970,IP003252,False,none
S001968,2025-11-03,Beauty,0.322,1569,D009451,IP007891,True,collusion
S001969,2025-02-25,Grocery,1.0,1787,D004467,IP009639,False,none
S001970,2025-10-30,Books,0.875,1926,D002690,IP005423,False,none
S001971,2025-12-03,Jewelry,1.0,2394,D004790,IP004226,False,none
S001972,2025-09-06,Sports,0.929,2253,D001037,IP009315,False,none
S001973,2025-05-05,Automotive Parts,0.864,2845,D006677,IP005882,False,none
S001974,2025-07-24,Grocery,0.885,1349,D004287,IP005372,False,none
S001975,2025-01-19,Electronics,0.668,526,D001218,IP000849,False,none
S001976,2025-12-07,Home & Kitchen,0.879,467,D005467,IP002146,False,none
S001977,2025-05-05,Grocery,0.696,827,D007185,IP006977,False,none
S001978,2025-01-21,Fashion,0.687,1809,D002280,IP006984,False,none
S001979,2025-10-17,Grocery,0.869,163,D004048,IP004958,True,triangulation
S001980,2025-08-29,Beauty,0.739,2864,D008904,IP007009,False,none
S001981,2025-08-16,Home & Kitchen,0.849,2967,D007098,IP006912,False,none
S001982,2025-01-20,Sports,0.864,495,D007988,IP000655,False,none
S001983,2025-10-02,Automotive Parts,0.868,2342,D004495,IP008349,False,none
S001984,2025-08-21,Jewelry,0.76,1789,D004936,IP006936,False,none
S001985,2025-10-17,Toys,0.94,1442,D004969,IP002193,False,none
S001986,2025-10-29,Electronics,0.841,2204,D004500,IP002125,False,none
S001987,2025-03-19,Jewelry,0.894,1727,D001442,IP009580,False,none
S001988,2025-03-18,Jewelry,0.73,971,D000407,IP002545,False,none
S001989,2025-12-04,Books,0.832,1686,D008322,IP000323,False,none
S001990,2025-07-13,Books,0.96,408,D005368,IP000314,False,none
S001991,2025-06-09,Sports,0.947,763,D005325,IP002282,False,none
S001992,2025-04-15,Electronics,0.21,6,D005957,IP006273,True,synthetic_identity
S001993,2025-08-22,Fashion,0.795,556,D004124,IP004562,False,none
S001994,2025-10-03,Fashion,0.751,1795,D008916,IP007317,False,none
S001995,2025-01-01,Automotive Parts,0.784,891,D004699,IP002320,False,none
S001996,2025-07-21,Electronics,0.71,1394,D005010,IP002304,False,none
S001997,2025-12-29,Sports,0.836,742,D005313,IP004042,False,none
S001998,2025-04-13,Beauty,0.913,1706,D001573,IP007925,False,none
S001999,2025-04-13,Electronics,0.771,1673,D001733,IP005029,False,none
S002000,2025-11-17,Automotive Parts,0.841,1853,D001800,IP007620,False,none
S002001,2025-01-23,Electronics,0.828,925,D002540,IP000937,False,none
S002002,2025-05-26,Jewelry,0.956,1737,D001598,IP004097,False,none
S002003,2025-06-17,Grocery,0.789,2187,D002241,IP004374,False,none
S002004,2025-10-19,Grocery,0.792,2160,D009385,IP000682,False,none
S002005,2025-02-17,Fashion,0.765,1704,D003606,IP003142,False,none
S002006,2025-06-08,Jewelry,0.736,898,D007933,IP002801,False,none
S002007,2025-02-25,Sports,0.903,1597,D003932,IP004555,False,none
S002008,2025-10-15,Toys,0.836,1611,D008247,IP001654,False,none
S002009,2025-08-19,Books,0.855,2853,D007531,IP002696,False,none
S002010,2025-07-01,Beauty,0.977,1131,D008404,IP009588,False,none
S002011,2025-05-24,Home & Kitchen,0.983,967,D002883,IP001430,False,none
S002012,2025-02-25,Home & Kitchen,0.685,2249,D000956,IP008177,False,none
S002013,2025-12-03,Sports,0.915,1906,D003081,IP005428,False,none
S002014,2025-08-25,Books,0.873,1281,D007021,IP000783,False,none
S002015,2025-04-27,Home & Kitchen,0.804,1,D006542,IP004008,False,none
S002016,2025-06-01,Home & Kitchen,0.883,2115,D007043,IP005134,False,none
S002017,2025-09-23,Automotive Parts,0.677,2211,D009934,IP002772,False,none
S002018,2025-09-20,Sports,0.996,2791,D002248,IP002668,False,none
S002019,2025-06-18,Jewelry,0.901,1508,D004441,IP007121,False,none
S002020,2025-04-21,Beauty,0.763,1545,D004906,IP000321,False,none
S002021,2025-08-29,Home & Kitchen,0.791,625,D001492,IP009282,False,none
S002022,2025-08-29,Home & Kitchen,0.68,1379,D006624,IP003223,False,none
S002023,2025-08-07,Sports,0.819,5,D000489,IP003816,False,none
S002024,2025-01-27,Grocery,0.802,1502,D008973,IP001275,False,none
S002025,2025-06-22,Sports,0.717,2121,D000883,IP008809,False,none
S002026,2025-08-13,Home & Kitchen,0.928,2357,D001104,IP002227,False,none
S002027,2025-12-13,Automotive Parts,0.978,1988,D001735,IP008037,False,none
S002028,2025-07-11,Sports,0.847,2416,D008921,IP003265,False,none
S002029,2025-05-06,Beauty,0.819,1996,D008614,IP000316,False,none
S002030,2025-07-22,Electronics,0.893,2339,D009224,IP004088,False,none
S002031,2025-03-06,Sports,0.848,1312,D008332,IP005232,False,none
S002032,2025-02-03,Books,0.742,1806,D009236,IP004684,False,none
S002033,2025-09-05,Automotive Parts,0.785,1918,D004714,IP009870,False,none
S002034,2025-12-26,Home & Kitchen,0.82,1718,D000048,IP005201,False,none
S002035,2025-11-05,Fashion,0.875,1714,D004380,IP007790,False,none
S002036,2025-08-02,Automotive Parts,0.851,2345,D002209,IP003700,False,none
S002037,2025-01-15,Sports,0.871,717,D002447,IP001448,False,none
S002038,2025-12-27,Electronics,0.698,951,D006912,IP004983,False,none
S002039,2025-06-14,Fashion,0.917,1556,D001668,IP005599,False,none
S002040,2025-04-16,Toys,0.85,1936,D003217,IP004178,False,none
S002041,2025-11-22,Books,1.0,1544,D003926,IP007665,False,none
S002042,2025-09-30,Home & Kitchen,0.694,599,D000610,IP009644,True,collusion
S002043,2025-10-01,Beauty,0.882,2471,D007013,IP000807,False,none
S002044,2025-04-12,Grocery,1.0,1637,D007629,IP000676,False,none
S002045,2025-12-29,Automotive Parts,0.869,1301,D005584,IP002738,False,none
S002046,2025-06-15,Toys,0.843,2634,D000285,IP005859,True,account_takeover
S002047,2025-07-13,Toys,0.751,1308,D007870,IP000424,False,none
S002048,2025-10-02,Beauty,1.0,485,D004460,IP001936,False,none
S002049,2025-08-29,Fashion,0.734,2953,D002663,IP004090,False,none
S002050,2025-03-04,Electronics,0.893,1148,D009475,IP003754,False,none
S002051,2025-04-21,Jewelry,0.803,2683,D008593,IP008464,False,none
S002052,2025-05-12,Electronics,0.831,1551,D004402,IP005464,False,none
S002053,2025-12-12,Jewelry,0.708,727,D004432,IP008722,False,none
S002054,2025-09-18,Home & Kitchen,0.984,1130,D009118,IP007598,False,none
S002055,2025-05-14,Books,0.822,2730,D001911,IP004140,False,none
S002056,2025-09-26,Automotive Parts,0.728,2834,D004090,IP009777,False,none
S002057,2025-09-27,Grocery,0.975,414,D005704,IP008437,False,none
S002058,2025-05-24,Grocery,0.8,2961,D003466,IP004936,False,none
S002059,2025-05-28,Home & Kitchen,0.883,2560,D003156,IP008505,False,none
S002060,2025-11-23,Sports,0.653,1943,D001073,IP002569,True,collusion
S002061,2025-07-25,Books,0.897,550,D002667,IP002082,False,none
S002062,2025-02-24,Toys,0.63,1760,D003580,IP007915,False,none
S002063,2025-09-20,Electronics,0.92,1277,D008374,IP007890,False,none
S002064,2025-08-04,Automotive Parts,0.84,374,D003369,IP002215,False,none
S002065,2025-07-05,Fashion,0.817,2951,D001611,IP007539,False,none
S002066,2025-09-22,Automotive Parts,0.839,1810,D008465,IP005078,False,none
S002067,2025-11-28,Automotive Parts,0.689,292,D003518,IP005585,False,none
S002068,2025-05-01,Electronics,0.869,1025,D009199,IP008467,False,none
S002069,2025-06-03,Grocery,0.714,2519,D001090,IP001600,False,none
S002070,2025-03-11,Books,0.821,1327,D000219,IP004037,False,none
S002071,2025-08-25,Home & Kitchen,0.866,1484,D009217,IP002898,False,none
S002072,2025-05-27,Jewelry,0.957,428,D000982,IP005569,False,none
S002073,2025-05-05,Fashion,0.768,333,D000085,IP001579,False,none
S002074,2025-09-12,Home & Kitchen,0.995,2933,D006432,IP001195,False,none
S002075,2025-05-29,Automotive Parts,0.945,2857,D003172,IP006961,False,none
S002076,2025-06-19,Grocery,0.807,286,D004847,IP000559,False,none
S002077,2025-06-10,Fashion,0.739,1648,D004083,IP004172,False,none
S002078,2025-04-05,Fashion,0.706,2043,D002968,IP009862,False,none
S002079,2025-02-15,Home & Kitchen,0.877,2642,D004811,IP009989,False,none
S002080,2025-10-29,Electronics,0.776,1679,D002599,IP001788,False,none
S002081,2025-02-03,Fashion,0.97,2607,D002246,IP009270,False,none
S002082,2025-04-29,Sports,0.782,363,D002246,IP003355,False,none
S002083,2025-09-01,Electronics,0.76,44,D001184,IP001985,True,account_takeover
S002084,2025-02-17,Home & Kitchen,0.873,1395,D005254,IP005046,False,none
S002085,2025-08-28,Beauty,0.781,795,D005485,IP004883,False,none
S002086,2025-09-25,Automotive Parts,0.851,2265,D000174,IP003744,False,none
S002087,2025-08-30,Automotive Parts,0.949,1011,D004595,IP004271,False,none
S002088,2025-04-22,Jewelry,0.862,1221,D007388,IP000973,False,none
S002089,2025-01-08,Beauty,0.862,1605,D000012,IP002637,False,none
S002090,2025-11-20,Sports,0.871,2884,D003003,IP001969,False,none
S002091,2025-04-30,Sports,0.681,216,D009609,IP009321,False,none
S002092,2025-10-21,Jewelry,0.889,1658,D004268,IP004934,False,none
S002093,2025-03-14,Grocery,0.866,1167,D000165,IP005461,False,none
S002094,2025-03-01,Automotive Parts,0.939,108,D005270,IP004388,False,none
S002095,2025-10-12,Sports,0.911,2444,D004108,IP008846,True,triangulation
S002096,2025-12-10,Automotive Parts,0.83,2742,D002113,IP007981,False,none
S002097,2025-11-11,Grocery,0.953,520,D000734,IP006895,False,none
S002098,2025-10-02,Grocery,0.821,2279,D008837,IP003117,False,none
S002099,2025-04-01,Books,0.875,2104,D008128,IP003084,False,none
S002100,2025-11-30,Beauty,0.819,2116,D006820,IP009403,False,none
S002101,2025-09-01,Books,0.896,1381,D000176,IP009300,True,bust_out
S002102,2025-03-04,Beauty,0.812,961,D008702,IP002828,True,account_takeover
S002103,2025-02-17,Books,1.0,213,D004732,IP003364,False,none
S002104,2025-11-14,Home & Kitchen,1.0,105,D004754,IP003312,False,none
S002105,2025-04-11,Grocery,0.937,532,D008776,IP007841,False,none
S002106,2025-10-07,Sports,1.0,1584,D004324,IP009493,False,none
S002107,2025-02-20,Grocery,0.696,423,D002362,IP008876,False,none
S002108,2025-04-13,Home & Kitchen,0.708,2060,D002371,IP008404,False,none
S002109,2025-04-14,Grocery,0.818,1859,D009268,IP003484,True,triangulation
S002110,2025-04-13,Jewelry,0.854,1034,D005448,IP003169,False,none
S002111,2025-09-04,Fashion,0.83,262,D005789,IP008889,False,none
S002112,2025-11-30,Beauty,0.686,1552,D005931,IP003952,False,none
S002113,2025-11-29,Books,0.965,2469,D002205,IP002153,False,none
S002114,2025-09-28,Jewelry,1.0,1181,D004199,IP008422,False,none
S002115,2025-03-15,Grocery,0.978,2420,D009515,IP004795,False,none
S002116,2025-12-17,Toys,0.959,859,D001453,IP000860,False,none
S002117,2025-07-17,Home & Kitchen,0.873,241,D009512,IP008961,False,none
S002118,2025-07-19,Automotive Parts,0.766,1950,D002731,IP002946,False,none
S002119,2025-09-14,Jewelry,0.857,2664,D002957,IP003089,False,none
S002120,2025-10-08,Jewelry,1.0,2651,D000142,IP005315,False,none
S002121,2025-12-14,Beauty,0.815,2877,D006636,IP002702,True,bust_out
S002122,2025-08-01,Toys,0.805,324,D003191,IP008289,False,none
S002123,2025-08-11,Home & Kitchen,0.961,131,D004593,IP006916,False,none
S002124,2025-09-30,Automotive Parts,0.967,1708,D005807,IP005646,False,none
S002125,2025-04-04,Jewelry,0.765,2851,D006341,IP002000,False,none
S002126,2025-04-23,Fashion,0.824,2993,D009557,IP004897,False,none
S002127,2025-08-17,Home & Kitchen,0.8,839,D005557,IP002723,False,none
S002128,2025-01-24,Sports,0.857,1126,D001778,IP009621,False,none
S002129,2025-04-27,Toys,0.96,1994,D007035,IP007926,False,none
S002130,2025-09-20,Toys,0.77,2740,D000554,IP001164,False,none
S002131,2025-12-23,Beauty,0.959,525,D008435,IP005280,False,none
S002132,2025-07-09,Books,0.86,2927,D002963,IP007800,False,none
S002133,2025-05-26,Jewelry,1.0,2452,D007222,IP005232,False,none
S002134,2025-06-10,Automotive Parts,0.882,205,D001567,IP001270,False,none
S002135,2025-09-08,Toys,0.84,2525,D004066,IP001397,False,none
S002136,2025-07-18,Jewelry,0.907,1925,D006955,IP007328,False,none
S002137,2025-01-09,Books,0.816,2935,D006213,IP005240,False,none
S002138,2025-07-16,Fashion,0.67,628,D000057,IP005430,False,none
S002139,2025-05-27,Grocery,0.826,2977,D000346,IP002699,False,none
S002140,2025-09-13,Beauty,0.824,143,D009808,IP002646,False,none
S002141,2025-11-16,Books,0.691,228,D005288,IP004072,False,none
S002142,2025-12-18,Grocery,0.843,1343,D008556,IP005433,False,none
S002143,2025-08-11,Automotive Parts,0.643,1974,D000727,IP004687,False,none
S002144,2025-05-13,Automotive Parts,0.815,501,D004906,IP008794,False,none
S002145,2025-06-12,Jewelry,0.47,819,D005763,IP001890,True,collusion
S002146,2025-03-06,Sports,0.86,1170,D009209,IP004721,False,none
S002147,2025-12-08,Toys,0.809,377,D007105,IP002352,False,none
S002148,2025-11-06,Toys,0.841,528,D006280,IP000065,False,none
S002149,2025-11-08,Automotive Parts,0.772,447,D002934,IP004147,False,none
S002150,2025-04-30,Home & Kitchen,0.851,2862,D009937,IP000566,False,none
S002151,2025-04-28,Sports,0.856,2809,D003276,IP003721,False,none
S002152,2025-11-09,Books,0.76,1886,D002783,IP006326,False,none
S002153,2025-07-18,Electronics,0.877,2051,D007237,IP003758,False,none
S002154,2025-09-15,Books,0.876,412,D009969,IP006779,False,none
S002155,2025-06-28,Home & Kitchen,0.833,152,D008568,IP002949,False,none
S002156,2025-06-11,Home & Kitchen,1.0,1131,D001802,IP004017,False,none
S002157,2025-08-19,Books,0.836,2952,D008153,IP008751,False,none
S002158,2025-10-24,Electronics,0.822,1434,D003534,IP002427,False,none
S002159,2025-05-02,Fashion,0.808,2423,D002219,IP005009,False,none
S002160,2025-10-23,Toys,0.753,1110,D009353,IP007159,False,none
S002161,2025-03-31,Sports,0.919,928,D009498,IP003620,False,none
S002162,2025-05-28,Fashion,0.781,2436,D003705,IP003041,False,none
S002163,2025-11-30,Beauty,0.793,1413,D000262,IP006977,False,none
S002164,2025-12-15,Beauty,0.796,2196,D002098,IP000740,False,none
S002165,2025-12-04,Sports,0.752,2180,D005412,IP002655,False,none
S002166,2025-04-26,Beauty,0.675,2181,D000594,IP004096,False,none
S002167,2025-11-04,Electronics,0.804,2028,D002271,IP002173,False,none
S002168,2025-12-08,Sports,0.937,2428,D001489,IP005391,False,none
S002169,2025-12-24,Jewelry,0.87,1389,D009521,IP006193,False,none
S002170,2025-01-08,Sports,1.0,910,D003552,IP009656,False,none
S002171,2025-09-29,Beauty,0.925,1537,D003800,IP006017,False,none
S002172,2025-12-30,Toys,0.902,974,D004212,IP005922,False,none
S002173,2025-10-07,Fashion,1.0,130,D000130,IP007258,False,none
S002174,2025-03-27,Home & Kitchen,0.84,1086,D005424,IP002083,False,none
S002175,2025-10-06,Toys,0.856,1502,D009124,IP004704,False,none
S002176,2025-02-08,Sports,0.849,1561,D008135,IP008321,False,none
S002177,2025-06-25,Toys,1.0,1021,D002507,IP001755,False,none
S002178,2025-08-17,Automotive Parts,0.85,2176,D000134,IP002914,False,none
S002179,2025-06-16,Books,0.785,855,D007733,IP002199,False,none
S002180,2025-09-13,Electronics,0.909,1943,D008411,IP009592,True,bust_out
S002181,2025-03-29,Sports,0.768,809,D009217,IP003541,False,none
S002182,2025-08-10,Sports,0.903,2959,D005772,IP003253,False,none
S002183,2025-08-24,Electronics,0.891,1947,D004735,IP008153,False,none
S002184,2025-08-20,Beauty,0.418,10,D007564,IP009095,True,synthetic_identity
S002185,2025-04-16,Jewelry,0.907,1288,D006903,IP000049,False,none
S002186,2025-04-22,Beauty,0.701,2268,D007569,IP008789,False,none
S002187,2025-04-05,Toys,0.866,1277,D002843,IP007071,False,none
S002188,2025-06-18,Home & Kitchen,0.804,2409,D009032,IP008639,False,none
S002189,2025-08-02,Electronics,1.0,478,D000371,IP000867,False,none
S002190,2025-05-13,Beauty,0.866,2460,D000933,IP000393,False,none
S002191,2025-05-30,Grocery,0.79,2885,D006547,IP003358,False,none
S002192,2025-04-15,Automotive Parts,0.712,728,D005715,IP008498,False,none
S002193,2025-03-21,Books,0.981,672,D005540,IP004985,False,none
S002194,2025-08-28,Jewelry,0.815,2864,D009090,IP007213,False,none
S002195,2025-10-25,Books,0.771,1218,D008708,IP002450,False,none
S002196,2025-04-17,Books,0.884,2086,D007192,IP003342,False,none
S002197,2025-11-11,Toys,0.915,571,D001646,IP008779,False,none
S002198,2025-07-28,Electronics,0.913,1283,D000965,IP004900,False,none
S002199,2025-03-03,Toys,0.852,2109,D001397,IP007796,False,none
S002200,2025-05-14,Jewelry,0.866,2684,D006139,IP006399,True,triangulation
S002201,2025-01-03,Sports,0.873,1308,D007128,IP001755,False,none
S002202,2025-01-15,Grocery,0.884,226,D007998,IP009435,False,none
S002203,2025-05-03,Electronics,0.892,1241,D001031,IP009461,False,none
S002204,2025-06-15,Home & Kitchen,0.959,1929,D002748,IP007800,False,none
S002205,2025-10-19,Home & Kitchen,0.856,2625,D003380,IP004694,False,none
S002206,2025-02-19,Beauty,0.768,2501,D006324,IP004285,False,none
S002207,2025-11-03,Automotive Parts,0.836,2278,D000465,IP002977,False,none
S002208,2025-03-27,Toys,0.925,496,D008404,IP006454,False,none
S002209,2025-02-20,Books,0.671,1560,D000805,IP003100,False,none
S002210,2025-09-13,Books,0.672,1728,D005238,IP001858,False,none
S002211,2025-10-10,Toys,0.942,1406,D009328,IP000606,False,none
S002212,2025-08-09,Automotive Parts,1.0,2769,D001941,IP004239,False,none
S002213,2025-02-12,Home & Kitchen,0.723,2879,D006872,IP008153,False,none
S002214,2025-02-12,Electronics,0.86,631,D005496,IP007913,False,none
S002215,2025-05-23,Grocery,0.81,2869,D008198,IP008494,False,none
S002216,2025-06-14,Books,0.824,2539,D005880,IP006065,False,none
S002217,2025-12-31,Home & Kitchen,0.881,2114,D008482,IP008676,False,none
S002218,2025-04-15,Jewelry,0.721,1144,D004028,IP007832,False,none
S002219,2025-03-12,Fashion,0.739,2280,D001639,IP008066,False,none
S002220,2025-12-12,Home & Kitchen,0.82,1758,D006796,IP005098,False,none
S002221,2025-02-26,Fashion,0.835,2697,D009676,IP000854,False,none
S002222,2025-01-10,Fashion,0.737,2134,D004333,IP003801,False,none
S002223,2025-06-04,Grocery,0.929,2892,D008199,IP008472,False,none
S002224,2025-05-27,Grocery,0.808,1258,D008774,IP007425,False,none
S002225,2025-08-15,Books,0.808,247,D006455,IP000125,False,none
S002226,2025-11-17,Jewelry,0.878,1476,D007916,IP000937,False,none
S002227,2025-12-07,Electronics,0.837,2992,D005629,IP006585,False,none
S002228,2025-04-16,Books,0.934,1965,D008047,IP009786,False,none
S002229,2025-12-24,Fashion,0.757,2109,D003361,IP007314,False,none
S002230,2025-08-19,Automotive Parts,0.71,1876,D005260,IP009483,False,none
S002231,2025-01-26,Books,0.819,1778,D000778,IP000664,False,none
S002232,2025-12-09,Grocery,0.856,185,D001963,IP008803,False,none
S002233,2025-02-20,Sports,0.726,1240,D005791,IP001282,False,none
S002234,2025-08-03,Beauty,0.711,260,D007244,IP008842,False,none
S002235,2025-10-16,Books,0.868,1009,D000297,IP009742,False,none
S002236,2025-04-02,Jewelry,0.774,2159,D000689,IP005110,False,none
S002237,2025-04-09,Fashion,0.705,2412,D000063,IP005325,False,none
S002238,2025-06-23,Jewelry,0.947,671,D005175,IP004979,False,none
S002239,2025-11-19,Grocery,0.787,1963,D003352,IP005532,False,none
S002240,2025-03-23,Electronics,0.965,680,D000529,IP008200,False,none
S002241,2025-08-31,Automotive Parts,0.853,602,D007936,IP002814,False,none
S002242,2025-06-15,Fashion,0.879,2880,D005284,IP002832,False,none
S002243,2025-02-10,Books,0.829,1830,D000100,IP009684,False,none
S002244,2025-09-17,Fashion,0.584,593,D006859,IP008499,False,none
S002245,2025-10-31,Fashion,0.736,424,D009114,IP005403,False,none
S002246,2025-07-30,Books,0.837,149,D004191,IP002008,False,none
S002247,2025-03-06,Books,0.886,1491,D009496,IP009555,False,none
S002248,2025-02-26,Books,0.671,304,D004169,IP008791,False,none
S002249,2025-06-04,Beauty,0.845,1750,D000774,IP003283,False,none
S002250,2025-07-04,Jewelry,0.738,1301,D001227,IP005410,False,none
S002251,2025-07-21,Electronics,0.873,1907,D000669,IP004193,False,none
S002252,2025-03-30,Jewelry,0.848,623,D003018,IP008432,False,none
S002253,2025-07-02,Beauty,0.924,436,D003848,IP006872,False,none
S002254,2025-04-18,Books,0.957,303,D004442,IP004931,True,bust_out
S002255,2025-09-08,Automotive Parts,0.896,287,D004806,IP009679,False,none
S002256,2025-10-18,Home & Kitchen,0.936,217,D008635,IP006084,False,none
S002257,2025-08-27,Toys,0.611,776,D000116,IP004840,True,collusion
S002258,2025-01-01,Jewelry,1.0,2401,D008979,IP009267,False,none
S002259,2025-12-29,Jewelry,0.728,1821,D002389,IP004497,True,bust_out
S002260,2025-01-09,Home & Kitchen,0.797,751,D009535,IP004182,False,none
S002261,2025-12-31,Sports,0.94,2795,D001351,IP003885,False,none
S002262,2025-01-12,Beauty,0.925,2283,D001002,IP002202,True,bust_out
S002263,2025-07-08,Sports,0.899,2337,D001215,IP002792,False,none
S002264,2025-02-08,Beauty,0.918,2695,D002962,IP000909,False,none
S002265,2025-02-04,Electronics,0.642,2237,D009415,IP007281,False,none
S002266,2025-09-07,Automotive Parts,1.0,2870,D004629,IP005899,False,none
S002267,2025-09-23,Books,0.83,991,D001652,IP009325,False,none
S002268,2025-02-13,Toys,0.975,2568,D006417,IP006110,False,none
S002269,2025-12-23,Fashion,0.647,336,D005080,IP000803,False,none
S002270,2025-04-27,Electronics,0.876,901,D007027,IP006207,False,none
S002271,2025-04-27,Toys,0.794,2675,D007415,IP001752,False,none
S002272,2025-04-19,Books,0.907,401,D007860,IP000371,False,none
S002273,2025-06-18,Home & Kitchen,0.882,1503,D001512,IP006626,False,none
S002274,2025-03-06,Grocery,0.887,1022,D004958,IP000274,False,none
S002275,2025-06-05,Beauty,0.744,302,D006306,IP004090,False,none
S002276,2025-03-18,Electronics,0.844,708,D005565,IP008954,False,none
S002277,2025-01-19,Sports,0.832,1605,D009725,IP002560,False,none
S002278,2025-05-15,Fashion,0.9,1892,D009605,IP006955,False,none
S002279,2025-09-03,Electronics,0.949,2026,D008118,IP003766,False,none
S002280,2025-10-06,Fashion,0.865,395,D002400,IP001133,False,none
S002281,2025-05-09,Home & Kitchen,0.416,2,D005288,IP001970,True,synthetic_identity
S002282,2025-04-29,Sports,0.861,313,D008037,IP000746,False,none
S002283,2025-10-15,Automotive Parts,1.0,28,D002682,IP001509,False,none
S002284,2025-09-06,Home & Kitchen,1.0,1172,D007118,IP001618,True,triangulation
S002285,2025-10-31,Electronics,0.553,1865,D002491,IP008832,False,none
S002286,2025-11-27,Fashion,0.856,1113,D001400,IP008069,False,none
S002287,2025-10-27,Beauty,0.943,121,D002399,IP003533,False,none
S002288,2025-12-08,Home & Kitchen,0.832,660,D009264,IP007230,False,none
S002289,2025-06-02,Beauty,0.804,1298,D009953,IP002043,False,none
S002290,2025-05-25,Automotive Parts,0.823,1067,D008553,IP006386,False,none
S002291,2025-04-28,Beauty,0.905,2474,D002712,IP002024,False,none
S002292,2025-03-27,Books,0.735,1794,D007795,IP006407,False,none
S002293,2025-10-01,Books,0.969,2996,D002182,IP003576,True,stolen_goods
S002294,2025-09-18,Fashion,0.844,527,D001267,IP008588,False,none
S002295,2025-10-20,Home & Kitchen,0.756,1111,D002587,IP008350,False,none
S002296,2025-03-03,Toys,0.962,262,D001396,IP003334,False,none
S002297,2025-06-29,Toys,0.695,61,D006405,IP000411,False,none
S002298,2025-03-23,Electronics,0.794,2772,D006831,IP003222,False,none
S002299,2025-11-22,Books,0.793,1479,D000356,IP002819,False,none
S002300,2025-04-08,Beauty,1.0,1979,D001072,IP004254,False,none
S002301,2025-02-22,Beauty,0.781,829,D004790,IP005743,False,none
S002302,2025-07-28,Books,0.635,155,D001133,IP009896,False,none
S002303,2025-11-17,Automotive Parts,0.792,2678,D008282,IP000627,False,none
S002304,2025-12-01,Jewelry,0.896,1975,D004002,IP005548,False,none
S002305,2025-02-05,Automotive Parts,0.928,2134,D004128,IP001716,False,none
S002306,2025-04-29,Toys,1.0,1600,D000053,IP005469,False,none
S002307,2025-02-26,Fashion,0.991,1213,D007014,IP006368,False,none
S002308,2025-04-23,Home & Kitchen,0.869,1267,D007214,IP008095,False,none
S002309,2025-07-14,Beauty,0.761,2286,D007563,IP005599,False,none
S002310,2025-04-13,Beauty,1.0,682,D005402,IP001780,False,none
S002311,2025-01-25,Home & Kitchen,0.813,1024,D002695,IP009136,False,none
S002312,2025-07-06,Fashion,0.784,923,D000781,IP004054,False,none
S002313,2025-01-20,Fashion,0.808,1565,D003155,IP004795,True,bust_out
S002314,2025-03-24,Books,0.725,2902,D005435,IP006413,False,none
S002315,2025-01-01,Toys,0.803,2768,D001166,IP002649,False,none
S002316,2025-02-01,Electronics,0.827,1634,D000540,IP009880,False,none
S002317,2025-06-09,Sports,0.923,601,D002169,IP000445,False,none
S002318,2025-11-07,Jewelry,0.811,2821,D000706,IP001544,False,none
S002319,2025-10-10,Toys,0.723,939,D000142,IP009901,False,none
S002320,2025-02-06,Beauty,0.69,1069,D004854,IP004520,False,none
S002321,2025-01-13,Home & Kitchen,0.871,2656,D007451,IP008932,False,none
S002322,2025-05-04,Beauty,0.857,790,D004998,IP009055,False,none
S002323,2025-08-27,Home & Kitchen,0.795,1386,D000912,IP009903,False,none
S002324,2025-09-30,Automotive Parts,0.803,2750,D003389,IP007255,False,none
S002325,2025-10-28,Automotive Parts,0.889,954,D000355,IP006832,False,none
S002326,2025-05-05,Beauty,0.989,1873,D006217,IP006137,False,none
S002327,2025-03-03,Automotive Parts,0.772,112,D002331,IP006833,False,none
S002328,2025-01-10,Jewelry,0.859,2986,D003873,IP002571,False,none
S002329,2025-02-23,Electronics,0.946,1257,D009020,IP008151,False,none
S002330,2025-01-24,Toys,0.772,2011,D005869,IP001872,False,none
S002331,2025-11-11,Books,0.848,1502,D007648,IP004795,False,none
S002332,2025-04-08,Toys,0.846,1302,D003497,IP003742,False,none
S002333,2025-10-28,Toys,0.719,1219,D009306,IP007614,False,none
S002334,2025-07-21,Toys,0.867,54,D007149,IP002551,False,none
S002335,2025-07-16,Books,0.853,833,D005156,IP002065,False,none
S002336,2025-06-15,Home & Kitchen,0.906,1142,D005792,IP008084,False,none
S002337,2025-10-27,Sports,0.731,1108,D006232,IP004868,False,none
S002338,2025-01-16,Home & Kitchen,0.851,821,D001600,IP007207,False,none
S002339,2025-02-03,Jewelry,0.988,1927,D002516,IP008788,False,none
S002340,2025-06-04,Electronics,1.0,2487,D006862,IP008351,False,none
S002341,2025-05-24,Electronics,0.978,2673,D004407,IP003999,False,none
S002342,2025-07-19,Electronics,0.732,2916,D007839,IP001710,False,none
S002343,2025-09-27,Beauty,0.895,1949,D005258,IP009600,False,none
S002344,2025-08-03,Books,0.802,1233,D000658,IP003099,False,none
S002345,2025-04-04,Automotive Parts,0.878,1938,D006648,IP007692,False,none
S002346,2025-04-30,Toys,0.773,398,D006099,IP007685,False,none
S002347,2025-10-02,Fashion,0.679,2450,D003646,IP004426,False,none
S002348,2025-03-15,Beauty,0.816,1605,D007904,IP001635,False,none
S002349,2025-07-04,Fashion,0.922,496,D003507,IP004721,False,none
S002350,2025-07-16,Toys,0.879,1278,D001146,IP001456,False,none
S002351,2025-10-01,Grocery,0.89,903,D001212,IP003521,False,none
S002352,2025-09-18,Electronics,0.872,1049,D009016,IP003830,False,none
S002353,2025-06-19,Grocery,0.89,152,D003760,IP005182,False,none
S002354,2025-04-23,Home & Kitchen,0.903,49,D004147,IP001864,False,none
S002355,2025-05-15,Books,0.823,1049,D003054,IP008458,True,stolen_goods
S002356,2025-05-31,Jewelry,0.858,905,D007378,IP000789,False,none
S002357,2025-03-22,Grocery,1.0,2996,D006055,IP009856,False,none
S002358,2025-08-17,Books,0.864,788,D008990,IP003127,False,none
S002359,2025-03-18,Books,0.854,988,D008944,IP004895,False,none
S002360,2025-08-25,Fashion,0.86,2745,D009896,IP008755,False,none
S002361,2025-10-02,Fashion,0.828,2579,D003290,IP006542,False,none
S002362,2025-12-18,Beauty,0.806,171,D005839,IP000565,False,none
S002363,2025-02-13,Books,0.871,258,D003464,IP006040,False,none
S002364,2025-10-05,Books,0.799,285,D007042,IP005661,False,none
S002365,2025-02-01,Grocery,0.835,1379,D007481,IP009326,False,none
S002366,2025-05-04,Beauty,0.771,1718,D002516,IP005630,False,none
S002367,2025-03-06,Jewelry,0.861,1055,D008596,IP009921,False,none
S002368,2025-03-01,Toys,0.908,39,D002900,IP005308,False,none
S002369,2025-03-06,Home & Kitchen,0.829,605,D009833,IP001923,False,none
S002370,2025-01-17,Grocery,0.649,1844,D008507,IP005055,False,none
S002371,2025-10-28,Fashion,0.909,1118,D000181,IP009173,False,none
S002372,2025-01-23,Toys,0.862,371,D003982,IP000172,False,none
S002373,2025-05-26,Grocery,0.751,1954,D003883,IP003989,False,none
S002374,2025-09-13,Grocery,0.927,1840,D008224,IP000474,False,none
S002375,2025-12-28,Home & Kitchen,0.71,1471,D007244,IP008419,False,none
S002376,2025-11-08,Fashion,0.955,2820,D000505,IP005112,False,none
S002377,2025-02-20,Electronics,0.844,2533,D008406,IP007161,False,none
S002378,2025-12-27,Electronics,0.623,120,D002182,IP009683,False,none
S002379,2025-08-27,Jewelry,0.868,2714,D003697,IP008322,False,none
S002380,2025-03-07,Grocery,0.809,149,D001700,IP004079,False,none
S002381,2025-06-13,Sports,0.794,1446,D001575,IP009348,False,none
S002382,2025-12-02,Sports,0.776,2705,D005270,IP004723,False,none
S002383,2025-05-24,Beauty,0.837,2945,D000846,IP009785,False,none
S002384,2025-03-09,Fashion,0.801,68,D000805,IP009820,False,none
S002385,2025-11-16,Electronics,0.664,216,D007857,IP002216,False,none
S002386,2025-12-14,Books,0.977,724,D003438,IP007791,False,none
S002387,2025-12-23,Electronics,0.826,829,D006482,IP006978,False,none
S002388,2025-12-15,Fashion,0.777,839,D009862,IP007701,False,none
S002389,2025-11-15,Grocery,0.565,13,D000508,IP001677,True,synthetic_identity
S002390,2025-06-15,Sports,0.927,957,D007942,IP005047,False,none
S002391,2025-03-12,Toys,0.72,1748,D001096,IP001514,False,none
S002392,2025-08-14,Home & Kitchen,0.863,2562,D007605,IP008979,False,none
S002393,2025-03-22,Fashion,0.792,1638,D003060,IP008733,False,none
S002394,2025-06-22,Toys,0.797,996,D001351,IP005811,False,none
S002395,2025-08-28,Beauty,0.74,1704,D002287,IP001298,False,none
S002396,2025-12-12,Sports,0.788,1861,D003645,IP006566,False,none
S002397,2025-04-16,Fashion,0.851,2688,D007297,IP004392,False,none
S002398,2025-04-02,Home & Kitchen,0.874,2842,D006805,IP007875,False,none
S002399,2025-09-26,Fashion,0.771,833,D007286,IP000993,False,none
S002400,2025-01-03,Toys,0.841,2754,D000216,IP004065,False,none
S002401,2025-07-26,Home & Kitchen,0.939,2450,D009753,IP003615,False,none
S002402,2025-09-30,Home & Kitchen,0.684,385,D004339,IP009532,False,none
S002403,2025-07-21,Sports,0.849,1674,D001113,IP002982,False,none
S002404,2025-05-21,Toys,0.755,457,D009285,IP009880,False,none
S002405,2025-10-30,Home & Kitchen,0.745,1471,D007927,IP009220,False,none
S002406,2025-05-16,Books,0.876,135,D000823,IP005871,False,none
S002407,2025-09-17,Beauty,0.795,898,D004368,IP001746,False,none
S002408,2025-06-19,Beauty,0.728,1764,D009062,IP002220,False,none
S002409,2025-01-10,Toys,0.982,912,D006826,IP000171,False,none
S002410,2025-07-13,Fashion,0.942,31,D001945,IP007749,False,none
S002411,2025-01-19,Toys,0.657,1166,D007004,IP007254,False,none
S002412,2025-12-06,Sports,0.703,1623,D001891,IP003221,False,none
S002413,2025-08-08,Fashion,0.909,2290,D003518,IP007312,True,bust_out
S002414,2025-05-16,Sports,0.822,410,D001954,IP005771,False,none
S002415,2025-06-27,Electronics,1.0,1430,D006933,IP008165,False,none
S002416,2025-08-15,Books,0.912,597,D009312,IP000867,False,none
S002417,2025-04-05,Electronics,0.88,462,D000444,IP001988,False,none
S002418,2025-04-16,Fashion,0.748,366,D006037,IP008073,True,bust_out
S002419,2025-06-02,Beauty,0.899,2279,D002484,IP003696,False,none
S002420,2025-04-05,Books,0.722,2758,D007507,IP009590,False,none
S002421,2025-10-04,Grocery,0.981,1990,D001393,IP008807,False,none
S002422,2025-02-07,Toys,0.892,1135,D003664,IP000942,False,none
S002423,2025-10-29,Fashion,0.768,2847,D002059,IP004036,False,none
S002424,2025-05-08,Beauty,0.93,1491,D008732,IP007315,False,none
S002425,2025-07-24,Grocery,1.0,1588,D000825,IP001363,False,none
S002426,2025-02-27,Electronics,0.828,1903,D005819,IP008608,False,none
S002427,2025-05-21,Grocery,0.905,1963,D001204,IP000981,False,none
S002428,2025-10-03,Beauty,0.807,1476,D005998,IP001095,False,none
S002429,2025-04-09,Electronics,0.859,1438,D007679,IP005434,False,none
S002430,2025-02-18,Books,0.699,954,D007523,IP002467,False,none
S002431,2025-07-10,Electronics,0.85,2042,D000333,IP006391,False,none
S002432,2025-03-01,Beauty,0.854,2017,D007736,IP003918,False,none
S002433,2025-04-25,Fashion,1.0,1308,D002968,IP002707,False,none
S002434,2025-06-14,Sports,0.67,2136,D006818,IP008367,False,none
S002435,2025-07-25,Electronics,0.822,414,D009638,IP001594,False,none
S002436,2025-08-22,Electronics,0.979,1249,D001189,IP004934,False,none
S002437,2025-09-04,Sports,0.826,2960,D003627,IP001684,False,none
S002438,2025-11-05,Automotive Parts,0.833,2201,D008667,IP001369,False,none
S002439,2025-01-25,Electronics,0.767,2161,D001415,IP002051,False,none
S002440,2025-05-13,Toys,0.757,2589,D002608,IP002563,False,none
S002441,2025-01-01,Jewelry,0.667,1826,D005490,IP004120,False,none
S002442,2025-01-04,Home & Kitchen,0.787,1988,D009961,IP004673,False,none
S002443,2025-03-19,Toys,0.751,1444,D002947,IP001387,True,account_takeover
S002444,2025-08-07,Jewelry,0.862,2478,D003855,IP000392,False,none
S002445,2025-11-23,Grocery,0.771,2134,D007957,IP000946,False,none
S002446,2025-10-10,Home & Kitchen,0.802,1571,D001199,IP006309,False,none
S002447,2025-08-24,Grocery,0.805,381,D003276,IP009739,False,none
S002448,2025-10-12,Books,0.845,2418,D003160,IP000253,False,none
S002449,2025-03-04,Sports,0.797,979,D004010,IP000347,False,none
S002450,2025-11-03,Toys,0.744,1077,D005735,IP007808,False,none
S002451,2025-11-21,Automotive Parts,0.859,374,D002216,IP007249,False,none
S002452,2025-02-04,Jewelry,0.957,651,D003914,IP007338,False,none
S002453,2025-06-21,Automotive Parts,0.863,378,D009168,IP001730,True,account_takeover
S002454,2025-10-30,Books,0.789,293,D008286,IP008654,False,none
S002455,2025-06-23,Beauty,0.838,65,D009562,IP006235,False,none
S002456,2025-11-03,Fashion,0.645,884,D006822,IP001577,False,none
S002457,2025-12-08,Fashion,0.836,2267,D005822,IP001156,False,none
S002458,2025-06-23,Automotive Parts,0.81,2591,D002134,IP006025,False,none
S002459,2025-01-22,Beauty,0.757,682,D001588,IP007790,False,none
S002460,2025-05-05,Fashion,0.775,1272,D005388,IP007810,False,none
S002461,2025-03-20,Home & Kitchen,0.809,2496,D004048,IP005875,False,none
S002462,2025-06-23,Electronics,0.949,2120,D007875,IP005157,False,none
S002463,2025-08-02,Sports,0.959,2713,D000096,IP006954,False,none
S002464,2025-06-19,Sports,0.757,1261,D008912,IP001308,False,none
S002465,2025-03-13,Beauty,0.798,506,D001705,IP003648,False,none
S002466,2025-04-20,Grocery,0.801,430,D003949,IP000989,False,none
S002467,2025-09-06,Toys,0.931,2126,D003562,IP008388,False,none
S002468,2025-01-10,Automotive Parts,0.865,79,D009244,IP006058,False,none
S002469,2025-03-20,Grocery,0.859,1381,D007204,IP007772,False,none
S002470,2025-11-22,Electronics,0.904,1060,D000359,IP004976,False,none
S002471,2025-02-06,Home & Kitchen,0.79,2756,D008530,IP009298,False,none
S002472,2025-06-01,Grocery,0.986,2994,D006766,IP009295,False,none
S002473,2025-03-17,Sports,0.85,1453,D000681,IP006163,False,none
S002474,2025-02-08,Grocery,0.764,1740,D007819,IP008338,False,none
S002475,2025-06-04,Beauty,0.827,1137,D000339,IP006595,False,none
S002476,2025-07-10,Electronics,0.973,2330,D004251,IP007237,False,none
S002477,2025-03-06,Grocery,0.807,884,D001620,IP002471,False,none
S002478,2025-01-29,Grocery,0.945,2233,D000109,IP009823,False,none
S002479,2025-02-19,Books,0.787,2710,D005595,IP001843,False,none
S002480,2025-08-26,Toys,0.773,515,D006870,IP006946,False,none
S002481,2025-11-11,Electronics,0.916,679,D004796,IP006068,False,none
S002482,2025-03-07,Grocery,0.763,1135,D003425,IP000923,False,none
S002483,2025-04-27,Books,0.932,2483,D005134,IP007746,False,none
S002484,2025-05-06,Books,0.885,1923,D001518,IP000775,False,none
S002485,2025-05-12,Fashion,0.763,583,D000499,IP005095,False,none
S002486,2025-03-31,Grocery,0.843,1104,D001571,IP008158,False,none
S002487,2025-01-21,Grocery,0.795,1930,D000542,IP001251,False,none
S002488,2025-07-11,Jewelry,0.885,2894,D007691,IP003607,False,none
S002489,2025-05-11,Sports,1.0,1353,D006087,IP005083,False,none
S002490,2025-05-05,Grocery,0.813,224,D001873,IP009242,False,none
S002491,2025-04-07,Toys,0.903,314,D005698,IP003819,False,none
S002492,2025-12-06,Books,0.852,87,D004840,IP001182,False,none
S002493,2025-08-11,Books,0.852,378,D001113,IP001314,False,none
S002494,2025-06-02,Grocery,0.833,1238,D009703,IP001987,False,none
S002495,2025-03-16,Jewelry,0.764,845,D009378,IP008666,False,none
S002496,2025-10-20,Electronics,0.884,903,D007588,IP007731,False,none
S002497,2025-11-21,Grocery,0.821,2300,D008086,IP004177,False,none
S002498,2025-01-12,Grocery,0.76,1431,D005471,IP008474,False,none
S002499,2025-12-06,Sports,0.951,2187,D008038,IP009184,False,none
S002500,2025-09-13,Sports,0.86,1626,D005282,IP008671,False,none
S002501,2025-02-06,Grocery,0.827,616,D001660,IP000045,False,none
S002502,2025-10-02,Toys,0.984,2844,D001673,IP000991,False,none
S002503,2025-02-09,Toys,0.666,1429,D008540,IP007254,False,none
S002504,2025-01-19,Jewelry,0.977,2508,D004464,IP003818,False,none
S002505,2025-02-12,Grocery,0.762,291,D007294,IP001588,False,none
S002506,2025-06-17,Home & Kitchen,0.871,2548,D001448,IP006463,False,none
S002507,2025-08-15,Jewelry,0.791,2148,D004478,IP003554,False,none
S002508,2025-05-29,Beauty,0.758,750,D000835,IP009187,False,none
S002509,2025-02-14,Fashion,0.981,2380,D002207,IP005768,False,none
S002510,2025-03-14,Jewelry,1.0,2228,D001091,IP002390,False,none
S002511,2025-11-08,Home & Kitchen,0.828,2680,D002081,IP009345,False,none
S002512,2025-12-18,Home & Kitchen,0.884,629,D006066,IP006003,False,none
S002513,2025-10-03,Home & Kitchen,0.856,2657,D000054,IP002962,False,none
S002514,2025-02-07,Toys,1.0,2286,D001935,IP001435,False,none
S002515,2025-10-27,Fashion,0.639,1014,D006909,IP005550,False,none
S002516,2025-09-10,Fashion,0.888,1051,D001493,IP007472,False,none
S002517,2025-07-12,Beauty,0.777,764,D005555,IP008359,False,none
S002518,2025-02-22,Home & Kitchen,0.614,1430,D008671,IP001275,False,none
S002519,2025-12-30,Fashion,0.814,2689,D007800,IP004321,False,none
S002520,2025-06-11,Automotive Parts,1.0,2513,D001220,IP009999,False,none
S002521,2025-01-17,Sports,0.784,438,D001475,IP006608,False,none
S002522,2025-03-18,Electronics,0.929,394,D007056,IP000922,False,none
S002523,2025-05-27,Fashion,0.97,178,D003464,IP009170,False,none
S002524,2025-01-23,Jewelry,0.849,1842,D004170,IP006853,False,none
S002525,2025-04-29,Home & Kitchen,0.862,943,D004767,IP004601,False,none
S002526,2025-06-20,Fashion,0.678,2282,D005790,IP007770,False,none
S002527,2025-12-13,Books,0.778,2281,D004491,IP006484,False,none
S002528,2025-02-01,Jewelry,0.941,593,D000233,IP002579,False,none
S002529,2025-07-30,Beauty,0.856,2082,D000944,IP007964,False,none
S002530,2025-12-01,Grocery,0.887,2293,D000000,IP002548,False,none
S002531,2025-10-22,Toys,0.863,2961,D002648,IP002289,False,none
S002532,2025-12-04,Fashion,1.0,2168,D008172,IP005961,False,none
S002533,2025-03-04,Grocery,0.807,1079,D009717,IP000186,False,none
S002534,2025-10-20,Automotive Parts,1.0,2999,D004754,IP006304,False,none
S002535,2025-12-24,Automotive Parts,0.863,828,D000272,IP005505,False,none
S002536,2025-04-30,Fashion,1.0,2416,D000713,IP007205,False,none
S002537,2025-07-02,Sports,0.728,1135,D008150,IP001592,False,none
S002538,2025-07-13,Books,0.868,2805,D003434,IP005802,False,none
S002539,2025-06-30,Electronics,0.811,2346,D008816,IP004416,False,none
S002540,2025-04-16,Automotive Parts,0.864,1799,D005063,IP001744,False,none
S002541,2025-12-21,Fashion,0.972,643,D008791,IP004519,False,none
S002542,2025-12-16,Home & Kitchen,0.888,566,D001354,IP009241,False,none
S002543,2025-05-19,Automotive Parts,0.972,2843,D008582,IP008242,False,none
S002544,2025-10-21,Sports,0.783,2405,D005463,IP001666,False,none
S002545,2025-05-26,Books,0.208,12,D004375,IP008467,True,synthetic_identity
S002546,2025-10-18,Toys,0.852,2632,D005287,IP005652,False,none
S002547,2025-08-02,Grocery,0.846,2349,D003271,IP000471,False,none
S002548,2025-06-21,Electronics,0.831,1163,D006028,IP009200,False,none
S002549,2025-02-16,Books,0.754,2481,D007700,IP005259,True,account_takeover
S002550,2025-08-27,Electronics,0.97,2388,D008102,IP009129,False,none
S002551,2025-04-28,Fashion,0.814,1436,D009782,IP000983,False,none
S002552,2025-03-21,Sports,0.993,59,D004127,IP001679,False,none
S002553,2025-03-12,Toys,0.851,2224,D007688,IP009018,False,none
S002554,2025-12-25,Fashion,0.915,1019,D008885,IP002386,False,none
S002555,2025-02-07,Grocery,0.906,1094,D000177,IP005493,False,none
S002556,2025-10-19,Beauty,0.768,2141,D004746,IP006018,False,none
S002557,2025-11-13,Jewelry,0.887,2432,D007007,IP009482,False,none
S002558,2025-01-12,Electronics,1.0,264,D004571,IP003371,False,none
S002559,2025-08-04,Home & Kitchen,0.875,2471,D001000,IP007537,False,none
S002560,2025-07-30,Home & Kitchen,0.94,879,D006556,IP007308,False,none
S002561,2025-05-11,Sports,0.919,1699,D004061,IP007009,False,none
S002562,2025-09-01,Toys,0.881,2605,D006175,IP005224,False,none
S002563,2025-05-30,Fashion,0.869,655,D000013,IP000711,False,none
S002564,2025-06-10,Sports,0.905,663,D000114,IP002660,True,bust_out
S002565,2025-06-07,Automotive Parts,0.926,2910,D006028,IP005609,False,none
S002566,2025-10-20,Fashion,0.715,1119,D009824,IP004110,False,none
S002567,2025-08-20,Home & Kitchen,0.875,2840,D006394,IP001845,False,none
S002568,2025-05-19,Toys,0.832,1072,D009426,IP006911,False,none
S002569,2025-12-05,Grocery,0.811,1859,D008472,IP004611,False,none
S002570,2025-10-20,Fashion,0.98,1531,D002812,IP007851,False,none
S002571,2025-12-07,Home & Kitchen,0.777,2951,D001023,IP005482,False,none
S002572,2025-09-24,Home & Kitchen,0.711,1651,D005585,IP003695,False,none
S002573,2025-05-23,Books,0.93,1508,D006204,IP001088,False,none
S002574,2025-10-10,Electronics,0.708,1399,D007704,IP001049,True,account_takeover
S002575,2025-05-01,Books,0.657,1127,D005210,IP005071,False,none
S002576,2025-04-09,Toys,0.941,1320,D009204,IP003532,False,none
S002577,2025-06-14,Beauty,0.866,1382,D008439,IP007182,False,none
S002578,2025-12-20,Jewelry,0.897,2291,D005859,IP006304,False,none
S002579,2025-07-27,Jewelry,0.806,138,D005513,IP002843,False,none
S002580,2025-05-21,Jewelry,0.712,1503,D000189,IP007598,False,none
S002581,2025-06-18,Jewelry,0.731,1647,D007808,IP005658,False,none
S002582,2025-04-17,Home & Kitchen,0.823,2259,D006806,IP008796,False,none
S002583,2025-08-29,Jewelry,0.723,1999,D008962,IP009531,False,none
S002584,2025-05-08,Fashion,0.881,1296,D000930,IP009619,True,bust_out
S002585,2025-07-22,Beauty,0.804,329,D001460,IP001268,False,none
S002586,2025-05-15,Sports,0.869,1116,D006711,IP005293,False,none
S002587,2025-04-28,Grocery,0.866,767,D004892,IP000288,False,none
S002588,2025-12-21,Sports,0.889,613,D005874,IP008802,True,bust_out
S002589,2025-05-07,Sports,0.9,2163,D004345,IP007026,False,none
S002590,2025-01-26,Beauty,0.816,1434,D006406,IP002620,False,none
S002591,2025-05-19,Sports,0.868,2380,D006585,IP006072,False,none
S002592,2025-07-14,Toys,0.874,416,D001892,IP005596,False,none
S002593,2025-02-04,Toys,0.607,2957,D007603,IP005433,False,none
S002594,2025-04-22,Sports,0.739,1420,D004936,IP005393,True,collusion
S002595,2025-03-02,Books,0.865,760,D005755,IP009841,False,none
S002596,2025-07-02,Beauty,0.906,1089,D006179,IP007686,False,none
S002597,2025-09-21,Fashion,0.721,2524,D007444,IP004024,False,none
S002598,2025-12-20,Home & Kitchen,0.818,2130,D003002,IP007731,False,none
S002599,2025-05-23,Toys,0.741,517,D000067,IP001409,False,none
S002600,2025-11-12,Fashion,0.924,2970,D001816,IP002853,False,none
S002601,2025-03-20,Fashion,0.709,393,D009657,IP001173,False,none
S002602,2025-10-12,Automotive Parts,0.757,826,D002226,IP008858,False,none
S002603,2025-07-25,Home & Kitchen,0.903,2187,D002493,IP000238,False,none
S002604,2025-10-04,Grocery,0.787,1589,D008580,IP008914,False,none
S002605,2025-10-03,Fashion,0.757,1338,D002357,IP008322,False,none
S002606,2025-07-14,Automotive Parts,0.941,2778,D004645,IP009482,False,none
S002607,2025-04-04,Home & Kitchen,0.945,2381,D003705,IP007659,False,none
S002608,2025-07-12,Beauty,0.922,2886,D006610,IP004576,False,none
S002609,2025-10-29,Grocery,0.935,848,D005945,IP008115,False,none
S002610,2025-12-21,Home & Kitchen,0.827,2552,D005148,IP009874,False,none
S002611,2025-12-05,Sports,0.83,640,D005015,IP008924,False,none
S002612,2025-03-08,Grocery,0.785,2417,D008341,IP007849,False,none
S002613,2025-08-07,Electronics,0.867,1646,D005814,IP007667,True,bust_out
S002614,2025-02-08,Electronics,0.797,1794,D005084,IP006531,False,none
S002615,2025-09-02,Grocery,0.807,346,D008873,IP008917,True,bust_out
S002616,2025-12-29,Home & Kitchen,0.91,2637,D000933,IP004322,False,none
S002617,2025-01-20,Automotive Parts,0.968,836,D008334,IP005007,False,none
S002618,2025-08-28,Automotive Parts,0.89,1794,D001979,IP008424,False,none
S002619,2025-12-12,Jewelry,1.0,499,D003316,IP002624,False,none
S002620,2025-11-06,Automotive Parts,0.779,2777,D000132,IP007641,False,none
S002621,2025-05-24,Jewelry,0.666,960,D005713,IP001103,False,none
S002622,2025-02-07,Beauty,0.921,2288,D008315,IP005855,False,none
S002623,2025-12-04,Automotive Parts,0.773,2296,D003817,IP000348,False,none
S002624,2025-12-03,Beauty,0.823,1651,D006632,IP009971,False,none
S002625,2025-07-31,Sports,0.673,363,D003930,IP008420,False,none
S002626,2025-12-24,Electronics,0.76,840,D007592,IP002494,False,none
S002627,2025-01-02,Automotive Parts,0.7,1835,D009986,IP001502,False,none
S002628,2025-08-14,Sports,0.807,1608,D007150,IP006417,False,none
S002629,2025-01-15,Automotive Parts,0.811,1754,D003403,IP009016,True,triangulation
S002630,2025-12-08,Beauty,0.859,748,D008244,IP003211,False,none
S002631,2025-09-06,Beauty,0.974,1614,D000379,IP009615,False,none
S002632,2025-11-30,Sports,0.918,256,D009869,IP004578,False,none
S002633,2025-07-25,Jewelry,0.688,1453,D008395,IP004417,False,none
S002634,2025-01-31,Sports,0.911,275,D006534,IP003389,False,none
S002635,2025-01-10,Grocery,0.861,1991,D006208,IP002706,False,none
S002636,2025-05-03,Home & Kitchen,0.84,1700,D002522,IP003345,False,none
S002637,2025-09-29,Grocery,0.848,2555,D004313,IP001729,False,none
S002638,2025-02-25,Grocery,0.87,1386,D001013,IP003768,False,none
S002639,2025-11-08,Jewelry,0.781,486,D003387,IP002897,False,none
S002640,2025-03-29,Electronics,0.832,706,D005897,IP000566,False,none
S002641,2025-07-01,Beauty,0.968,2442,D003621,IP003626,False,none
S002642,2025-03-16,Electronics,0.78,2874,D007707,IP000398,False,none
S002643,2025-06-20,Toys,0.747,185,D008531,IP001809,True,bust_out
S002644,2025-06-15,Grocery,0.844,2029,D005615,IP007249,False,none
S002645,2025-01-02,Books,0.737,1446,D003408,IP000251,False,none
S002646,2025-07-27,Grocery,0.678,774,D003035,IP003109,False,none
S002647,2025-10-15,Grocery,0.816,1534,D005466,IP006841,False,none
S002648,2025-12-08,Automotive Parts,0.995,2807,D007197,IP000212,False,none
S002649,2025-05-01,Jewelry,0.846,593,D001266,IP007373,False,none
S002650,2025-11-18,Sports,0.868,2511,D004479,IP000814,False,none
S002651,2025-11-17,Jewelry,0.637,269,D004405,IP000552,False,none
S002652,2025-12-27,Electronics,0.894,2162,D002865,IP001958,False,none
S002653,2025-05-17,Grocery,0.859,225,D002377,IP008603,False,none
S002654,2025-11-07,Sports,0.784,182,D008410,IP000482,False,none
S002655,2025-07-26,Automotive Parts,0.868,112,D004324,IP000987,False,none
S002656,2025-01-22,Sports,0.867,2414,D005765,IP009461,False,none
S002657,2025-04-09,Fashion,0.744,1721,D000382,IP006100,False,none
S002658,2025-09-03,Grocery,0.883,2071,D002834,IP005683,False,none
S002659,2025-02-28,Automotive Parts,0.97,467,D002236,IP000404,False,none
S002660,2025-06-08,Electronics,0.721,2764,D003286,IP003940,True,collusion
S002661,2025-10-10,Electronics,0.763,2426,D008416,IP005764,True,bust_out
S002662,2025-02-24,Books,0.832,1466,D005716,IP005327,False,none
S002663,2025-07-01,Sports,0.935,2696,D009022,IP005213,False,none
S002664,2025-03-20,Sports,0.727,429,D004229,IP001128,False,none
S002665,2025-07-15,Electronics,0.908,877,D007700,IP009888,False,none
S002666,2025-03-29,Sports,0.782,146,D001605,IP007018,False,none
S002667,2025-12-19,Sports,0.874,494,D008153,IP002415,False,none
S002668,2025-01-28,Jewelry,0.794,2524,D006104,IP009695,False,none
S002669,2025-12-18,Beauty,0.793,1229,D000387,IP003014,False,none
S002670,2025-10-17,Beauty,1.0,1936,D006891,IP001306,False,none
S002671,2025-11-09,Electronics,0.709,2644,D004792,IP008930,False,none
S002672,2025-11-07,Sports,0.899,2292,D000001,IP001526,False,none
S002673,2025-03-10,Books,1.0,1200,D008469,IP000608,False,none
S002674,2025-12-06,Home & Kitchen,0.919,1045,D005368,IP006286,False,none
S002675,2025-08-05,Grocery,0.717,325,D006065,IP002640,False,none
S002676,2025-12-18,Automotive Parts,0.722,2489,D005771,IP001519,False,none
S002677,2025-11-17,Fashion,0.775,2954,D000905,IP001023,False,none
S002678,2025-07-31,Sports,0.866,1500,D003320,IP001260,False,none
S002679,2025-05-17,Books,0.873,1499,D007016,IP009609,False,none
S002680,2025-02-12,Electronics,0.723,2545,D003387,IP006704,False,none
S002681,2025-02-06,Fashion,0.763,1027,D008883,IP008428,False,none
S002682,2025-05-23,Beauty,0.769,1220,D003176,IP006186,False,none
S002683,2025-10-24,Fashion,0.832,2680,D004595,IP005433,False,none
S002684,2025-07-04,Beauty,1.0,1138,D004453,IP002177,False,none
S002685,2025-06-25,Fashion,0.757,2782,D000188,IP009673,False,none
S002686,2025-03-31,Jewelry,0.752,485,D008119,IP008231,False,none
S002687,2025-07-26,Sports,0.737,1490,D001356,IP005283,False,none
S002688,2025-08-21,Beauty,0.914,1469,D004690,IP001052,False,none
S002689,2025-12-25,Grocery,0.846,920,D009078,IP007601,False,none
S002690,2025-09-24,Electronics,0.76,2889,D009936,IP003325,False,none
S002691,2025-08-10,Sports,0.814,1448,D002302,IP002091,False,none
S002692,2025-11-29,Books,0.771,2637,D003761,IP007388,False,none
S002693,2025-06-05,Jewelry,0.88,658,D005657,IP008371,False,none
S002694,2025-12-08,Home & Kitchen,1.0,1047,D006992,IP006139,False,none
S002695,2025-05-16,Sports,0.905,1435,D002500,IP000739,True,triangulation
S002696,2025-02-16,Grocery,0.841,1692,D005489,IP006000,False,none
S002697,2025-06-02,Grocery,0.784,689,D008343,IP009188,False,none
S002698,2025-02-16,Fashion,0.716,940,D007622,IP006862,False,none
S002699,2025-02-13,Automotive Parts,0.923,1866,D008220,IP002654,False,none
S002700,2025-11-18,Home & Kitchen,0.918,836,D008883,IP006464,False,none
S002701,2025-10-18,Beauty,0.803,2279,D008613,IP002489,False,none
S002702,2025-03-22,Fashion,0.971,1431,D005116,IP008742,False,none
S002703,2025-11-02,Fashion,0.852,2908,D009742,IP008457,False,none
S002704,2025-01-26,Home & Kitchen,0.927,713,D004944,IP005687,False,none
S002705,2025-04-14,Fashion,0.88,2527,D007095,IP001352,False,none
S002706,2025-09-15,Grocery,0.832,1471,D009427,IP004012,False,none
S002707,2025-04-21,Sports,0.755,259,D000432,IP001208,True,bust_out
S002708,2025-09-24,Beauty,0.835,2115,D009336,IP007660,False,none
S002709,2025-11-16,Sports,0.934,635,D008218,IP006806,False,none
S002710,2025-01-25,Books,0.799,416,D009969,IP002592,False,none
S002711,2025-01-09,Fashion,0.894,1595,D007727,IP008562,False,none
S002712,2025-12-10,Home & Kitchen,0.742,2357,D001564,IP007595,True,stolen_goods
S002713,2025-07-09,Jewelry,0.928,773,D003019,IP009363,False,none
S002714,2025-07-04,Electronics,0.881,1869,D000035,IP002799,False,none
S002715,2025-06-19,Automotive Parts,0.73,44,D006078,IP001747,False,none
S002716,2025-06-08,Automotive Parts,0.828,554,D004373,IP004803,False,none
S002717,2025-09-09,Home & Kitchen,0.943,2264,D004747,IP002651,False,none
S002718,2025-07-31,Beauty,0.724,39,D007333,IP007391,False,none
S002719,2025-03-01,Home & Kitchen,0.743,1073,D008202,IP004254,False,none
S002720,2025-08-17,Sports,0.843,1524,D000728,IP006276,False,none
S002721,2025-09-01,Home & Kitchen,1.0,199,D009169,IP001717,False,none
S002722,2025-02-11,Grocery,0.783,2935,D003736,IP000856,False,none
S002723,2025-05-18,Beauty,0.9,1527,D007520,IP009376,False,none
S002724,2025-10-16,Automotive Parts,0.876,1016,D005814,IP004465,False,none
S002725,2025-08-14,Jewelry,0.791,2931,D004437,IP001393,False,none
S002726,2025-02-19,Toys,0.866,1676,D002125,IP008118,False,none
S002727,2025-01-15,Sports,0.805,2035,D001896,IP001327,False,none
S002728,2025-08-01,Electronics,0.814,271,D007311,IP009967,False,none
S002729,2025-06-18,Electronics,0.684,477,D003213,IP003860,False,none
S002730,2025-12-17,Sports,0.848,136,D002295,IP004667,False,none
S002731,2025-07-10,Toys,0.94,1543,D000057,IP002593,False,none
S002732,2025-12-06,Beauty,0.856,2509,D008406,IP000859,False,none
S002733,2025-03-20,Electronics,0.959,2705,D003955,IP004087,False,none
S002734,2025-06-13,Jewelry,0.908,1723,D003482,IP003661,False,none
S002735,2025-02-20,Toys,0.844,163,D003717,IP004480,False,none
S002736,2025-07-29,Toys,0.787,1878,D005986,IP004899,False,none
S002737,2025-03-10,Toys,0.801,1914,D004818,IP006306,False,none
S002738,2025-06-29,Toys,0.703,1791,D005441,IP000734,False,none
S002739,2025-05-06,Books,0.823,2164,D002778,IP003625,False,none
S002740,2025-03-09,Grocery,0.865,1672,D002964,IP008642,False,none
S002741,2025-02-05,Sports,1.0,2112,D008627,IP009518,False,none
S002742,2025-07-06,Fashion,0.903,1459,D004390,IP005387,False,none
S002743,2025-12-12,Jewelry,0.764,451,D009729,IP003661,False,none
S002744,2025-03-14,Home & Kitchen,0.706,240,D008459,IP004161,False,none
S002745,2025-05-28,Electronics,0.829,2721,D007117,IP007821,False,none
S002746,2025-03-23,Electronics,0.931,1323,D005483,IP003971,False,none
S002747,2025-10-23,Grocery,0.828,967,D008374,IP009449,False,none
S002748,2025-06-01,Beauty,0.904,880,D000555,IP000283,False,none
S002749,2025-12-22,Electronics,0.832,156,D004990,IP006059,False,none
S002750,2025-03-31,Jewelry,0.922,2835,D007130,IP005188,False,none
S002751,2025-01-30,Beauty,0.69,250,D001081,IP004516,False,none
S002752,2025-08-01,Automotive Parts,1.0,657,D001824,IP004755,False,none
S002753,2025-08-26,Jewelry,0.739,1373,D000652,IP001588,False,none
S002754,2025-12-28,Electronics,0.929,1074,D004860,IP003458,False,none
S002755,2025-11-15,Books,0.823,120,D005414,IP003534,False,none
S002756,2025-11-19,Books,0.838,988,D004685,IP006586,False,none
S002757,2025-08-20,Fashion,0.826,2338,D000549,IP005982,False,none
S002758,2025-05-12,Beauty,0.876,752,D004864,IP004110,False,none
S002759,2025-06-06,Toys,0.896,2597,D008880,IP005172,False,none
S002760,2025-02-18,Fashion,0.956,1081,D000310,IP005717,False,none
S002761,2025-06-07,Grocery,0.991,41,D007759,IP000471,False,none
S002762,2025-05-14,Home & Kitchen,0.883,327,D002723,IP008850,False,none
S002763,2025-01-14,Automotive Parts,1.0,2430,D000747,IP008924,False,none
S002764,2025-03-16,Jewelry,0.859,1217,D000507,IP003638,False,none
S002765,2025-07-15,Books,0.958,2943,D000127,IP007610,False,none
S002766,2025-05-15,Fashion,0.893,2366,D004149,IP003979,False,none
S002767,2025-12-29,Electronics,0.795,92,D004979,IP000676,False,none
S002768,2025-06-24,Fashion,0.868,938,D006213,IP008659,False,none
S002769,2025-12-16,Toys,0.9,2175,D000811,IP002676,False,none
S002770,2025-08-30,Grocery,0.847,190,D006540,IP003580,True,stolen_goods
S002771,2025-01-15,Fashion,0.891,2997,D007397,IP005757,False,none
S002772,2025-03-16,Grocery,0.937,499,D000645,IP004393,False,none
S002773,2025-09-15,Electronics,0.848,2391,D006751,IP002658,False,none
S002774,2025-07-18,Home & Kitchen,0.556,2521,D001188,IP008008,False,none
S002775,2025-04-21,Sports,1.0,1516,D004393,IP003560,False,none
S002776,2025-07-10,Jewelry,0.82,2410,D006615,IP005918,False,none
S002777,2025-11-26,Grocery,0.768,2654,D008709,IP006654,False,none
S002778,2025-05-22,Sports,0.738,2203,D005311,IP009338,False,none
S002779,2025-01-17,Electronics,0.816,2124,D004354,IP004789,False,none
S002780,2025-04-24,Home & Kitchen,0.794,1166,D008334,IP004706,True,stolen_goods
S002781,2025-12-08,Grocery,0.776,878,D002161,IP009131,False,none
S002782,2025-10-06,Electronics,0.782,2603,D002051,IP004790,True,account_takeover
S002783,2025-11-02,Grocery,0.903,673,D004663,IP002978,False,none
S002784,2025-11-29,Grocery,1.0,1244,D001203,IP000429,False,none
S002785,2025-02-12,Grocery,0.932,1538,D000222,IP003248,False,none
S002786,2025-04-14,Home & Kitchen,0.962,1172,D003620,IP001973,False,none
S002787,2025-01-22,Home & Kitchen,0.812,1119,D001525,IP003048,False,none
S002788,2025-01-02,Fashion,0.86,1797,D006370,IP005399,False,none
S002789,2025-11-01,Beauty,0.893,989,D005485,IP005248,False,none
S002790,2025-12-08,Sports,0.784,2966,D004859,IP001871,False,none
S002791,2025-02-26,Fashion,0.807,534,D004963,IP004640,False,none
S002792,2025-09-21,Sports,0.935,1167,D000985,IP004535,False,none
S002793,2025-07-15,Home & Kitchen,0.959,2536,D004025,IP000428,False,none
S002794,2025-01-26,Sports,0.857,1427,D000712,IP002833,False,none
S002795,2025-12-01,Beauty,0.73,2115,D003549,IP007227,False,none
S002796,2025-11-15,Automotive Parts,0.465,1941,D006776,IP000208,True,collusion
S002797,2025-07-27,Beauty,0.706,994,D009864,IP003009,False,none
S002798,2025-09-16,Jewelry,0.858,2232,D002969,IP004751,False,none
S002799,2025-05-25,Fashion,0.876,713,D002641,IP001665,False,none
S002800,2025-10-17,Electronics,0.823,2249,D006694,IP006462,False,none
S002801,2025-06-12,Fashion,0.874,385,D009179,IP007157,False,none
S002802,2025-12-28,Toys,0.892,2082,D002949,IP003382,False,none
S002803,2025-01-24,Automotive Parts,0.876,338,D008381,IP002302,False,none
S002804,2025-03-04,Fashion,0.73,2606,D003147,IP007765,False,none
S002805,2025-12-20,Grocery,0.825,1876,D006393,IP002150,False,none
S002806,2025-04-16,Books,0.492,6,D002098,IP001460,True,synthetic_identity
S002807,2025-04-24,Beauty,1.0,327,D002620,IP000330,False,none
S002808,2025-10-16,Beauty,0.823,563,D009837,IP000912,False,none
S002809,2025-03-11,Automotive Parts,0.905,2880,D003890,IP008716,False,none
S002810,2025-07-07,Grocery,0.938,1768,D000160,IP009348,False,none
S002811,2025-04-15,Home & Kitchen,0.83,838,D007721,IP005458,False,none
S002812,2025-03-14,Automotive Parts,0.965,831,D001272,IP009216,False,none
S002813,2025-12-18,Toys,0.97,78,D001106,IP007068,False,none
S002814,2025-03-14,Electronics,0.988,610,D008362,IP004065,False,none
S002815,2025-02-04,Jewelry,0.896,2566,D003485,IP007132,False,none
S002816,2025-09-03,Jewelry,1.0,1796,D001381,IP004199,False,none
S002817,2025-11-13,Toys,0.788,1103,D009757,IP009619,False,none
S002818,2025-02-16,Grocery,1.0,64,D002806,IP008510,False,none
S002819,2025-09-16,Home & Kitchen,0.927,1029,D006329,IP008447,False,none
S002820,2025-07-17,Jewelry,0.984,1149,D002627,IP005305,False,none
S002821,2025-10-30,Beauty,0.818,356,D005811,IP005182,False,none
S002822,2025-02-16,Home & Kitchen,0.934,1822,D006969,IP001171,False,none
S002823,2025-12-23,Sports,0.993,1981,D007577,IP006527,False,none
S002824,2025-08-14,Home & Kitchen,0.741,2994,D004112,IP001148,False,none
S002825,2025-11-04,Books,0.834,1077,D006159,IP005404,False,none
S002826,2025-05-13,Grocery,0.636,828,D008405,IP001311,False,none
S002827,2025-12-11,Toys,0.832,2469,D008403,IP004759,True,bust_out
S002828,2025-08-17,Grocery,0.768,1051,D007474,IP007807,False,none
S002829,2025-02-16,Toys,0.828,1892,D003996,IP003083,False,none
S002830,2025-12-03,Automotive Parts,1.0,2212,D005311,IP006018,False,none
S002831,2025-10-18,Home & Kitchen,1.0,2639,D009676,IP002599,False,none
S002832,2025-04-20,Grocery,0.706,956,D002490,IP002997,False,none
S002833,2025-07-19,Sports,0.906,1868,D006925,IP001828,False,none
S002834,2025-05-22,Automotive Parts,0.93,394,D007924,IP001620,False,none
S002835,2025-07-18,Home & Kitchen,0.816,2338,D004808,IP003720,False,none
S002836,2025-12-19,Fashion,0.868,136,D008659,IP001234,False,none
S002837,2025-11-25,Jewelry,0.878,2089,D004282,IP008915,False,none
S002838,2025-03-20,Automotive Parts,0.715,627,D008362,IP007413,False,none
S002839,2025-12-21,Grocery,0.747,1388,D006443,IP002216,False,none
S002840,2025-06-09,Toys,0.867,229,D000517,IP008858,False,none
S002841,2025-09-15,Toys,0.86,2066,D008233,IP003653,False,none
S002842,2025-10-06,Books,0.779,1446,D006979,IP005310,False,none
S002843,2025-06-26,Grocery,0.771,1991,D002223,IP006989,False,none
S002844,2025-06-16,Home & Kitchen,0.841,1043,D007039,IP007727,False,none
S002845,2025-06-16,Electronics,0.939,21,D005115,IP000077,False,none
S002846,2025-11-11,Electronics,0.842,1743,D009430,IP002831,False,none
S002847,2025-05-22,Beauty,1.0,2096,D003046,IP003365,False,none
S002848,2025-04-13,Books,0.78,1994,D002634,IP005856,False,none
S002849,2025-05-12,Toys,0.869,787,D000584,IP008724,False,none
S002850,2025-03-13,Books,0.815,2149,D007863,IP004380,False,none
S002851,2025-05-23,Toys,0.909,1625,D009851,IP004634,False,none
S002852,2025-02-11,Home & Kitchen,0.772,631,D006890,IP000876,False,none
S002853,2025-02-02,Grocery,1.0,334,D003693,IP005260,False,none
S002854,2025-09-22,Grocery,0.681,976,D008787,IP004873,False,none
S002855,2025-01-29,Automotive Parts,1.0,70,D002533,IP006366,True,bust_out
S002856,2025-07-27,Jewelry,0.859,2148,D006933,IP008467,False,none
S002857,2025-10-12,Beauty,0.905,46,D005969,IP005671,False,none
S002858,2025-09-22,Grocery,0.983,146,D008524,IP000517,False,none
S002859,2025-06-12,Beauty,0.936,475,D009717,IP008172,False,none
S002860,2025-03-12,Jewelry,0.777,978,D003595,IP004771,False,none
S002861,2025-12-06,Books,0.91,60,D000953,IP004865,False,none
S002862,2025-11-01,Jewelry,1.0,1889,D001576,IP008732,False,none
S002863,2025-08-12,Home & Kitchen,0.761,398,D007393,IP005898,False,none
S002864,2025-02-01,Electronics,1.0,2409,D003633,IP007900,False,none
S002865,2025-01-13,Fashion,0.889,1677,D001398,IP008801,True,stolen_goods
S002866,2025-04-26,Sports,0.807,250,D008150,IP004934,False,none
S002867,2025-02-27,Automotive Parts,0.761,1201,D006488,IP009824,False,none
S002868,2025-11-11,Books,0.828,421,D001316,IP001713,False,none
S002869,2025-03-17,Jewelry,0.654,2942,D007132,IP008712,False,none
S002870,2025-04-14,Toys,0.808,1777,D006379,IP008485,False,none
S002871,2025-12-23,Automotive Parts,0.491,3,D009847,IP000997,True,synthetic_identity
S002872,2025-10-26,Automotive Parts,0.743,1123,D009875,IP001531,False,none
S002873,2025-03-21,Home & Kitchen,0.925,441,D009753,IP000369,False,none
S002874,2025-05-20,Jewelry,0.828,705,D008950,IP002768,False,none
S002875,2025-07-08,Electronics,0.786,1250,D007932,IP009914,False,none
S002876,2025-08-31,Sports,0.817,2311,D006711,IP001242,False,none
S002877,2025-12-08,Toys,0.886,1293,D005447,IP000337,False,none
S002878,2025-11-14,Beauty,0.857,2785,D007926,IP004590,False,none
S002879,2025-12-23,Automotive Parts,0.78,1086,D009658,IP003534,False,none
S002880,2025-01-15,Books,0.863,700,D001164,IP006291,False,none
S002881,2025-03-28,Fashion,0.845,1487,D001364,IP006065,False,none
S002882,2025-07-25,Fashion,0.736,334,D004988,IP008271,False,none
S002883,2025-01-18,Fashion,0.821,2009,D002936,IP004149,False,none
S002884,2025-05-10,Beauty,0.908,303,D005319,IP004613,False,none
S002885,2025-02-26,Electronics,0.907,1923,D003112,IP000226,False,none
S002886,2025-12-07,Home & Kitchen,0.827,1148,D007826,IP009707,False,none
S002887,2025-01-24,Grocery,0.918,1071,D008983,IP002132,False,none
S002888,2025-02-24,Jewelry,0.752,1832,D002825,IP005958,False,none
S002889,2025-03-13,Grocery,0.755,2115,D007724,IP008806,True,bust_out
S002890,2025-02-24,Toys,0.825,2786,D001064,IP006044,False,none
S002891,2025-07-27,Books,1.0,869,D007967,IP006253,False,none
S002892,2025-05-13,Automotive Parts,0.866,2435,D006981,IP001752,True,triangulation
S002893,2025-11-30,Electronics,0.822,2506,D007104,IP007090,False,none
S002894,2025-04-06,Automotive Parts,1.0,2987,D004925,IP001901,False,none
S002895,2025-07-16,Grocery,0.821,2893,D001069,IP006917,False,none
S002896,2025-08-29,Beauty,1.0,2371,D008422,IP005766,False,none
S002897,2025-08-17,Toys,0.799,884,D001097,IP004895,False,none
S002898,2025-10-18,Toys,0.749,2084,D004814,IP007208,False,none
S002899,2025-03-15,Fashion,0.833,2354,D001743,IP007197,False,none
S002900,2025-07-05,Home & Kitchen,0.825,875,D008462,IP002047,False,none
S002901,2025-10-20,Home & Kitchen,0.769,2440,D005742,IP003755,False,none
S002902,2025-11-12,Electronics,1.0,2106,D005078,IP004840,False,none
S002903,2025-08-14,Sports,0.882,1472,D003173,IP001517,False,none
S002904,2025-08-26,Toys,0.896,2585,D007826,IP003562,False,none
S002905,2025-11-12,Beauty,0.804,264,D002100,IP000414,False,none
S002906,2025-08-17,Fashion,0.792,2051,D007207,IP004387,False,none
S002907,2025-12-13,Automotive Parts,0.953,2358,D009692,IP002057,False,none
S002908,2025-02-16,Books,0.682,122,D002660,IP002221,False,none
S002909,2025-05-07,Toys,0.736,1223,D006860,IP008183,False,none
S002910,2025-02-10,Grocery,0.825,1551,D003093,IP001407,False,none
S002911,2025-02-03,Beauty,0.985,625,D009297,IP001207,False,none
S002912,2025-06-22,Home & Kitchen,0.813,2638,D008991,IP003205,False,none
S002913,2025-03-24,Books,0.892,1880,D003137,IP000234,False,none
S002914,2025-05-29,Grocery,0.853,825,D002310,IP008689,False,none
S002915,2025-06-09,Books,0.98,1311,D000825,IP009869,False,none
S002916,2025-08-15,Sports,0.692,336,D006975,IP008052,False,none
S002917,2025-12-12,Electronics,0.924,263,D009196,IP007993,True,stolen_goods
S002918,2025-11-07,Books,0.83,2239,D001451,IP001016,False,none
S002919,2025-05-19,Books,0.942,2951,D008161,IP005545,False,none
S002920,2025-04-29,Toys,0.768,831,D007551,IP000878,False,none
S002921,2025-10-09,Home & Kitchen,0.852,734,D004719,IP003008,False,none
S002922,2025-02-15,Automotive Parts,0.84,2052,D002232,IP004929,False,none
S002923,2025-07-17,Beauty,0.75,1533,D006529,IP006815,False,none
S002924,2025-06-04,Home & Kitchen,0.722,419,D005940,IP002773,True,bust_out
S002925,2025-03-08,Grocery,0.792,2002,D008115,IP002561,False,none
S002926,2025-08-14,Toys,0.863,630,D005642,IP008234,True,stolen_goods
S002927,2025-04-28,Sports,0.774,346,D000488,IP002242,False,none
S002928,2025-03-09,Books,0.817,1393,D002035,IP004861,True,bust_out
S002929,2025-08-27,Beauty,0.661,2218,D003806,IP002868,False,none
S002930,2025-03-05,Fashion,0.813,1563,D004914,IP008527,False,none
S002931,2025-09-03,Fashion,0.952,1945,D003499,IP005348,False,none
S002932,2025-03-01,Automotive Parts,0.921,714,D008792,IP001081,False,none
S002933,2025-06-08,Sports,0.841,1481,D002811,IP001479,False,none
S002934,2025-10-22,Toys,0.874,2139,D006805,IP009700,False,none
S002935,2025-03-25,Beauty,0.767,1585,D003614,IP009403,False,none
S002936,2025-10-08,Grocery,1.0,719,D009926,IP007671,False,none
S002937,2025-09-21,Automotive Parts,1.0,2864,D009161,IP000775,False,none
S002938,2025-11-26,Grocery,0.866,202,D007845,IP007318,True,bust_out
S002939,2025-03-03,Sports,1.0,2732,D007648,IP006607,False,none
S002940,2025-09-19,Toys,0.782,2173,D006434,IP009402,False,none
S002941,2025-12-08,Jewelry,0.725,336,D005872,IP004863,False,none
S002942,2025-10-06,Jewelry,0.779,766,D005632,IP004703,False,none
S002943,2025-03-10,Beauty,0.828,1106,D000269,IP006326,False,none
S002944,2025-10-28,Automotive Parts,1.0,2872,D009374,IP001488,True,stolen_goods
S002945,2025-02-09,Jewelry,0.822,1550,D009816,IP007454,False,none
S002946,2025-08-03,Jewelry,0.764,775,D005270,IP004969,False,none
S002947,2025-07-01,Electronics,0.76,2760,D008705,IP001879,False,none
S002948,2025-07-13,Fashion,0.964,354,D004026,IP008152,False,none
S002949,2025-07-09,Home & Kitchen,0.95,2449,D001122,IP002644,False,none
S002950,2025-01-12,Grocery,0.801,2492,D008344,IP008595,False,none
S002951,2025-07-05,Electronics,0.662,1160,D005094,IP002727,False,none
S002952,2025-12-08,Electronics,0.737,130,D009402,IP004885,False,none
S002953,2025-06-09,Electronics,1.0,2658,D002132,IP004367,False,none
S002954,2025-04-12,Fashion,0.919,2902,D004789,IP007323,True,bust_out
S002955,2025-12-30,Automotive Parts,0.857,1135,D006674,IP001862,False,none
S002956,2025-02-06,Grocery,1.0,558,D001372,IP002469,False,none
S002957,2025-06-27,Grocery,1.0,814,D009966,IP001924,False,none
S002958,2025-07-07,Home & Kitchen,0.846,410,D006083,IP002305,False,none
S002959,2025-06-24,Books,0.848,1830,D001718,IP004528,False,none
S002960,2025-12-03,Grocery,0.792,1556,D007408,IP005862,False,none
S002961,2025-06-03,Sports,0.822,1068,D008784,IP008636,False,none
S002962,2025-12-22,Jewelry,0.701,1952,D003736,IP004217,False,none
S002963,2025-01-25,Sports,0.701,1867,D006099,IP004099,False,none
S002964,2025-09-25,Beauty,0.678,34,D007478,IP001610,False,none
S002965,2025-08-05,Books,0.958,1229,D001455,IP000989,False,none
S002966,2025-03-29,Automotive Parts,0.694,2590,D005310,IP007613,False,none
S002967,2025-03-25,Jewelry,1.0,2387,D005591,IP006328,False,none
S002968,2025-09-20,Toys,0.777,2564,D003013,IP005321,False,none
S002969,2025-08-21,Sports,1.0,2862,D002996,IP004440,False,none
S002970,2025-08-12,Automotive Parts,0.813,185,D006295,IP005203,False,none
S002971,2025-01-19,Grocery,0.693,811,D007516,IP008456,False,none
S002972,2025-08-07,Sports,0.978,1378,D003889,IP001893,True,bust_out
S002973,2025-12-25,Home & Kitchen,0.99,1530,D001465,IP004987,False,none
S002974,2025-01-07,Automotive Parts,0.759,2358,D007868,IP002411,False,none
S002975,2025-06-21,Automotive Parts,0.817,2173,D001736,IP001049,False,none
S002976,2025-06-30,Electronics,0.759,2118,D000030,IP006927,False,none
S002977,2025-11-24,Electronics,0.838,476,D003223,IP007048,False,none
S002978,2025-04-14,Fashion,0.861,2033,D008181,IP008519,False,none
S002979,2025-06-23,Beauty,0.272,13,D007567,IP000214,True,synthetic_identity
S002980,2025-09-19,Fashion,0.668,2256,D003065,IP001772,False,none
S002981,2025-01-23,Jewelry,0.792,1749,D005193,IP005745,False,none
S002982,2025-10-20,Automotive Parts,0.92,265,D009596,IP008123,False,none
S002983,2025-10-28,Fashion,0.829,450,D007188,IP009400,False,none
S002984,2025-09-20,Jewelry,0.817,2229,D007591,IP007880,False,none
S002985,2025-08-25,Fashion,0.757,2604,D000875,IP009049,False,none
S002986,2025-09-30,Grocery,0.789,2476,D002410,IP008149,False,none
S002987,2025-10-13,Beauty,0.991,1280,D001040,IP003157,False,none
S002988,2025-11-26,Electronics,0.736,1762,D009787,IP005817,False,none
S002989,2025-06-06,Toys,0.922,530,D003422,IP006353,False,none
S002990,2025-06-16,Jewelry,0.855,1775,D004995,IP003518,False,none
S002991,2025-08-21,Automotive Parts,0.874,586,D005515,IP008855,False,none
S002992,2025-03-12,Fashion,0.777,2385,D005229,IP007710,False,none
S002993,2025-11-09,Jewelry,0.815,2356,D000520,IP005168,False,none
S002994,2025-10-09,Home & Kitchen,0.849,154,D009095,IP004799,False,none
S002995,2025-08-19,Toys,0.798,2807,D003803,IP007926,False,none
S002996,2025-04-21,Fashion,0.883,2388,D009184,IP002218,True,stolen_goods
S002997,2025-05-07,Automotive Parts,0.896,1135,D007650,IP002185,False,none
S002998,2025-06-08,Grocery,1.0,1354,D006968,IP004023,False,none
S002999,2025-08-30,Books,0.878,237,D007028,IP001275,False,none
S003000,2025-10-11,Grocery,0.659,2809,D009784,IP004577,False,none
S003001,2025-09-03,Jewelry,0.966,303,D003033,IP004324,False,none
S003002,2025-12-06,Fashion,0.83,2767,D003288,IP005053,False,none
S003003,2025-12-17,Home & Kitchen,1.0,1963,D006706,IP004615,False,none
S003004,2025-09-15,Electronics,0.997,2756,D002323,IP008975,False,none
S003005,2025-05-16,Toys,0.799,1112,D008039,IP002745,False,none
S003006,2025-08-07,Toys,0.922,2687,D000292,IP004111,False,none
S003007,2025-06-05,Electronics,0.791,1278,D008972,IP007382,False,none
S003008,2025-08-18,Books,0.85,1050,D003463,IP002848,False,none
S003009,2025-10-24,Electronics,0.918,1011,D000045,IP006565,False,none
S003010,2025-05-15,Grocery,0.961,2855,D006026,IP009623,False,none
S003011,2025-07-04,Grocery,0.94,1397,D002754,IP003753,False,none
S003012,2025-01-17,Jewelry,0.857,1436,D003053,IP002419,False,none
S003013,2025-09-26,Fashion,1.0,1931,D004814,IP001901,False,none
S003014,2025-06-28,Jewelry,0.813,1667,D005796,IP000111,False,none
S003015,2025-06-17,Sports,0.689,1623,D001361,IP002840,True,account_takeover
S003016,2025-07-14,Jewelry,0.709,1137,D000483,IP008498,False,none
S003017,2025-03-20,Books,0.997,493,D004613,IP002547,False,none
S003018,2025-08-07,Books,0.842,2983,D003540,IP009544,False,none
S003019,2025-09-29,Electronics,0.866,1474,D005821,IP009529,False,none
S003020,2025-05-08,Books,0.796,2916,D007480,IP006821,False,none
S003021,2025-02-17,Toys,0.805,1382,D006145,IP009808,False,none
S003022,2025-05-22,Jewelry,0.771,1798,D001043,IP004076,False,none
S003023,2025-03-14,Books,0.897,1637,D009962,IP009563,False,none
S003024,2025-05-17,Electronics,0.84,2897,D007148,IP005437,False,none
S003025,2025-08-17,Jewelry,0.894,332,D000491,IP000807,False,none
S003026,2025-02-11,Electronics,0.884,1553,D007633,IP008320,False,none
S003027,2025-09-30,Home & Kitchen,0.807,461,D008805,IP009504,False,none
S003028,2025-03-23,Home & Kitchen,0.704,2604,D005687,IP008853,True,stolen_goods
S003029,2025-11-23,Automotive Parts,0.695,1591,D008324,IP004168,False,none
S003030,2025-09-25,Fashion,1.0,2769,D008860,IP001025,False,none
S003031,2025-04-10,Jewelry,0.998,827,D009640,IP005854,False,none
S003032,2025-07-25,Home & Kitchen,0.984,489,D009545,IP008679,False,none
S003033,2025-02-10,Books,0.783,1887,D001937,IP008406,False,none
S003034,2025-02-06,Electronics,0.851,438,D000346,IP006173,False,none
S003035,2025-12-15,Beauty,0.768,1118,D006517,IP007863,False,none
S003036,2025-10-20,Books,0.719,942,D006790,IP000322,False,none
S003037,2025-02-26,Grocery,0.791,662,D005688,IP006234,False,none
S003038,2025-04-14,Jewelry,0.983,393,D002371,IP001084,False,none
S003039,2025-03-14,Jewelry,0.934,1969,D009487,IP007493,False,none
S003040,2025-05-25,Sports,0.753,2274,D004081,IP000455,True,stolen_goods
S003041,2025-04-17,Beauty,0.819,1182,D007415,IP005949,False,none
S003042,2025-04-30,Home & Kitchen,0.925,843,D006231,IP009485,False,none
S003043,2025-07-13,Automotive Parts,0.793,473,D008955,IP001119,False,none
S003044,2025-03-11,Books,0.858,2031,D007122,IP004265,False,none
S003045,2025-11-19,Automotive Parts,0.89,2426,D006346,IP000408,False,none
S003046,2025-09-23,Toys,0.889,1644,D008401,IP007156,True,triangulation
S003047,2025-10-05,Toys,0.875,1295,D000542,IP009253,False,none
S003048,2025-03-03,Jewelry,0.785,1945,D007053,IP000017,False,none
S003049,2025-09-16,Grocery,0.795,2745,D005862,IP005459,False,none
S003050,2025-11-02,Home & Kitchen,0.737,2969,D007773,IP007931,False,none
S003051,2025-03-05,Sports,0.694,581,D002241,IP000253,False,none
S003052,2025-10-02,Home & Kitchen,0.839,1430,D005990,IP004820,False,none
S003053,2025-05-11,Grocery,0.932,2629,D002841,IP001289,False,none
S003054,2025-10-15,Electronics,0.712,1898,D001170,IP009236,False,none
S003055,2025-06-24,Jewelry,0.877,2447,D005753,IP005094,False,none
S003056,2025-10-20,Automotive Parts,0.928,2987,D000214,IP005208,False,none
S003057,2025-02-23,Electronics,0.666,312,D000931,IP009972,False,none
S003058,2025-05-23,Books,0.823,1837,D005297,IP007888,False,none
S003059,2025-04-10,Electronics,1.0,1595,D008985,IP003138,False,none
S003060,2025-04-01,Beauty,0.905,854,D007155,IP006294,True,bust_out
S003061,2025-04-23,Beauty,0.663,1961,D000154,IP002969,False,none
S003062,2025-05-20,Sports,0.916,312,D001088,IP005205,False,none
S003063,2025-02-16,Automotive Parts,0.775,1486,D004310,IP008122,False,none
S003064,2025-09-16,Toys,0.919,1244,D004292,IP009482,True,bust_out
S003065,2025-07-20,Beauty,0.781,1171,D000399,IP009515,False,none
S003066,2025-10-30,Electronics,0.845,1842,D002561,IP004955,False,none
S003067,2025-09-15,Jewelry,0.796,2831,D001269,IP008950,False,none
S003068,2025-02-24,Beauty,0.85,2842,D005670,IP008923,False,none
S003069,2025-01-26,Toys,0.793,2102,D006583,IP005464,False,none
S003070,2025-06-04,Electronics,0.828,993,D003905,IP000360,False,none
S003071,2025-06-25,Home & Kitchen,0.732,2897,D005715,IP001190,False,none
S003072,2025-03-29,Sports,0.899,2995,D002014,IP006574,False,none
S003073,2025-10-13,Automotive Parts,0.868,2538,D008516,IP008303,False,none
S003074,2025-08-01,Beauty,0.688,2619,D000043,IP009116,False,none
S003075,2025-10-01,Sports,0.949,2451,D005043,IP002431,False,none
S003076,2025-02-09,Jewelry,0.832,2280,D003215,IP008992,True,account_takeover
S003077,2025-10-25,Beauty,0.866,2177,D004508,IP008265,False,none
S003078,2025-03-17,Home & Kitchen,0.926,1915,D005161,IP004850,False,none
S003079,2025-06-13,Electronics,0.883,1938,D006460,IP003740,False,none
S003080,2025-06-10,Automotive Parts,0.967,1169,D009292,IP004720,False,none
S003081,2025-10-27,Fashion,0.821,2660,D005611,IP006754,False,none
S003082,2025-04-12,Home & Kitchen,0.953,1904,D002274,IP008105,False,none
S003083,2025-03-29,Fashion,0.862,1840,D005241,IP001716,False,none
S003084,2025-05-04,Grocery,0.901,2225,D005122,IP003350,False,none
S003085,2025-05-12,Beauty,0.89,226,D008646,IP001201,True,stolen_goods
S003086,2025-03-08,Grocery,0.974,2756,D005664,IP009371,False,none
S003087,2025-03-06,Books,0.922,1748,D008680,IP004070,False,none
S003088,2025-03-26,Electronics,0.806,2833,D006492,IP002506,False,none
S003089,2025-06-20,Beauty,0.786,309,D005718,IP002033,False,none
S003090,2025-05-06,Electronics,0.845,701,D003285,IP000743,False,none
S003091,2025-05-24,Electronics,0.774,2847,D002560,IP004712,False,none
S003092,2025-09-20,Toys,0.745,2078,D000994,IP007719,False,none
S003093,2025-03-29,Home & Kitchen,0.637,1940,D005482,IP003230,False,none
S003094,2025-11-29,Electronics,0.695,1213,D009213,IP004047,False,none
S003095,2025-10-02,Toys,1.0,1667,D000126,IP006364,False,none
S003096,2025-03-05,Toys,0.784,1639,D009527,IP003557,False,none
S003097,2025-04-25,Automotive Parts,1.0,594,D008593,IP007391,False,none
S003098,2025-03-08,Books,0.89,1700,D004382,IP003209,False,none
S003099,2025-04-10,Beauty,0.845,1547,D003136,IP004462,False,none
S003100,2025-05-14,Toys,0.7,939,D005805,IP009804,False,none
S003101,2025-02-17,Electronics,0.85,1028,D008555,IP008361,False,none
S003102,2025-01-06,Beauty,1.0,2303,D000290,IP005716,False,none
S003103,2025-06-10,Sports,1.0,2026,D004493,IP003918,False,none
S003104,2025-09-13,Electronics,0.877,1410,D000472,IP009919,False,none
S003105,2025-04-21,Automotive Parts,0.735,1813,D006440,IP004625,False,none
S003106,2025-11-11,Sports,0.754,724,D000766,IP003435,False,none
S003107,2025-05-15,Grocery,0.765,1498,D003166,IP005960,False,none
S003108,2025-11-25,Home & Kitchen,0.978,1685,D007387,IP004139,False,none
S003109,2025-03-28,Jewelry,1.0,758,D007519,IP008894,False,none
S003110,2025-07-16,Beauty,0.87,509,D002272,IP002117,False,none
S003111,2025-10-06,Automotive Parts,0.82,1577,D005129,IP000501,False,none
S003112,2025-01-22,Sports,1.0,2822,D001844,IP004303,False,none
S003113,2025-12-06,Books,0.752,1385,D005916,IP009482,False,none
S003114,2025-05-14,Home & Kitchen,0.855,2704,D000083,IP000620,False,none
S003115,2025-07-01,Automotive Parts,0.896,2553,D008137,IP008081,False,none
S003116,2025-08-18,Fashion,0.764,2234,D000228,IP000005,False,none
S003117,2025-08-23,Electronics,0.786,2683,D006085,IP005575,False,none
S003118,2025-01-09,Toys,0.779,1234,D004053,IP004530,False,none
S003119,2025-11-13,Jewelry,0.992,2277,D002234,IP001597,False,none
S003120,2025-08-16,Automotive Parts,1.0,435,D005416,IP007460,False,none
S003121,2025-12-31,Jewelry,0.861,959,D001417,IP001753,False,none
S003122,2025-06-22,Sports,0.823,1700,D005790,IP004370,False,none
S003123,2025-08-12,Automotive Parts,0.79,115,D006447,IP005583,False,none
S003124,2025-06-10,Toys,0.85,2295,D004579,IP005180,False,none
S003125,2025-11-21,Toys,0.795,2776,D003616,IP000316,False,none
S003126,2025-10-31,Fashion,0.84,316,D004595,IP004456,False,none
S003127,2025-11-28,Grocery,0.891,2976,D009566,IP006547,False,none
S003128,2025-07-04,Beauty,0.809,265,D007531,IP005268,False,none
S003129,2025-10-16,Fashion,0.831,381,D000058,IP007300,False,none
S003130,2025-05-11,Beauty,0.831,2287,D002895,IP007756,False,none
S003131,2025-06-18,Books,0.818,2057,D000248,IP001793,False,none
S003132,2025-10-05,Home & Kitchen,0.806,2808,D002377,IP008037,False,none
S003133,2025-01-30,Beauty,0.926,1276,D007784,IP008947,False,none
S003134,2025-09-17,Beauty,0.673,1718,D008543,IP008380,False,none
S003135,2025-01-06,Sports,1.0,446,D004570,IP008512,False,none
S003136,2025-07-31,Grocery,0.864,2075,D006892,IP002124,False,none
S003137,2025-06-24,Books,0.911,2994,D003705,IP006520,False,none
S003138,2025-06-21,Fashion,0.923,1790,D004768,IP004578,False,none
S003139,2025-06-30,Beauty,0.779,2799,D008291,IP009840,False,none
S003140,2025-06-29,Books,0.759,1181,D002754,IP008310,False,none
S003141,2025-05-29,Home & Kitchen,0.747,2947,D003183,IP001615,False,none
S003142,2025-06-14,Electronics,0.825,1610,D001365,IP009418,False,none
S003143,2025-07-27,Beauty,0.92,432,D002183,IP006971,False,none
S003144,2025-10-06,Books,0.792,1088,D000374,IP005429,False,none
S003145,2025-07-21,Books,0.911,1476,D008157,IP004460,False,none
S003146,2025-08-23,Fashion,0.613,201,D008523,IP004929,False,none
S003147,2025-11-02,Books,0.811,2687,D004214,IP007709,False,none
S003148,2025-12-28,Fashion,0.967,718,D005933,IP007645,False,none
S003149,2025-02-09,Grocery,0.833,2025,D002487,IP005520,False,none
S003150,2025-09-18,Sports,0.767,2760,D000458,IP009916,False,none
S003151,2025-03-24,Fashion,0.784,1304,D005157,IP002323,False,none
S003152,2025-03-13,Beauty,0.547,1828,D001585,IP004259,False,none
S003153,2025-10-17,Jewelry,0.749,1550,D008482,IP005987,False,none
S003154,2025-01-26,Toys,0.956,2292,D002795,IP001650,False,none
S003155,2025-11-06,Books,0.792,116,D007376,IP004988,False,none
S003156,2025-10-09,Grocery,0.804,1079,D002630,IP008343,False,none
S003157,2025-12-30,Electronics,0.617,1834,D001264,IP006754,False,none
S003158,2025-09-01,Automotive Parts,0.687,275,D005483,IP007104,False,none
S003159,2025-11-15,Beauty,0.969,2579,D001833,IP001616,False,none
S003160,2025-02-13,Grocery,0.912,1896,D003994,IP001450,False,none
S003161,2025-11-21,Toys,0.72,9,D002933,IP004418,False,none
S003162,2025-02-28,Sports,0.787,37,D008822,IP003235,False,none
S003163,2025-04-25,Beauty,0.847,480,D005030,IP000100,False,none
S003164,2025-02-16,Jewelry,0.73,1992,D007194,IP005532,False,none
S003165,2025-05-27,Fashion,0.65,1554,D005888,IP007542,False,none
S003166,2025-10-01,Jewelry,0.834,1447,D009107,IP007314,False,none
S003167,2025-04-08,Home & Kitchen,0.907,1683,D004395,IP001031,False,none
S003168,2025-10-28,Jewelry,0.909,1484,D008628,IP007806,False,none
S003169,2025-08-10,Electronics,0.938,1030,D008982,IP003807,False,none
S003170,2025-08-18,Electronics,0.695,22,D009213,IP001557,False,none
S003171,2025-12-09,Electronics,0.856,84,D006957,IP004719,False,none
S003172,2025-06-07,Sports,0.823,2067,D009800,IP002167,False,none
S003173,2025-05-06,Home & Kitchen,0.841,2231,D007450,IP006728,False,none
S003174,2025-12-30,Sports,0.829,720,D003116,IP007441,False,none
S003175,2025-07-23,Jewelry,0.784,729,D001570,IP007256,False,none
S003176,2025-08-13,Electronics,0.548,1224,D002096,IP001161,False,none
S003177,2025-04-19,Sports,0.966,1934,D005737,IP003485,False,none
S003178,2025-03-20,Grocery,0.883,1780,D001651,IP004981,False,none
S003179,2025-03-03,Toys,0.702,1677,D002376,IP009848,False,none
S003180,2025-03-23,Automotive Parts,0.897,111,D006280,IP005459,False,none
S003181,2025-03-13,Books,0.805,1293,D003327,IP006534,False,none
S003182,2025-09-30,Electronics,0.808,2258,D006809,IP003393,False,none
S003183,2025-01-22,Sports,0.773,1771,D009973,IP002954,False,none
S003184,2025-08-18,Beauty,0.904,2420,D000878,IP007963,False,none
S003185,2025-12-13,Fashion,0.77,2085,D006411,IP008344,False,none
S003186,2025-10-07,Automotive Parts,0.74,2699,D008210,IP000554,False,none
S003187,2025-05-28,Home & Kitchen,0.963,1717,D001402,IP005387,False,none
S003188,2025-01-22,Electronics,0.832,1708,D007830,IP007774,False,none
S003189,2025-11-01,Home & Kitchen,0.835,1673,D005073,IP001578,False,none
S003190,2025-01-02,Jewelry,0.919,794,D006284,IP006460,False,none
S003191,2025-09-06,Sports,0.783,1308,D000515,IP004736,False,none
S003192,2025-09-02,Jewelry,0.803,506,D004356,IP005072,False,none
S003193,2025-03-12,Toys,0.881,1290,D003669,IP005938,False,none
S003194,2025-09-28,Fashion,0.696,450,D001536,IP008723,False,none
S003195,2025-03-06,Beauty,0.872,1473,D007628,IP000868,False,none
S003196,2025-03-24,Fashion,0.774,2862,D005055,IP002022,False,none
S003197,2025-10-24,Sports,0.936,1356,D008780,IP003450,False,none
S003198,2025-12-24,Home & Kitchen,0.905,2216,D001591,IP008007,False,none
S003199,2025-04-07,Automotive Parts,0.891,1317,D007307,IP005922,False,none
S003200,2025-12-03,Beauty,0.689,2717,D006049,IP001877,False,none
S003201,2025-11-30,Beauty,0.84,631,D006510,IP000236,False,none
S003202,2025-10-08,Automotive Parts,0.732,2503,D003099,IP009904,False,none
S003203,2025-02-21,Sports,0.846,2174,D006908,IP001377,False,none
S003204,2025-04-20,Fashion,0.618,2666,D002473,IP000327,False,none
S003205,2025-09-05,Toys,0.696,399,D007622,IP004065,False,none
S003206,2025-12-31,Home & Kitchen,0.969,2684,D004410,IP005531,False,none
S003207,2025-10-25,Grocery,0.887,2726,D004795,IP002586,False,none
S003208,2025-06-03,Sports,0.815,888,D005807,IP001680,False,none
S003209,2025-03-27,Grocery,0.759,1874,D000842,IP000865,False,none
S003210,2025-12-17,Automotive Parts,0.742,1760,D003674,IP004079,False,none
S003211,2025-04-11,Grocery,0.87,147,D002033,IP009518,False,none
S003212,2025-05-05,Beauty,0.816,1576,D009636,IP001479,True,account_takeover
S003213,2025-12-19,Home & Kitchen,1.0,1977,D004217,IP005727,False,none
S003214,2025-07-25,Sports,0.832,616,D000058,IP001938,False,none
S003215,2025-04-07,Toys,0.856,1085,D000260,IP006737,False,none
S003216,2025-01-02,Beauty,0.711,1756,D009128,IP000609,False,none
S003217,2025-06-06,Jewelry,0.357,11,D001567,IP002032,True,synthetic_identity
S003218,2025-12-26,Automotive Parts,0.868,182,D000006,IP000080,False,none
S003219,2025-06-07,Beauty,0.813,2808,D002121,IP006484,False,none
S003220,2025-09-13,Books,0.801,2448,D002167,IP007193,False,none
S003221,2025-04-03,Automotive Parts,0.883,2537,D000798,IP001715,False,none
S003222,2025-10-11,Electronics,1.0,143,D009963,IP004534,False,none
S003223,2025-10-11,Beauty,0.864,1703,D000591,IP002932,False,none
S003224,2025-08-11,Grocery,0.964,1106,D007280,IP000455,False,none
S003225,2025-10-09,Toys,0.912,2757,D008369,IP000372,False,none
S003226,2025-07-31,Grocery,0.958,2222,D006444,IP009389,False,none
S003227,2025-05-19,Toys,0.789,1949,D001323,IP006473,False,none
S003228,2025-09-27,Electronics,0.829,84,D007260,IP006656,False,none
S003229,2025-11-01,Toys,0.83,2625,D003297,IP002953,False,none
S003230,2025-11-03,Toys,0.905,1469,D004082,IP002642,False,none
S003231,2025-03-19,Jewelry,0.929,480,D002513,IP007947,False,none
S003232,2025-09-04,Fashion,0.863,2622,D007842,IP004386,False,none
S003233,2025-01-02,Fashion,0.938,2712,D005798,IP001020,False,none
S003234,2025-07-28,Fashion,0.794,1490,D001548,IP004892,False,none
S003235,2025-07-28,Sports,0.939,1985,D004074,IP005216,True,stolen_goods
S003236,2025-05-13,Automotive Parts,0.952,1831,D007938,IP005699,False,none
S003237,2025-12-29,Books,0.918,910,D009376,IP005368,False,none
S003238,2025-11-19,Jewelry,0.863,2245,D009395,IP008574,False,none
S003239,2025-01-15,Jewelry,0.921,2993,D001349,IP002443,False,none
S003240,2025-03-18,Books,0.761,2802,D008576,IP005899,False,none
S003241,2025-03-17,Books,0.87,2060,D005662,IP008877,False,none
S003242,2025-11-24,Home & Kitchen,0.88,1081,D007396,IP009787,False,none
S003243,2025-07-09,Automotive Parts,0.717,2725,D003857,IP009649,False,none
S003244,2025-09-24,Grocery,0.897,2782,D006513,IP007268,False,none
S003245,2025-10-23,Jewelry,0.725,17,D002582,IP001066,False,none
S003246,2025-10-08,Automotive Parts,0.807,1015,D005210,IP009885,False,none
S003247,2025-02-02,Beauty,0.854,1657,D002257,IP000322,True,stolen_goods
S003248,2025-02-21,Fashion,0.777,1733,D003952,IP005507,True,triangulation
S003249,2025-05-25,Jewelry,0.858,2137,D004079,IP004467,True,triangulation
S003250,2025-05-04,Toys,0.857,1541,D008656,IP006784,False,none
S003251,2025-09-30,Automotive Parts,0.768,42,D006282,IP007827,False,none
S003252,2025-02-27,Books,0.907,498,D006474,IP007378,False,none
S003253,2025-05-16,Home & Kitchen,0.774,2287,D002837,IP002268,False,none
S003254,2025-03-28,Beauty,1.0,2080,D004349,IP007547,False,none
S003255,2025-03-10,Books,0.839,1954,D004728,IP007578,False,none
S003256,2025-03-05,Beauty,0.733,1323,D007847,IP000244,False,none
S003257,2025-03-13,Home & Kitchen,0.752,825,D001855,IP006373,False,none
S003258,2025-07-25,Home & Kitchen,0.965,924,D000541,IP001274,False,none
S003259,2025-05-30,Books,0.809,2067,D005051,IP005620,False,none
S003260,2025-06-08,Electronics,0.714,1513,D008131,IP002277,False,none
S003261,2025-06-24,Electronics,0.935,393,D007335,IP003583,False,none
S003262,2025-09-28,Electronics,0.808,1199,D008107,IP002714,False,none
S003263,2025-11-11,Grocery,0.915,2472,D003934,IP008621,True,bust_out
S003264,2025-07-12,Electronics,0.944,1797,D002285,IP009053,False,none
S003265,2025-08-23,Toys,0.877,2598,D006599,IP007982,False,none
S003266,2025-09-27,Fashion,1.0,1526,D000376,IP007226,False,none
S003267,2025-09-09,Sports,0.678,1456,D008954,IP003633,False,none
S003268,2025-02-19,Electronics,0.768,2848,D007137,IP001432,False,none
S003269,2025-12-25,Electronics,0.824,1522,D005038,IP005682,False,none
S003270,2025-03-02,Toys,1.0,406,D001998,IP004263,False,none
S003271,2025-05-31,Books,1.0,1206,D002503,IP002823,False,none
S003272,2025-08-27,Fashion,0.979,1943,D009960,IP002431,False,none
S003273,2025-05-28,Toys,0.771,1036,D000145,IP001609,False,none
S003274,2025-03-30,Jewelry,0.782,1231,D000091,IP008298,False,none
S003275,2025-12-04,Books,0.767,2618,D003474,IP003213,False,none
S003276,2025-01-27,Grocery,0.772,1305,D002297,IP009177,False,none
S003277,2025-03-31,Beauty,0.999,915,D006767,IP006697,False,none
S003278,2025-12-29,Automotive Parts,0.826,324,D000420,IP001642,False,none
S003279,2025-09-24,Fashion,0.839,1209,D007855,IP000625,False,none
S003280,2025-02-01,Books,0.449,7,D007826,IP004165,True,synthetic_identity
S003281,2025-10-03,Toys,0.327,900,D002294,IP000815,True,collusion
S003282,2025-12-20,Electronics,0.855,1412,D005786,IP009528,False,none
S003283,2025-02-05,Automotive Parts,0.74,1970,D006716,IP009072,False,none
S003284,2025-06-01,Grocery,0.821,2783,D008484,IP006570,False,none
S003285,2025-06-20,Home & Kitchen,0.791,2442,D007325,IP002929,False,none
S003286,2025-02-17,Electronics,0.786,859,D009626,IP008680,False,none
S003287,2025-03-15,Books,0.873,493,D001159,IP006470,False,none
S003288,2025-03-05,Sports,0.872,2012,D006101,IP003576,False,none
S003289,2025-03-09,Electronics,0.828,764,D007727,IP008798,False,none
S003290,2025-05-28,Automotive Parts,0.887,1177,D002317,IP002097,False,none
S003291,2025-06-19,Grocery,0.763,313,D002184,IP005677,False,none
S003292,2025-03-28,Toys,0.918,2323,D000926,IP006913,False,none
S003293,2025-04-16,Home & Kitchen,0.829,481,D009857,IP009078,False,none
S003294,2025-03-12,Home & Kitchen,0.802,1142,D008662,IP001374,False,none
S003295,2025-10-18,Toys,0.771,1221,D001209,IP002876,False,none
S003296,2025-03-19,Electronics,0.826,128,D002451,IP008399,False,none
S003297,2025-11-28,Beauty,1.0,2327,D004582,IP004996,False,none
S003298,2025-07-16,Home & Kitchen,0.844,1856,D008935,IP007548,False,none
S003299,2025-10-20,Fashion,0.736,1625,D008256,IP007735,False,none
S003300,2025-08-21,Fashion,0.942,534,D008782,IP003049,False,none
S003301,2025-04-08,Beauty,0.803,160,D008282,IP003314,False,none
S003302,2025-08-08,Beauty,0.878,167,D006278,IP004987,False,none
S003303,2025-04-11,Beauty,0.789,1875,D002909,IP000279,False,none
S003304,2025-02-13,Books,0.978,2243,D006039,IP007991,False,none
S003305,2025-04-03,Sports,0.791,2386,D004941,IP001154,False,none
S003306,2025-04-11,Fashion,0.99,2401,D009508,IP009349,False,none
S003307,2025-02-19,Automotive Parts,0.745,1181,D004484,IP007787,False,none
S003308,2025-01-09,Grocery,0.821,5,D007560,IP003521,False,none
S003309,2025-12-11,Toys,0.99,735,D001735,IP000722,False,none
S003310,2025-07-07,Electronics,0.867,2361,D006832,IP007899,False,none
S003311,2025-05-27,Automotive Parts,1.0,2292,D004538,IP004485,False,none
S003312,2025-12-06,Grocery,0.823,1523,D004357,IP001944,False,none
S003313,2025-03-24,Toys,0.876,72,D007547,IP004295,False,none
S003314,2025-05-28,Fashion,1.0,2330,D004839,IP009035,False,none
S003315,2025-11-06,Fashion,0.699,2446,D000589,IP006884,False,none
S003316,2025-08-19,Home & Kitchen,0.686,681,D003889,IP006862,False,none
S003317,2025-05-26,Home & Kitchen,0.77,2412,D009632,IP005145,False,none
S003318,2025-04-04,Home & Kitchen,0.931,1919,D009463,IP001527,False,none
S003319,2025-01-13,Toys,0.689,2664,D006143,IP009496,False,none
S003320,2025-02-01,Electronics,0.91,1879,D006381,IP007398,False,none
S003321,2025-03-01,Beauty,0.903,269,D002628,IP005151,False,none
S003322,2025-10-15,Jewelry,1.0,1941,D007803,IP007240,False,none
S003323,2025-08-22,Jewelry,0.955,324,D005994,IP003628,False,none
S003324,2025-06-08,Electronics,0.886,776,D000371,IP007422,False,none
S003325,2025-10-13,Books,0.986,2618,D009494,IP009679,False,none
S003326,2025-02-28,Automotive Parts,0.904,2904,D008524,IP003448,False,none
S003327,2025-03-18,Sports,0.804,1426,D000815,IP000083,False,none
S003328,2025-05-24,Beauty,0.736,874,D004176,IP007398,False,none
S003329,2025-12-01,Toys,0.793,1177,D007425,IP008520,False,none
S003330,2025-08-13,Home & Kitchen,0.846,727,D007371,IP008265,False,none
S003331,2025-11-07,Beauty,0.868,1720,D001673,IP009750,False,none
S003332,2025-04-01,Automotive Parts,0.636,1264,D000400,IP003471,False,none
S003333,2025-11-06,Books,0.828,176,D009846,IP009180,False,none
S003334,2025-01-27,Toys,0.853,1830,D008938,IP002079,False,none
S003335,2025-03-25,Fashion,0.905,1931,D007383,IP005871,False,none
S003336,2025-07-10,Automotive Parts,1.0,2001,D006598,IP008878,False,none
S003337,2025-01-19,Fashion,0.869,2835,D006864,IP009154,False,none
S003338,2025-11-10,Grocery,0.759,2112,D004575,IP006206,False,none
S003339,2025-11-13,Beauty,0.668,2027,D006843,IP005460,False,none
S003340,2025-07-17,Home & Kitchen,0.919,635,D003035,IP004603,False,none
S003341,2025-04-22,Fashion,0.763,1394,D000836,IP008675,False,none
S003342,2025-02-06,Beauty,0.937,1304,D003110,IP008797,False,none
S003343,2025-08-14,Books,0.99,2882,D002938,IP002395,False,none
S003344,2025-07-16,Toys,0.696,1423,D003033,IP001360,False,none
S003345,2025-10-05,Electronics,0.905,2065,D004709,IP008139,False,none
S003346,2025-08-08,Home & Kitchen,0.979,1622,D001310,IP008105,True,bust_out
S003347,2025-02-16,Fashion,0.952,171,D004077,IP000997,False,none
S003348,2025-02-14,Toys,0.64,2806,D004638,IP004908,False,none
S003349,2025-10-13,Automotive Parts,0.765,2010,D001880,IP005064,False,none
S003350,2025-02-28,Automotive Parts,0.352,691,D004534,IP000425,True,collusion
S003351,2025-12-09,Automotive Parts,0.902,180,D006743,IP006640,False,none
S003352,2025-02-08,Fashion,0.891,2810,D004119,IP009726,False,none
S003353,2025-09-23,Toys,0.58,922,D000024,IP002115,False,none
S003354,2025-12-22,Electronics,0.82,52,D007030,IP007780,False,none
S003355,2025-06-11,Toys,0.93,1847,D005785,IP000809,False,none
S003356,2025-01-21,Sports,0.865,50,D004198,IP002147,False,none
S003357,2025-11-16,Grocery,0.865,647,D000228,IP005651,False,none
S003358,2025-03-10,Beauty,0.814,2680,D000890,IP009236,False,none
S003359,2025-07-12,Electronics,0.744,115,D000794,IP008854,False,none
S003360,2025-12-26,Toys,0.848,2256,D008520,IP009353,False,none
S003361,2025-09-29,Toys,0.855,1854,D003088,IP009875,False,none
S003362,2025-01-17,Books,0.912,918,D004251,IP008004,False,none
S003363,2025-10-27,Electronics,0.92,858,D006960,IP003633,False,none
S003364,2025-02-28,Books,0.859,1425,D006552,IP001271,False,none
S003365,2025-10-01,Toys,0.959,1599,D000643,IP008222,False,none
S003366,2025-08-15,Grocery,0.813,2671,D009298,IP001863,False,none
S003367,2025-04-16,Automotive Parts,0.706,784,D002651,IP005206,False,none
S003368,2025-06-04,Home & Kitchen,0.898,1771,D007674,IP007540,False,none
S003369,2025-02-13,Grocery,0.863,2059,D008321,IP000346,False,none
S003370,2025-12-27,Fashion,0.9,38,D005387,IP009138,False,none
S003371,2025-03-28,Automotive Parts,0.724,2687,D001621,IP003033,False,none
S003372,2025-04-23,Toys,1.0,2975,D005450,IP002150,False,none
S003373,2025-07-03,Grocery,0.921,260,D002445,IP003718,False,none
S003374,2025-09-03,Grocery,0.821,786,D008495,IP004608,False,none
S003375,2025-07-04,Books,0.756,2359,D007545,IP004544,False,none
S003376,2025-07-04,Beauty,0.958,2427,D008236,IP001547,False,none
S003377,2025-08-01,Grocery,0.74,469,D008283,IP001893,False,none
S003378,2025-11-10,Toys,1.0,2752,D001786,IP004780,False,none
S003379,2025-05-25,Books,0.789,988,D000303,IP002264,False,none
S003380,2025-10-31,Books,1.0,881,D006265,IP006425,False,none
S003381,2025-10-15,Toys,0.832,1072,D006139,IP008991,False,none
S003382,2025-12-17,Fashion,1.0,2014,D008657,IP000185,False,none
S003383,2025-11-30,Home & Kitchen,0.777,619,D006378,IP000361,True,stolen_goods
S003384,2025-10-19,Automotive Parts,0.852,1629,D008033,IP006429,False,none
S003385,2025-04-01,Sports,0.93,226,D003487,IP000285,False,none
S003386,2025-10-10,Books,0.916,441,D001247,IP006397,False,none
S003387,2025-09-26,Home & Kitchen,0.96,2305,D000379,IP004903,False,none
S003388,2025-04-16,Grocery,0.801,1151,D004356,IP004550,False,none
S003389,2025-09-05,Toys,0.858,2381,D000019,IP006065,False,none
S003390,2025-04-03,Home & Kitchen,0.975,2213,D005182,IP008954,True,triangulation
S003391,2025-07-10,Fashion,0.779,2990,D004007,IP001274,False,none
S003392,2025-10-18,Beauty,0.907,413,D002578,IP001348,False,none
S003393,2025-03-10,Sports,0.828,2803,D005911,IP006966,False,none
S003394,2025-05-03,Home & Kitchen,0.871,2676,D006794,IP000513,False,none
S003395,2025-10-18,Home & Kitchen,0.858,1304,D000396,IP004288,False,none
S003396,2025-06-15,Home & Kitchen,0.771,406,D004762,IP004958,False,none
S003397,2025-12-17,Home & Kitchen,0.824,401,D009396,IP003917,False,none
S003398,2025-01-03,Grocery,0.864,1532,D002975,IP005330,False,none
S003399,2025-09-21,Toys,0.84,33,D007810,IP001134,False,none
S003400,2025-10-25,Toys,1.0,287,D003368,IP002666,False,none
S003401,2025-12-02,Fashion,0.951,1595,D002716,IP000050,False,none
S003402,2025-02-27,Sports,0.879,1689,D008566,IP009616,False,none
S003403,2025-12-26,Automotive Parts,0.774,2581,D003564,IP008319,False,none
S003404,2025-05-24,Grocery,0.768,2923,D008661,IP002537,False,none
S003405,2025-05-09,Toys,1.0,804,D006546,IP000363,False,none
S003406,2025-05-10,Beauty,0.749,991,D008123,IP002701,False,none
S003407,2025-08-21,Beauty,0.861,597,D008147,IP009560,False,none
S003408,2025-08-29,Electronics,0.886,674,D009138,IP008109,False,none
S003409,2025-06-22,Electronics,0.819,1317,D005548,IP006590,False,none
S003410,2025-01-26,Grocery,0.75,2979,D009523,IP009228,True,stolen_goods
S003411,2025-12-27,Jewelry,0.772,2680,D000597,IP001766,False,none
S003412,2025-03-23,Automotive Parts,0.795,2739,D004918,IP005361,False,none
S003413,2025-02-04,Books,0.779,1355,D003965,IP007939,False,none
S003414,2025-08-07,Automotive Parts,0.983,1972,D000967,IP000190,False,none
S003415,2025-05-31,Toys,0.849,2168,D008733,IP004350,False,none
S003416,2025-08-13,Home & Kitchen,0.798,730,D008000,IP003554,False,none
S003417,2025-11-16,Home & Kitchen,0.861,1388,D007486,IP001768,False,none
S003418,2025-02-05,Home & Kitchen,0.917,1651,D006334,IP002239,False,none
S003419,2025-04-14,Grocery,0.816,1119,D006019,IP009681,False,none
S003420,2025-07-08,Electronics,0.94,1419,D003805,IP005110,False,none
S003421,2025-10-15,Automotive Parts,0.723,1323,D006833,IP000816,False,none
S003422,2025-08-08,Grocery,0.967,184,D009755,IP006825,False,none
S003423,2025-05-20,Beauty,0.849,2305,D002512,IP005911,False,none
S003424,2025-08-11,Grocery,0.845,2701,D003386,IP003924,False,none
S003425,2025-12-24,Fashion,0.781,2263,D001092,IP003970,False,none
S003426,2025-06-25,Toys,0.727,2801,D009076,IP005373,False,none
S003427,2025-11-19,Fashion,0.683,1295,D005300,IP009288,False,none
S003428,2025-10-12,Fashion,0.774,168,D005925,IP007598,False,none
S003429,2025-04-20,Electronics,0.909,803,D002664,IP004004,False,none
S003430,2025-04-02,Grocery,0.503,2562,D000366,IP002461,True,collusion
S003431,2025-10-09,Grocery,0.695,418,D008048,IP001087,False,none
S003432,2025-03-17,Jewelry,0.759,1641,D008603,IP001959,False,none
S003433,2025-05-03,Automotive Parts,0.812,5,D003410,IP001374,False,none
S003434,2025-03-27,Automotive Parts,0.815,972,D007622,IP008056,False,none
S003435,2025-08-10,Automotive Parts,0.837,340,D005720,IP005757,False,none
S003436,2025-04-18,Electronics,0.953,341,D006424,IP000370,False,none
S003437,2025-08-29,Grocery,0.975,494,D001727,IP009262,False,none
S003438,2025-12-08,Grocery,1.0,1615,D006145,IP001505,False,none
S003439,2025-10-30,Fashion,0.688,2070,D001611,IP006454,False,none
S003440,2025-12-13,Fashion,0.764,865,D002188,IP000123,False,none
S003441,2025-01-09,Automotive Parts,0.92,2453,D003568,IP005888,False,none
S003442,2025-06-16,Jewelry,0.805,1176,D002144,IP005553,False,none
S003443,2025-03-22,Beauty,0.936,2211,D009091,IP009088,False,none
S003444,2025-12-02,Electronics,0.871,1589,D000291,IP006000,False,none
S003445,2025-09-17,Beauty,1.0,2169,D009040,IP004891,False,none
S003446,2025-04-27,Electronics,0.954,2936,D001541,IP005310,False,none
S003447,2025-07-25,Books,0.956,2982,D008702,IP006333,False,none
S003448,2025-08-09,Beauty,0.809,1761,D003364,IP004142,False,none
S003449,2025-06-30,Electronics,0.84,2887,D009211,IP007138,False,none
S003450,2025-06-23,Automotive Parts,0.819,2104,D005407,IP005290,False,none
S003451,2025-01-21,Jewelry,0.699,807,D004896,IP009691,False,none
S003452,2025-06-15,Automotive Parts,0.997,2805,D001308,IP001939,False,none
S003453,2025-05-08,Automotive Parts,0.925,436,D004335,IP007292,False,none
S003454,2025-10-26,Electronics,0.815,1405,D005575,IP008262,False,none
S003455,2025-11-12,Grocery,0.98,460,D009834,IP007181,False,none
S003456,2025-10-01,Grocery,0.787,2353,D002633,IP009807,False,none
S003457,2025-01-12,Grocery,0.666,2686,D000828,IP004340,False,none
S003458,2025-11-04,Home & Kitchen,0.951,2456,D002539,IP005406,False,none
S003459,2025-05-25,Beauty,0.722,307,D002430,IP001539,False,none
S003460,2025-06-01,Automotive Parts,0.83,813,D009479,IP003743,False,none
S003461,2025-12-11,Electronics,0.871,1021,D001502,IP001596,False,none
S003462,2025-11-13,Books,0.889,347,D009923,IP007917,False,none
S003463,2025-01-19,Grocery,0.935,1591,D001131,IP007821,False,none
S003464,2025-05-12,Grocery,0.908,103,D008114,IP001930,False,none
S003465,2025-10-01,Sports,0.905,1840,D004146,IP008029,False,none
S003466,2025-07-16,Grocery,0.771,1724,D000543,IP003207,False,none
S003467,2025-04-05,Automotive Parts,0.879,1787,D006138,IP007297,False,none
S003468,2025-07-11,Grocery,0.699,2738,D007286,IP009399,False,none
S003469,2025-11-13,Fashion,1.0,2359,D008386,IP008294,False,none
S003470,2025-03-23,Home & Kitchen,0.71,779,D001784,IP001862,False,none
S003471,2025-09-30,Beauty,0.815,1715,D006173,IP001802,False,none
S003472,2025-09-26,Beauty,0.718,2407,D005692,IP001121,False,none
S003473,2025-11-20,Beauty,0.293,3,D004425,IP008419,True,synthetic_identity
S003474,2025-04-19,Home & Kitchen,0.851,1929,D008937,IP005463,True,triangulation
S003475,2025-03-20,Books,0.797,254,D004231,IP001558,False,none
S003476,2025-07-19,Fashion,0.964,1304,D003801,IP005874,False,none
S003477,2025-07-13,Grocery,0.873,2577,D005252,IP005299,False,none
S003478,2025-05-30,Books,0.804,222,D009288,IP005971,False,none
S003479,2025-10-12,Automotive Parts,0.837,1770,D008673,IP006347,False,none
S003480,2025-10-19,Electronics,0.972,1622,D007083,IP001644,False,none
S003481,2025-03-31,Home & Kitchen,0.941,669,D000808,IP003872,False,none
S003482,2025-10-18,Jewelry,0.736,1032,D003010,IP007211,False,none
S003483,2025-03-26,Toys,0.782,2933,D000151,IP009090,False,none
S003484,2025-05-29,Sports,0.897,1787,D000949,IP002422,False,none
S003485,2025-01-10,Electronics,0.885,2819,D008316,IP005711,False,none
S003486,2025-05-05,Grocery,0.745,1414,D008153,IP009481,False,none
S003487,2025-12-16,Home & Kitchen,0.925,2537,D001025,IP006011,False,none
S003488,2025-06-11,Automotive Parts,0.761,1859,D004580,IP002279,True,stolen_goods
S003489,2025-09-17,Beauty,0.98,2734,D002792,IP005838,False,none
S003490,2025-02-09,Fashion,0.903,980,D000726,IP000173,False,none
S003491,2025-08-20,Sports,0.737,1147,D003814,IP004891,False,none
S003492,2025-05-16,Toys,0.797,122,D001031,IP005678,True,stolen_goods
S003493,2025-09-29,Toys,0.795,684,D007360,IP000564,False,none
S003494,2025-12-05,Automotive Parts,0.866,416,D009669,IP002028,False,none
S003495,2025-07-14,Beauty,0.83,549,D004225,IP009887,False,none
S003496,2025-02-07,Beauty,0.735,925,D002430,IP006285,False,none
S003497,2025-06-23,Books,0.711,2621,D004995,IP004584,False,none
S003498,2025-02-14,Fashion,0.905,1136,D009665,IP002292,False,none
S003499,2025-06-14,Jewelry,0.879,2480,D001596,IP001241,False,none
S003500,2025-01-23,Home & Kitchen,0.861,2444,D006811,IP004280,False,none
S003501,2025-08-22,Home & Kitchen,0.877,2942,D000931,IP005455,False,none
S003502,2025-04-24,Electronics,0.788,1526,D003004,IP001795,False,none
S003503,2025-03-15,Beauty,0.868,2544,D004393,IP008008,False,none
S003504,2025-01-07,Sports,1.0,1258,D003837,IP004288,False,none
S003505,2025-11-21,Grocery,0.967,1897,D001785,IP000558,False,none
S003506,2025-11-02,Jewelry,0.821,2432,D007770,IP001365,False,none
S003507,2025-10-24,Grocery,0.798,427,D006731,IP008616,False,none
S003508,2025-01-22,Beauty,0.564,173,D004354,IP003379,False,none
S003509,2025-05-08,Jewelry,0.957,495,D004186,IP003728,False,none
S003510,2025-12-21,Fashion,0.929,2163,D000747,IP001989,False,none
S003511,2025-07-31,Home & Kitchen,0.796,1421,D006605,IP008078,False,none
S003512,2025-02-16,Beauty,0.707,840,D002298,IP008161,False,none
S003513,2025-02-21,Sports,0.734,2303,D003010,IP002424,False,none
S003514,2025-04-07,Home & Kitchen,0.894,46,D008603,IP007293,False,none
S003515,2025-12-21,Automotive Parts,0.841,520,D006421,IP004523,False,none
S003516,2025-03-03,Home & Kitchen,0.919,1410,D006961,IP001668,False,none
S003517,2025-11-26,Beauty,0.859,2746,D002647,IP007958,False,none
S003518,2025-09-05,Books,0.947,2247,D005010,IP000829,False,none
S003519,2025-12-03,Toys,0.887,2051,D000137,IP008743,True,stolen_goods
S003520,2025-10-29,Toys,0.933,2132,D002454,IP000257,True,triangulation
S003521,2025-05-02,Automotive Parts,0.641,937,D008000,IP003230,False,none
S003522,2025-10-30,Toys,0.727,1344,D004745,IP002266,False,none
S003523,2025-03-03,Fashion,0.814,2657,D006348,IP002352,False,none
S003524,2025-04-17,Grocery,0.958,2189,D007888,IP004801,False,none
S003525,2025-03-19,Grocery,1.0,1796,D009369,IP007516,False,none
S003526,2025-02-18,Home & Kitchen,0.834,249,D000815,IP003998,False,none
S003527,2025-02-02,Jewelry,0.789,2199,D005810,IP005158,False,none
S003528,2025-03-10,Beauty,0.655,1097,D009947,IP009714,True,bust_out
S003529,2025-02-13,Fashion,0.936,1156,D001998,IP004978,False,none
S003530,2025-05-19,Fashion,0.795,2022,D008597,IP007922,False,none
S003531,2025-01-27,Grocery,1.0,1181,D005801,IP003848,False,none
S003532,2025-01-23,Home & Kitchen,0.776,1719,D003179,IP000781,False,none
S003533,2025-12-28,Toys,1.0,38,D007832,IP002558,False,none
S003534,2025-02-02,Grocery,0.769,555,D008705,IP001589,True,collusion
S003535,2025-01-28,Jewelry,0.747,1614,D001426,IP009071,False,none
S003536,2025-01-11,Toys,0.873,2873,D006817,IP000265,False,none
S003537,2025-02-18,Automotive Parts,0.927,2282,D009364,IP008223,False,none
S003538,2025-07-12,Beauty,0.827,1253,D006663,IP001382,False,none
S003539,2025-10-29,Jewelry,0.934,2906,D005471,IP001504,False,none
S003540,2025-09-26,Home & Kitchen,0.932,826,D001397,IP005294,False,none
S003541,2025-07-31,Electronics,0.91,2676,D004502,IP000810,False,none
S003542,2025-02-01,Grocery,0.848,1210,D009058,IP000767,False,none
S003543,2025-10-10,Grocery,0.284,8,D007991,IP007756,True,synthetic_identity
S003544,2025-01-14,Automotive Parts,0.842,8,D004503,IP000598,False,none
S003545,2025-08-19,Automotive Parts,0.868,2941,D003089,IP005972,False,none
S003546,2025-05-30,Fashion,0.662,1926,D008032,IP001181,False,none
S003547,2025-11-18,Books,0.867,449,D009676,IP000856,False,none
S003548,2025-04-23,Grocery,0.84,2975,D002995,IP006694,False,none
S003549,2025-08-22,Books,0.72,124,D008108,IP003922,False,none
S003550,2025-06-10,Electronics,0.817,1004,D003080,IP000193,False,none
S003551,2025-07-10,Electronics,0.819,2247,D008273,IP006815,False,none
S003552,2025-12-09,Books,1.0,160,D009646,IP009696,False,none
S003553,2025-09-18,Jewelry,0.872,2717,D006632,IP005610,False,none
S003554,2025-06-01,Fashion,0.954,2034,D004966,IP003807,False,none
S003555,2025-06-13,Electronics,0.838,2849,D003141,IP008438,False,none
S003556,2025-09-15,Toys,0.663,2511,D000598,IP003365,False,none
S003557,2025-05-07,Beauty,0.917,2475,D000524,IP006130,False,none
S003558,2025-03-03,Automotive Parts,0.784,683,D008357,IP004748,False,none
S003559,2025-06-20,Automotive Parts,0.816,615,D006614,IP007262,False,none
S003560,2025-01-25,Sports,0.745,727,D002272,IP005178,False,none
S003561,2025-03-03,Automotive Parts,0.857,462,D005520,IP004817,False,none
S003562,2025-06-03,Home & Kitchen,0.957,1993,D008787,IP004200,False,none
S003563,2025-10-18,Automotive Parts,0.943,177,D006478,IP002958,False,none
S003564,2025-10-13,Toys,1.0,1285,D009164,IP004863,False,none
S003565,2025-04-06,Toys,1.0,1746,D001175,IP000606,False,none
S003566,2025-06-04,Electronics,0.645,1617,D000727,IP003397,False,none
S003567,2025-02-26,Fashion,0.731,1462,D006665,IP000764,False,none
S003568,2025-10-03,Fashion,0.669,670,D005824,IP003220,False,none
S003569,2025-03-31,Toys,0.913,328,D006882,IP003516,False,none
S003570,2025-10-19,Fashion,0.781,2964,D009815,IP000273,False,none
S003571,2025-11-04,Fashion,0.801,1395,D001089,IP002962,False,none
S003572,2025-09-09,Books,0.828,1785,D009309,IP006718,False,none
S003573,2025-05-01,Jewelry,0.888,1702,D000608,IP009698,False,none
S003574,2025-12-14,Electronics,0.701,1107,D005252,IP006172,False,none
S003575,2025-09-08,Sports,0.724,2169,D008319,IP007119,False,none
S003576,2025-08-24,Automotive Parts,0.85,1129,D006804,IP006688,False,none
S003577,2025-11-09,Toys,0.97,1243,D002226,IP009445,False,none
S003578,2025-11-18,Fashion,0.847,2410,D006042,IP009410,False,none
S003579,2025-01-29,Electronics,0.771,955,D009020,IP001141,False,none
S003580,2025-11-18,Automotive Parts,0.635,2098,D002032,IP004730,False,none
S003581,2025-10-07,Toys,0.945,1997,D009374,IP009078,False,none
S003582,2025-03-17,Fashion,0.776,92,D006529,IP008817,False,none
S003583,2025-04-23,Jewelry,0.735,2052,D000867,IP005345,False,none
S003584,2025-10-02,Jewelry,0.678,2404,D003331,IP004439,False,none
S003585,2025-03-21,Grocery,0.706,812,D008620,IP000582,False,none
S003586,2025-06-15,Electronics,0.754,2743,D003379,IP004776,False,none
S003587,2025-09-09,Electronics,0.826,60,D009467,IP005063,False,none
S003588,2025-08-26,Home & Kitchen,0.729,540,D004199,IP006329,False,none
S003589,2025-11-29,Fashion,0.869,2837,D003427,IP005218,False,none
S003590,2025-02-10,Sports,0.825,2566,D008521,IP002159,False,none
S003591,2025-04-18,Beauty,1.0,2266,D007855,IP009681,False,none
S003592,2025-12-26,Grocery,0.68,1812,D002383,IP002173,False,none
S003593,2025-07-27,Fashion,0.866,604,D007809,IP003826,False,none
S003594,2025-04-01,Grocery,0.867,1468,D002507,IP005098,True,triangulation
S003595,2025-04-16,Automotive Parts,0.747,1697,D008956,IP002931,False,none
S003596,2025-05-04,Fashion,0.86,269,D000073,IP000686,False,none
S003597,2025-07-22,Books,0.927,1785,D006621,IP006112,False,none
S003598,2025-04-14,Sports,0.86,268,D001550,IP002366,False,none
S003599,2025-08-15,Electronics,0.988,378,D006767,IP008790,False,none
S003600,2025-06-12,Home & Kitchen,0.632,510,D009786,IP007934,False,none
S003601,2025-08-11,Grocery,0.766,575,D006676,IP004281,False,none
S003602,2025-02-26,Jewelry,0.998,247,D004338,IP004637,False,none
S003603,2025-08-16,Beauty,0.941,2870,D008232,IP009497,False,none
S003604,2025-12-04,Fashion,0.904,2407,D001951,IP000266,False,none
S003605,2025-02-19,Home & Kitchen,0.973,1524,D005431,IP003786,True,triangulation
S003606,2025-04-30,Jewelry,0.658,1106,D009656,IP000607,True,triangulation
S003607,2025-09-11,Sports,0.93,575,D003559,IP001385,False,none
S003608,2025-08-14,Toys,0.956,2847,D000271,IP009195,False,none
S003609,2025-09-04,Electronics,0.784,2392,D004415,IP001014,False,none
S003610,2025-07-24,Grocery,1.0,2256,D004841,IP009567,False,none
S003611,2025-09-07,Toys,0.87,1412,D008119,IP007837,False,none
S003612,2025-08-11,Sports,0.631,83,D008046,IP006411,False,none
S003613,2025-01-28,Jewelry,0.888,1915,D003400,IP007419,True,stolen_goods
S003614,2025-10-02,Sports,0.778,1463,D007728,IP001849,False,none
S003615,2025-06-13,Automotive Parts,0.966,893,D001430,IP001172,False,none
S003616,2025-01-19,Sports,0.905,945,D001892,IP003680,False,none
S003617,2025-05-30,Beauty,0.79,174,D006040,IP007643,False,none
S003618,2025-06-08,Automotive Parts,1.0,2615,D007077,IP003054,False,none
S003619,2025-02-01,Books,0.944,495,D008072,IP001757,False,none
S003620,2025-12-30,Grocery,0.767,2439,D006222,IP007851,False,none
S003621,2025-03-23,Home & Kitchen,0.835,2919,D001277,IP006340,False,none
S003622,2025-05-01,Books,0.902,138,D006752,IP005370,False,none
S003623,2025-06-10,Sports,0.814,1871,D004292,IP004123,False,none
S003624,2025-10-31,Fashion,0.817,201,D002661,IP007796,False,none
S003625,2025-09-29,Home & Kitchen,0.854,2493,D003390,IP007344,False,none
S003626,2025-10-09,Automotive Parts,0.743,1522,D008107,IP003605,False,none
S003627,2025-03-28,Sports,0.627,65,D001775,IP001295,False,none
S003628,2025-11-05,Grocery,0.874,2317,D005592,IP008695,False,none
S003629,2025-10-30,Fashion,0.651,2296,D000829,IP001368,False,none
S003630,2025-06-19,Home & Kitchen,0.751,2774,D007250,IP004291,False,none
S003631,2025-07-19,Automotive Parts,0.673,1455,D001498,IP008959,False,none
S003632,2025-01-14,Toys,0.685,2799,D009395,IP004173,False,none
S003633,2025-10-05,Jewelry,0.893,1996,D008820,IP008312,False,none
S003634,2025-12-17,Jewelry,0.828,1578,D008554,IP004890,False,none
S003635,2025-06-22,Beauty,0.824,1075,D003485,IP007450,False,none
S003636,2025-07-17,Automotive Parts,0.718,879,D007823,IP005918,True,stolen_goods
S003637,2025-07-02,Grocery,0.784,1862,D001345,IP002801,False,none
S003638,2025-01-31,Fashion,0.888,2218,D002896,IP008941,False,none
S003639,2025-08-15,Electronics,0.845,107,D001324,IP004674,False,none
S003640,2025-09-21,Fashion,0.932,1236,D000540,IP004577,False,none
S003641,2025-12-05,Grocery,0.947,137,D003670,IP006585,False,none
S003642,2025-12-06,Fashion,0.825,1190,D005746,IP009301,False,none
S003643,2025-06-29,Home & Kitchen,0.665,2396,D008623,IP008715,False,none
S003644,2025-12-17,Toys,0.774,2072,D000345,IP003936,False,none
S003645,2025-07-12,Fashion,0.84,374,D004069,IP002312,False,none
S003646,2025-08-23,Beauty,0.772,2150,D007141,IP003245,False,none
S003647,2025-08-08,Books,0.745,42,D002015,IP002626,False,none
S003648,2025-12-31,Automotive Parts,0.857,38,D007368,IP002950,False,none
S003649,2025-09-27,Toys,1.0,2737,D005701,IP004307,False,none
S003650,2025-02-13,Grocery,0.801,99,D005629,IP000211,False,none
S003651,2025-01-27,Sports,0.85,797,D001249,IP005330,False,none
S003652,2025-05-30,Toys,0.719,396,D001681,IP008491,False,none
S003653,2025-07-08,Sports,0.974,1747,D008773,IP004303,False,none
S003654,2025-09-02,Automotive Parts,0.937,1567,D008757,IP000792,False,none
S003655,2025-06-25,Electronics,0.931,2516,D004525,IP003897,False,none
S003656,2025-07-07,Sports,0.986,2961,D005959,IP003343,False,none
S003657,2025-12-03,Electronics,0.807,2237,D005419,IP005944,False,none
S003658,2025-05-03,Jewelry,0.82,1400,D005148,IP002504,False,none
S003659,2025-06-30,Books,1.0,140,D007122,IP003009,True,bust_out
S003660,2025-07-23,Electronics,0.913,2767,D005675,IP007444,False,none
S003661,2025-06-20,Books,0.628,1683,D001252,IP001755,False,none
S003662,2025-12-20,Toys,0.895,653,D000828,IP009325,False,none
S003663,2025-12-18,Electronics,0.792,1625,D008502,IP002976,False,none
S003664,2025-07-07,Automotive Parts,0.94,1175,D007404,IP008167,False,none
S003665,2025-06-14,Beauty,0.891,1050,D001987,IP000820,False,none
S003666,2025-08-03,Electronics,0.676,1360,D000607,IP003199,False,none
S003667,2025-03-08,Books,0.877,2260,D002194,IP003771,False,none
S003668,2025-06-05,Beauty,0.871,492,D005783,IP004557,False,none
S003669,2025-03-21,Books,0.886,2892,D005838,IP000919,False,none
S003670,2025-02-22,Fashion,0.908,188,D001692,IP002470,True,account_takeover
S003671,2025-02-04,Jewelry,1.0,442,D001761,IP008771,False,none
S003672,2025-08-03,Toys,0.891,2028,D002077,IP009239,False,none
S003673,2025-01-01,Toys,0.852,436,D004431,IP004409,False,none
S003674,2025-08-24,Jewelry,0.965,2333,D002332,IP001187,False,none
S003675,2025-06-07,Sports,0.441,2204,D004563,IP002754,True,collusion
S003676,2025-05-14,Electronics,0.942,1290,D000143,IP009519,False,none
S003677,2025-10-08,Sports,0.871,1363,D009361,IP009188,False,none
S003678,2025-07-16,Books,0.893,2999,D008918,IP008136,False,none
S003679,2025-09-25,Beauty,0.876,2385,D003386,IP008629,False,none
S003680,2025-09-16,Fashion,0.852,1896,D008042,IP007115,False,none
S003681,2025-01-12,Electronics,1.0,424,D005353,IP006233,False,none
S003682,2025-03-20,Jewelry,0.775,1769,D000312,IP007739,False,none
S003683,2025-07-28,Electronics,0.965,120,D002846,IP006463,False,none
S003684,2025-12-23,Sports,0.837,756,D000569,IP003393,False,none
S003685,2025-02-26,Jewelry,0.702,2094,D007079,IP006412,False,none
S003686,2025-02-08,Beauty,0.831,1223,D007828,IP002958,False,none
S003687,2025-12-10,Home & Kitchen,0.795,2984,D006171,IP006250,False,none
S003688,2025-12-19,Grocery,0.908,2818,D000068,IP003814,False,none
S003689,2025-03-03,Books,0.859,285,D002360,IP004874,False,none
S003690,2025-05-27,Electronics,0.748,2650,D004689,IP001816,False,none
S003691,2025-08-17,Sports,0.997,2593,D001446,IP009570,False,none
S003692,2025-03-13,Electronics,0.959,319,D001072,IP007463,False,none
S003693,2025-04-30,Beauty,1.0,1156,D003043,IP001072,False,none
S003694,2025-05-25,Beauty,0.874,2845,D005916,IP004750,False,none
S003695,2025-08-23,Jewelry,0.846,51,D000885,IP004543,False,none
S003696,2025-04-23,Automotive Parts,0.92,176,D009983,IP008858,False,none
S003697,2025-05-31,Books,0.792,1530,D004590,IP007552,False,none
S003698,2025-04-16,Grocery,0.863,2859,D001720,IP008783,False,none
S003699,2025-10-05,Electronics,0.461,837,D000200,IP004667,True,collusion
S003700,2025-02-25,Electronics,0.704,2318,D009566,IP001558,False,none
S003701,2025-03-26,Grocery,0.863,2080,D005945,IP007212,False,none
S003702,2025-04-02,Toys,0.806,438,D008654,IP002188,False,none
S003703,2025-11-27,Sports,0.826,864,D007766,IP006365,False,none
S003704,2025-12-11,Books,0.886,1872,D009858,IP004106,False,none
S003705,2025-07-02,Beauty,0.977,1445,D008897,IP003496,False,none
S003706,2025-02-27,Books,0.765,712,D007661,IP001188,False,none
S003707,2025-10-03,Grocery,0.816,602,D008511,IP008000,False,none
S003708,2025-06-29,Home & Kitchen,0.773,1672,D008569,IP006894,False,none
S003709,2025-11-07,Books,0.767,2484,D002548,IP003419,False,none
S003710,2025-05-12,Fashion,0.791,1239,D005945,IP007375,False,none
S003711,2025-12-31,Beauty,0.83,2776,D009859,IP009863,False,none
S003712,2025-10-22,Grocery,0.909,2001,D008672,IP007213,False,none
S003713,2025-03-23,Automotive Parts,0.882,1210,D001052,IP009494,False,none
S003714,2025-09-22,Electronics,0.744,2120,D001115,IP004702,False,none
S003715,2025-04-15,Books,0.979,1347,D002000,IP003768,False,none
S003716,2025-05-08,Sports,0.944,2270,D007416,IP008432,False,none
S003717,2025-04-02,Books,0.76,2948,D003937,IP006629,False,none
S003718,2025-09-07,Grocery,0.972,2363,D006287,IP006058,False,none
S003719,2025-04-06,Electronics,0.883,427,D001397,IP006419,False,none
S003720,2025-08-22,Grocery,0.834,215,D000598,IP009936,False,none
S003721,2025-08-01,Home & Kitchen,0.886,2426,D007709,IP006874,False,none
S003722,2025-10-02,Fashion,0.847,2541,D002915,IP008154,False,none
S003723,2025-12-29,Toys,0.905,1702,D000431,IP000359,False,none
S003724,2025-01-04,Electronics,0.869,735,D002161,IP007222,False,none
S003725,2025-12-28,Books,0.816,2642,D003231,IP003177,False,none
S003726,2025-02-09,Sports,0.647,1345,D004051,IP001233,False,none
S003727,2025-07-12,Sports,0.903,877,D008967,IP002764,False,none
S003728,2025-05-05,Electronics,0.813,1099,D001983,IP008326,False,none
S003729,2025-08-22,Grocery,0.928,889,D006040,IP008175,False,none
S003730,2025-09-21,Electronics,0.898,847,D002748,IP003055,False,none
S003731,2025-11-10,Home & Kitchen,0.815,978,D004984,IP001920,False,none
S003732,2025-05-27,Beauty,0.952,2022,D002960,IP004189,False,none
S003733,2025-12-07,Grocery,0.87,50,D003443,IP003317,False,none
S003734,2025-04-28,Toys,0.866,1089,D005998,IP004627,False,none
S003735,2025-03-16,Jewelry,0.836,510,D005897,IP007840,False,none
S003736,2025-05-19,Automotive Parts,1.0,1944,D001348,IP003313,False,none
S003737,2025-07-12,Grocery,0.779,2983,D001566,IP001734,False,none
S003738,2025-09-01,Electronics,0.818,2363,D002411,IP001084,False,none
S003739,2025-10-31,Grocery,0.726,747,D008993,IP006851,False,none
S003740,2025-03-24,Home & Kitchen,0.923,1540,D003171,IP001993,False,none
S003741,2025-04-21,Jewelry,0.792,60,D005778,IP002196,False,none
S003742,2025-12-09,Automotive Parts,0.803,1239,D004490,IP008034,False,none
S003743,2025-06-10,Electronics,0.798,836,D003541,IP000928,False,none
S003744,2025-03-30,Electronics,0.856,1505,D000380,IP006522,False,none
S003745,2025-12-26,Books,0.725,1225,D004411,IP000112,False,none
S003746,2025-06-13,Fashion,0.626,2048,D009992,IP009428,True,bust_out
S003747,2025-12-26,Automotive Parts,0.896,1643,D009408,IP007135,True,stolen_goods
S003748,2025-12-02,Sports,0.639,2816,D003003,IP008210,False,none
S003749,2025-11-27,Sports,0.935,206,D005331,IP006663,False,none
S003750,2025-08-01,Jewelry,1.0,2833,D002873,IP004022,False,none
S003751,2025-10-19,Home & Kitchen,0.834,2371,D009214,IP009953,False,none
S003752,2025-12-17,Sports,0.98,2138,D005548,IP007862,False,none
S003753,2025-04-09,Automotive Parts,0.848,2476,D009200,IP000887,False,none
S003754,2025-01-14,Electronics,1.0,152,D008540,IP005764,False,none
S003755,2025-04-28,Fashion,0.804,640,D003275,IP005426,False,none
S003756,2025-08-21,Fashion,0.614,3,D004568,IP002863,False,none
S003757,2025-07-19,Beauty,0.842,2395,D005694,IP004560,False,none
S003758,2025-01-30,Fashion,1.0,1064,D002488,IP009750,False,none
S003759,2025-07-24,Fashion,0.903,1084,D008315,IP000865,False,none
S003760,2025-03-05,Jewelry,0.798,1832,D005658,IP009284,False,none
S003761,2025-07-04,Toys,0.883,1269,D002073,IP007003,False,none
S003762,2025-07-30,Beauty,0.947,1912,D004829,IP001121,False,none
S003763,2025-08-21,Toys,0.841,2809,D008216,IP003052,False,none
S003764,2025-05-31,Automotive Parts,1.0,996,D004230,IP008394,False,none
S003765,2025-05-30,Toys,0.798,2675,D007102,IP007035,False,none
S003766,2025-09-05,Toys,0.95,1597,D009838,IP000776,False,none
S003767,2025-10-01,Automotive Parts,0.926,1125,D003350,IP001474,False,none
S003768,2025-10-22,Electronics,0.78,2757,D009959,IP009288,False,none
S003769,2025-05-02,Toys,0.808,1464,D004143,IP001575,False,none
S003770,2025-06-04,Grocery,0.952,384,D005619,IP006241,False,none
S003771,2025-05-01,Sports,0.864,860,D007729,IP009955,False,none
S003772,2025-07-12,Jewelry,0.884,2536,D000680,IP001665,False,none
S003773,2025-02-16,Jewelry,0.686,1546,D007014,IP000443,False,none
S003774,2025-06-06,Beauty,0.916,1680,D005669,IP008172,False,none
S003775,2025-03-10,Jewelry,0.879,2046,D006553,IP009499,False,none
S003776,2025-07-14,Home & Kitchen,0.844,584,D009524,IP005157,False,none
S003777,2025-11-07,Home & Kitchen,0.886,278,D004851,IP002333,False,none
S003778,2025-12-26,Automotive Parts,0.809,1321,D009256,IP000595,False,none
S003779,2025-06-12,Electronics,0.791,2759,D005677,IP009113,False,none
S003780,2025-01-21,Beauty,0.826,382,D002155,IP007984,False,none
S003781,2025-03-25,Books,0.804,2156,D006525,IP008964,False,none
S003782,2025-02-08,Toys,1.0,2937,D001901,IP007883,False,none
S003783,2025-10-05,Jewelry,0.941,291,D008992,IP004328,False,none
S003784,2025-12-26,Home & Kitchen,0.753,400,D001522,IP004820,False,none
S003785,2025-07-22,Sports,1.0,2607,D004986,IP003823,False,none
S003786,2025-03-06,Fashion,0.807,326,D008197,IP007311,False,none
S003787,2025-01-08,Home & Kitchen,0.853,2231,D000092,IP001001,True,triangulation
S003788,2025-12-23,Fashion,0.94,2391,D004900,IP000401,False,none
S003789,2025-04-26,Grocery,0.653,940,D005064,IP009612,False,none
S003790,2025-02-10,Home & Kitchen,0.826,875,D003380,IP003181,False,none
S003791,2025-03-06,Books,0.793,1564,D006728,IP000346,True,bust_out
S003792,2025-04-04,Beauty,0.871,1520,D003248,IP006732,False,none
S003793,2025-08-28,Sports,0.457,2580,D003743,IP003989,True,collusion
S003794,2025-11-22,Jewelry,0.842,1777,D002754,IP002306,False,none
S003795,2025-04-11,Jewelry,0.838,2904,D006242,IP004345,False,none
S003796,2025-09-08,Electronics,0.957,720,D008826,IP004504,False,none
S003797,2025-01-24,Grocery,0.88,843,D001776,IP006119,False,none
S003798,2025-01-04,Automotive Parts,0.854,723,D004096,IP009319,False,none
S003799,2025-01-21,Books,0.865,1952,D002258,IP008810,True,triangulation
S003800,2025-12-03,Fashion,1.0,101,D002440,IP008267,False,none
S003801,2025-08-01,Books,0.867,2580,D009715,IP004922,False,none
S003802,2025-10-21,Books,0.799,2315,D007104,IP005579,False,none
S003803,2025-01-08,Books,0.659,2964,D009444,IP001321,False,none
S003804,2025-01-09,Toys,0.707,2875,D006354,IP005767,False,none
S003805,2025-11-06,Sports,0.803,213,D006665,IP006713,False,none
S003806,2025-02-07,Books,0.839,2243,D007153,IP008870,False,none
S003807,2025-02-26,Toys,0.794,1511,D006530,IP000462,False,none
S003808,2025-07-09,Grocery,0.885,2206,D008219,IP008630,False,none
S003809,2025-08-10,Grocery,0.793,2621,D003261,IP005184,False,none
S003810,2025-03-25,Beauty,0.759,1749,D001012,IP000882,False,none
S003811,2025-06-12,Books,0.911,10,D004885,IP009956,False,none
S003812,2025-09-04,Grocery,0.987,2594,D000019,IP004655,True,stolen_goods
S003813,2025-06-11,Toys,0.739,1312,D000473,IP004114,False,none
S003814,2025-05-20,Grocery,0.874,1376,D000505,IP001908,False,none
S003815,2025-01-27,Fashion,0.659,1753,D000774,IP000733,False,none
S003816,2025-06-14,Beauty,0.703,2734,D007067,IP000832,False,none
S003817,2025-10-21,Grocery,0.791,1579,D005976,IP002671,False,none
S003818,2025-08-17,Jewelry,0.963,623,D009344,IP002923,False,none
S003819,2025-11-22,Books,0.772,2198,D002898,IP004630,False,none
S003820,2025-02-16,Books,0.768,1899,D003311,IP006106,False,none
S003821,2025-01-05,Beauty,0.854,197,D004901,IP009918,False,none
S003822,2025-07-20,Grocery,0.854,1598,D007811,IP007943,False,none
S003823,2025-03-07,Beauty,0.771,2356,D009306,IP004858,False,none
S003824,2025-08-05,Electronics,1.0,2652,D007291,IP009124,False,none
S003825,2025-11-26,Home & Kitchen,0.823,850,D005071,IP005578,False,none
S003826,2025-05-04,Books,0.861,1568,D009780,IP004229,False,none
S003827,2025-07-20,Automotive Parts,0.81,2472,D001813,IP002173,False,none
S003828,2025-09-06,Toys,0.894,1751,D004707,IP004223,False,none
S003829,2025-02-24,Jewelry,0.973,1259,D002468,IP000410,False,none
S003830,2025-11-24,Grocery,1.0,553,D001660,IP001532,False,none
S003831,2025-03-16,Sports,0.774,129,D003966,IP009449,True,stolen_goods
S003832,2025-10-23,Jewelry,0.96,2070,D007652,IP001948,False,none
S003833,2025-08-29,Toys,0.905,2891,D003199,IP005670,False,none
S003834,2025-02-21,Toys,0.947,1802,D008188,IP001024,False,none
S003835,2025-09-22,Grocery,0.841,2341,D006109,IP006012,False,none
S003836,2025-03-13,Books,0.831,2031,D007073,IP009759,False,none
S003837,2025-08-07,Sports,0.944,1044,D002432,IP004577,False,none
S003838,2025-12-17,Toys,0.945,1568,D008631,IP001275,False,none
S003839,2025-12-14,Automotive Parts,1.0,810,D002037,IP000228,False,none
S003840,2025-11-15,Electronics,0.87,670,D003711,IP007566,False,none
S003841,2025-06-30,Electronics,0.839,1767,D007832,IP001029,False,none
S003842,2025-07-24,Toys,0.604,1938,D006903,IP003177,False,none
S003843,2025-04-20,Electronics,0.689,2961,D002994,IP008433,False,none
S003844,2025-12-03,Beauty,0.811,709,D002638,IP005371,False,none
S003845,2025-06-24,Sports,0.74,871,D004330,IP008730,False,none
S003846,2025-10-09,Toys,0.931,499,D004464,IP008727,True,stolen_goods
S003847,2025-05-12,Home & Kitchen,0.719,2844,D000594,IP006613,False,none
S003848,2025-09-28,Home & Kitchen,0.8,2344,D002424,IP009361,False,none
S003849,2025-03-23,Books,0.804,991,D001545,IP000364,False,none
S003850,2025-09-25,Automotive Parts,0.97,2906,D001545,IP002402,False,none
S003851,2025-01-17,Grocery,0.789,2112,D003535,IP002769,False,none
S003852,2025-02-08,Sports,0.895,1429,D000359,IP009112,False,none
S003853,2025-05-09,Fashion,0.87,1145,D006771,IP006216,False,none
S003854,2025-06-25,Home & Kitchen,0.94,1708,D006714,IP002520,False,none
S003855,2025-09-17,Toys,0.935,256,D002204,IP002085,False,none
S003856,2025-05-12,Home & Kitchen,0.847,517,D008752,IP008047,False,none
S003857,2025-01-07,Books,0.68,2808,D005937,IP008588,True,bust_out
S003858,2025-04-29,Beauty,0.827,620,D003144,IP000152,False,none
S003859,2025-06-10,Jewelry,0.848,492,D001940,IP003653,False,none
S003860,2025-07-18,Home & Kitchen,0.879,2579,D004292,IP005352,False,none
S003861,2025-08-24,Toys,0.776,2834,D009601,IP002350,False,none
S003862,2025-04-01,Grocery,0.964,2454,D000035,IP007258,False,none
S003863,2025-08-11,Home & Kitchen,0.851,310,D000200,IP007579,False,none
S003864,2025-08-19,Grocery,0.758,2516,D004128,IP008389,False,none
S003865,2025-10-11,Sports,0.804,801,D009191,IP007861,False,none
S003866,2025-07-10,Books,1.0,34,D002813,IP008411,False,none
S003867,2025-10-23,Toys,0.916,2762,D007473,IP003656,False,none
S003868,2025-03-22,Automotive Parts,0.955,803,D005742,IP002988,False,none
S003869,2025-09-17,Grocery,0.746,1975,D001993,IP003160,False,none
S003870,2025-01-17,Fashion,0.781,222,D009085,IP008531,False,none
S003871,2025-02-07,Sports,0.782,569,D001632,IP006491,False,none
S003872,2025-11-12,Automotive Parts,0.868,2642,D005061,IP003236,True,triangulation
S003873,2025-06-23,Home & Kitchen,0.833,1776,D006626,IP007213,False,none
S003874,2025-08-15,Sports,0.801,2995,D006755,IP002337,False,none
S003875,2025-08-09,Grocery,0.814,541,D008543,IP002664,False,none
S003876,2025-09-11,Home & Kitchen,0.771,2672,D007054,IP000014,False,none
S003877,2025-03-31,Sports,0.832,2623,D006572,IP009662,False,none
S003878,2025-03-07,Sports,0.961,2772,D001524,IP002357,False,none
S003879,2025-01-16,Fashion,0.699,150,D003066,IP007521,False,none
S003880,2025-11-12,Fashion,0.885,314,D003465,IP001184,False,none
S003881,2025-03-23,Sports,0.988,1589,D003710,IP000360,False,none
S003882,2025-07-29,Fashion,0.832,347,D001131,IP006749,False,none
S003883,2025-06-16,Automotive Parts,0.797,191,D000950,IP000984,False,none
S003884,2025-03-01,Sports,0.942,2434,D004407,IP001447,False,none
S003885,2025-06-01,Grocery,0.752,2085,D007229,IP003303,False,none
S003886,2025-01-31,Beauty,0.848,2532,D008872,IP005853,False,none
S003887,2025-03-06,Home & Kitchen,0.746,2807,D009401,IP000182,False,none
S003888,2025-02-20,Toys,0.663,428,D004809,IP001264,True,triangulation
S003889,2025-10-28,Grocery,0.835,2493,D008981,IP003379,False,none
S003890,2025-07-27,Beauty,0.724,132,D004561,IP007044,False,none
S003891,2025-12-04,Home & Kitchen,0.849,1115,D004733,IP000975,False,none
S003892,2025-06-09,Fashion,0.962,893,D002093,IP002855,False,none
S003893,2025-03-15,Sports,1.0,711,D006279,IP001928,False,none
S003894,2025-08-11,Books,0.859,2155,D003102,IP003086,False,none
S003895,2025-12-06,Sports,0.952,363,D004850,IP002578,False,none
S003896,2025-07-14,Home & Kitchen,0.89,2427,D009365,IP006403,False,none
S003897,2025-01-07,Home & Kitchen,0.812,2620,D005463,IP000671,False,none
S003898,2025-04-21,Beauty,0.658,1997,D003029,IP009389,False,none
S003899,2025-12-04,Beauty,1.0,244,D006704,IP002444,False,none
S003900,2025-07-09,Home & Kitchen,0.745,1790,D007313,IP009916,False,none
S003901,2025-12-14,Automotive Parts,0.988,1886,D006066,IP007293,False,none
S003902,2025-07-05,Beauty,0.904,1119,D000421,IP003572,False,none
S003903,2025-01-05,Home & Kitchen,0.752,1102,D002261,IP003023,False,none
S003904,2025-11-15,Books,0.881,1408,D001283,IP009463,False,none
S003905,2025-10-06,Jewelry,1.0,2987,D009557,IP009964,False,none
S003906,2025-09-19,Toys,1.0,11,D003114,IP006123,True,stolen_goods
S003907,2025-12-21,Books,0.799,1526,D004743,IP000471,False,none
S003908,2025-03-13,Electronics,0.779,951,D009014,IP009064,False,none
S003909,2025-11-27,Sports,0.86,1646,D009912,IP004767,False,none
S003910,2025-03-26,Electronics,0.833,12,D002192,IP000278,False,none
S003911,2025-12-21,Fashion,0.97,2753,D008593,IP008018,False,none
S003912,2025-03-11,Sports,0.924,1371,D007267,IP000331,False,none
S003913,2025-07-20,Home & Kitchen,0.681,2908,D006140,IP003716,True,stolen_goods
S003914,2025-10-16,Electronics,0.896,463,D001675,IP000745,False,none
S003915,2025-01-29,Fashion,0.832,1751,D006911,IP004369,False,none
S003916,2025-01-25,Grocery,0.854,2039,D006128,IP008043,False,none
S003917,2025-11-07,Sports,0.875,2388,D004462,IP001290,False,none
S003918,2025-01-23,Beauty,0.97,28,D005868,IP001379,False,none
S003919,2025-08-13,Automotive Parts,0.948,1904,D002107,IP009566,False,none
S003920,2025-12-09,Beauty,0.775,444,D006219,IP001765,False,none
S003921,2025-08-13,Jewelry,0.844,1282,D001532,IP001125,False,none
S003922,2025-06-25,Beauty,0.805,161,D002862,IP005853,False,none
S003923,2025-06-02,Electronics,0.682,172,D004949,IP002766,False,none
S003924,2025-08-21,Fashion,0.839,2299,D001621,IP009574,False,none
S003925,2025-07-28,Home & Kitchen,1.0,2153,D009136,IP001637,False,none
S003926,2025-07-03,Fashion,0.679,2685,D008864,IP005671,False,none
S003927,2025-02-26,Fashion,0.848,2101,D004743,IP009208,False,none
S003928,2025-08-30,Beauty,0.844,1787,D005694,IP007325,False,none
S003929,2025-09-28,Automotive Parts,0.879,350,D002916,IP000289,False,none
S003930,2025-09-16,Home & Kitchen,0.754,2295,D002120,IP001877,False,none
S003931,2025-01-28,Home & Kitchen,0.707,690,D009610,IP001251,False,none
S003932,2025-09-14,Automotive Parts,0.712,320,D004133,IP009141,False,none
S003933,2025-09-24,Home & Kitchen,0.983,2196,D009535,IP002019,False,none
S003934,2025-03-08,Jewelry,0.752,1764,D000670,IP000558,False,none
S003935,2025-11-06,Books,0.8,449,D001066,IP003826,False,none
S003936,2025-07-11,Automotive Parts,1.0,1648,D004753,IP002828,False,none
S003937,2025-06-22,Sports,0.777,2073,D007819,IP001638,False,none
S003938,2025-09-21,Sports,0.884,1497,D004238,IP004537,False,none
S003939,2025-07-06,Home & Kitchen,0.956,2154,D008398,IP009004,False,none
S003940,2025-07-18,Sports,0.952,1514,D001327,IP002261,False,none
S003941,2025-04-24,Books,0.717,1060,D008561,IP009815,False,none
S003942,2025-12-05,Automotive Parts,0.779,671,D004443,IP006637,False,none
S003943,2025-12-20,Electronics,0.88,775,D002850,IP003822,False,none
S003944,2025-02-17,Fashion,1.0,2427,D006395,IP006787,False,none
S003945,2025-09-25,Electronics,0.774,1119,D007785,IP003484,False,none
S003946,2025-01-09,Grocery,0.801,2148,D009284,IP002118,False,none
S003947,2025-05-15,Electronics,0.892,1078,D000875,IP002345,False,none
S003948,2025-12-21,Automotive Parts,0.912,1576,D007031,IP000085,False,none
S003949,2025-03-05,Beauty,0.918,1821,D003145,IP006485,False,none
S003950,2025-05-18,Home & Kitchen,0.765,1433,D005024,IP000743,False,none
S003951,2025-03-22,Automotive Parts,0.797,2231,D004618,IP001985,False,none
S003952,2025-09-23,Grocery,0.872,2772,D007700,IP000004,False,none
S003953,2025-06-19,Sports,0.976,2585,D003984,IP000650,False,none
S003954,2025-08-05,Jewelry,0.826,2764,D002799,IP009053,False,none
S003955,2025-12-11,Grocery,0.848,90,D004874,IP000237,False,none
S003956,2025-07-10,Books,0.747,2278,D006687,IP006216,False,none
S003957,2025-09-25,Beauty,1.0,2179,D008463,IP003277,False,none
S003958,2025-02-05,Automotive Parts,0.865,1237,D000050,IP001384,False,none
S003959,2025-03-20,Grocery,0.958,943,D005685,IP002996,False,none
S003960,2025-12-12,Automotive Parts,0.853,160,D000725,IP000925,False,none
S003961,2025-11-10,Automotive Parts,0.859,2516,D006199,IP003129,False,none
S003962,2025-08-28,Sports,0.7,2520,D006242,IP008175,False,none
S003963,2025-05-19,Beauty,0.635,228,D008550,IP006204,False,none
S003964,2025-03-14,Automotive Parts,0.975,1746,D001925,IP008110,False,none
S003965,2025-11-07,Automotive Parts,0.858,1653,D007945,IP006965,False,none
S003966,2025-10-14,Fashion,0.871,518,D006887,IP009273,False,none
S003967,2025-03-30,Books,0.725,1646,D006651,IP001080,False,none
S003968,2025-08-04,Books,0.76,2435,D006367,IP001592,True,stolen_goods
S003969,2025-08-14,Grocery,0.956,980,D005496,IP004113,False,none
S003970,2025-06-24,Automotive Parts,1.0,2177,D000636,IP005222,False,none
S003971,2025-12-05,Home & Kitchen,0.788,2910,D008131,IP007839,False,none
S003972,2025-02-15,Automotive Parts,0.47,1364,D003924,IP001214,True,collusion
S003973,2025-04-05,Books,0.869,321,D001044,IP001105,False,none
S003974,2025-02-04,Electronics,0.838,892,D006130,IP007956,False,none
S003975,2025-09-10,Sports,1.0,410,D009472,IP005493,False,none
S003976,2025-08-24,Fashion,0.805,1058,D007134,IP004124,False,none
S003977,2025-12-27,Automotive Parts,0.974,1933,D002459,IP002220,False,none
S003978,2025-07-17,Grocery,0.888,608,D008160,IP006958,False,none
S003979,2025-02-24,Automotive Parts,0.848,1543,D008466,IP008022,False,none
S003980,2025-06-14,Books,0.987,2994,D003304,IP000303,False,none
S003981,2025-02-02,Beauty,0.879,794,D005228,IP000539,False,none
S003982,2025-09-02,Toys,0.84,2639,D008367,IP007779,False,none
S003983,2025-09-04,Automotive Parts,0.988,913,D001574,IP008838,False,none
S003984,2025-11-10,Fashion,0.975,1842,D003542,IP002294,True,triangulation
S003985,2025-05-05,Jewelry,0.97,471,D004563,IP007059,False,none
S003986,2025-04-24,Toys,0.461,805,D000069,IP008428,False,none
S003987,2025-01-27,Sports,0.894,2603,D001670,IP001131,False,none
S003988,2025-06-01,Books,0.871,1769,D006100,IP001858,False,none
S003989,2025-06-23,Electronics,0.548,1708,D002635,IP001304,True,collusion
S003990,2025-10-03,Fashion,0.911,1532,D002416,IP007900,False,none
S003991,2025-10-03,Fashion,0.876,735,D002961,IP007713,False,none
S003992,2025-02-21,Grocery,0.918,2787,D001243,IP001341,False,none
S003993,2025-04-15,Electronics,0.823,1180,D006368,IP001744,False,none
S003994,2025-07-06,Books,1.0,35,D002583,IP006634,False,none
S003995,2025-05-03,Fashion,0.928,2720,D006516,IP008973,False,none
S003996,2025-01-10,Grocery,0.904,140,D008279,IP007792,False,none
S003997,2025-11-05,Automotive Parts,0.899,2660,D004786,IP001676,False,none
S003998,2025-09-24,Toys,0.966,798,D009140,IP003862,False,none
S003999,2025-07-09,Home & Kitchen,0.952,208,D001962,IP000664,False,none
S004000,2025-04-26,Toys,0.839,661,D009616,IP002443,False,none
S004001,2025-11-04,Books,0.949,1962,D003218,IP005633,False,none
S004002,2025-01-13,Grocery,0.867,1637,D003028,IP003445,False,none
S004003,2025-06-12,Books,1.0,459,D009794,IP006067,False,none
S004004,2025-10-20,Sports,0.96,901,D004559,IP002965,False,none
S004005,2025-12-14,Books,0.787,633,D007474,IP005634,False,none
S004006,2025-04-02,Home & Kitchen,1.0,1960,D008025,IP006330,True,bust_out
S004007,2025-08-26,Home & Kitchen,0.64,2592,D004482,IP001945,False,none
S004008,2025-03-11,Automotive Parts,0.914,766,D003179,IP000445,False,none
S004009,2025-02-12,Sports,0.78,2685,D004913,IP003380,False,none
S004010,2025-05-09,Jewelry,1.0,1224,D003851,IP000414,False,none
S004011,2025-11-20,Books,0.875,248,D004164,IP001594,False,none
S004012,2025-09-09,Toys,0.771,967,D002372,IP002877,False,none
S004013,2025-06-28,Sports,0.823,2621,D009148,IP003381,False,none
S004014,2025-04-14,Books,0.779,2425,D005723,IP002769,False,none
S004015,2025-02-21,Fashion,0.819,2185,D007965,IP000534,False,none
S004016,2025-04-09,Toys,0.817,1196,D006592,IP001770,False,none
S004017,2025-02-25,Grocery,0.775,2327,D003529,IP008825,False,none
S004018,2025-03-10,Electronics,0.877,2131,D003184,IP007168,False,none
S004019,2025-09-08,Electronics,0.889,2375,D009823,IP004443,False,none
S004020,2025-02-18,Fashion,0.75,1673,D000242,IP000237,True,triangulation
S004021,2025-01-18,Sports,0.684,1522,D002948,IP003580,False,none
S004022,2025-07-17,Home & Kitchen,0.881,2900,D007359,IP009242,False,none
S004023,2025-04-15,Toys,0.903,2840,D005458,IP008096,False,none
S004024,2025-06-15,Fashion,0.923,1608,D006165,IP007574,False,none
S004025,2025-02-21,Home & Kitchen,0.225,5,D000215,IP002485,True,synthetic_identity
S004026,2025-03-18,Electronics,1.0,1227,D002189,IP004029,False,none
S004027,2025-06-10,Jewelry,0.95,1515,D005994,IP000285,False,none
S004028,2025-09-09,Toys,1.0,2031,D003146,IP008589,False,none
S004029,2025-06-01,Fashion,1.0,956,D004704,IP001130,False,none
S004030,2025-07-17,Sports,0.674,137,D009571,IP006181,False,none
S004031,2025-07-10,Automotive Parts,0.358,2467,D006381,IP002820,True,collusion
S004032,2025-04-09,Jewelry,0.849,2847,D006302,IP005702,False,none
S004033,2025-04-13,Jewelry,0.9,249,D001964,IP008272,False,none
S004034,2025-06-05,Toys,0.842,956,D005954,IP003130,False,none
S004035,2025-01-12,Beauty,0.92,1301,D009600,IP000168,False,none
S004036,2025-09-08,Beauty,0.823,2281,D006396,IP006631,False,none
S004037,2025-08-13,Beauty,0.781,2320,D007851,IP005321,False,none
S004038,2025-04-22,Automotive Parts,0.796,1030,D009544,IP001396,False,none
S004039,2025-05-17,Fashion,0.83,937,D009012,IP000484,False,none
S004040,2025-04-30,Jewelry,0.934,1216,D003398,IP005248,False,none
S004041,2025-08-26,Automotive Parts,0.801,722,D002955,IP006133,False,none
S004042,2025-10-05,Jewelry,0.821,1310,D002809,IP001161,True,bust_out
S004043,2025-02-09,Books,0.907,788,D007702,IP005991,False,none
S004044,2025-05-31,Jewelry,0.83,181,D003767,IP004451,False,none
S004045,2025-01-06,Electronics,0.962,2141,D008225,IP001372,False,none
S004046,2025-06-15,Jewelry,0.758,2361,D008009,IP006162,False,none
S004047,2025-04-01,Sports,0.736,861,D006659,IP006456,False,none
S004048,2025-05-03,Automotive Parts,0.88,1203,D001209,IP001555,False,none
S004049,2025-06-16,Electronics,0.89,1208,D007118,IP006735,False,none
S004050,2025-04-29,Automotive Parts,0.764,67,D002068,IP002221,False,none
S004051,2025-05-24,Sports,0.984,1637,D005526,IP005972,False,none
S004052,2025-10-07,Fashion,1.0,1375,D002282,IP008132,False,none
S004053,2025-10-23,Sports,0.787,2822,D000620,IP009371,False,none
S004054,2025-01-03,Electronics,0.999,1115,D006363,IP002557,False,none
S004055,2025-05-18,Electronics,0.612,2383,D004513,IP003387,False,none
S004056,2025-11-06,Sports,0.958,1172,D006415,IP000955,False,none
S004057,2025-07-13,Jewelry,0.764,556,D004905,IP009691,False,none
S004058,2025-03-16,Fashion,0.948,1046,D003718,IP003306,False,none
S004059,2025-08-05,Home & Kitchen,0.754,2649,D000155,IP008021,False,none
S004060,2025-02-22,Beauty,0.843,769,D002761,IP009351,False,none
S004061,2025-01-08,Sports,0.769,2534,D008805,IP004756,False,none
S004062,2025-08-19,Electronics,0.829,1996,D007546,IP006937,False,none
S004063,2025-07-08,Books,1.0,2235,D004638,IP004722,True,bust_out
S004064,2025-10-04,Toys,0.839,2257,D000317,IP005754,False,none
S004065,2025-05-06,Automotive Parts,1.0,1551,D009849,IP002495,False,none
S004066,2025-11-08,Beauty,0.811,1805,D007387,IP008404,False,none
S004067,2025-06-03,Toys,0.999,210,D000221,IP001230,False,none
S004068,2025-09-27,Electronics,0.687,2097,D002102,IP006601,False,none
S004069,2025-02-06,Automotive Parts,0.821,2134,D001700,IP009199,False,none
S004070,2025-02-05,Jewelry,0.796,311,D009027,IP008111,False,none
S004071,2025-10-13,Beauty,1.0,1555,D009543,IP007587,False,none
S004072,2025-11-01,Toys,0.869,1527,D004136,IP006571,False,none
S004073,2025-12-10,Jewelry,0.641,930,D001778,IP009457,False,none
S004074,2025-04-29,Home & Kitchen,0.719,199,D006422,IP008642,False,none
S004075,2025-01-09,Home & Kitchen,0.749,30,D002725,IP002749,False,none
S004076,2025-12-24,Home & Kitchen,0.943,626,D001209,IP006240,False,none
S004077,2025-08-08,Grocery,0.931,693,D002589,IP004286,False,none
S004078,2025-04-01,Home & Kitchen,0.82,636,D002538,IP002648,True,triangulation
S004079,2025-10-06,Electronics,0.795,1817,D000536,IP008181,True,stolen_goods
S004080,2025-11-26,Fashion,0.922,1264,D007006,IP000411,False,none
S004081,2025-04-14,Automotive Parts,0.737,337,D003521,IP001282,False,none
S004082,2025-10-08,Jewelry,0.896,252,D005503,IP001053,False,none
S004083,2025-10-15,Automotive Parts,0.887,1966,D005505,IP002020,False,none
S004084,2025-07-03,Home & Kitchen,0.823,2803,D007704,IP005124,False,none
S004085,2025-08-19,Toys,0.89,2459,D007623,IP009423,False,none
S004086,2025-04-09,Toys,0.86,2273,D005634,IP009717,False,none
S004087,2025-12-06,Sports,0.9,955,D008380,IP009002,True,triangulation
S004088,2025-12-25,Electronics,0.717,2112,D005693,IP007594,False,none
S004089,2025-12-25,Sports,0.911,246,D000261,IP004598,False,none
S004090,2025-09-27,Electronics,0.953,514,D008582,IP007754,False,none
S004091,2025-01-16,Home & Kitchen,0.882,419,D007695,IP002681,False,none
S004092,2025-05-14,Home & Kitchen,0.91,551,D004246,IP006637,False,none
S004093,2025-06-12,Books,0.839,1074,D003864,IP000082,False,none
S004094,2025-12-17,Jewelry,0.017,9,D008950,IP009034,True,synthetic_identity
S004095,2025-07-19,Books,0.857,2440,D004257,IP009715,False,none
S004096,2025-07-15,Toys,0.735,2145,D003722,IP007354,False,none
S004097,2025-02-23,Sports,0.932,1903,D007324,IP001747,False,none
S004098,2025-10-17,Sports,0.687,527,D003285,IP002583,False,none
S004099,2025-05-03,Fashion,0.878,2603,D004039,IP007397,False,none
S004100,2025-02-03,Automotive Parts,0.812,20,D007794,IP004994,False,none
S004101,2025-12-27,Automotive Parts,0.805,2983,D002232,IP005476,False,none
S004102,2025-03-11,Home & Kitchen,0.867,2180,D000115,IP004043,False,none
S004103,2025-01-06,Fashion,0.779,608,D003365,IP008357,False,none
S004104,2025-01-29,Fashion,0.901,591,D001721,IP001653,False,none
S004105,2025-06-15,Books,0.856,2084,D003617,IP004417,False,none
S004106,2025-02-07,Electronics,0.788,2424,D000717,IP002223,False,none
S004107,2025-11-04,Fashion,0.984,1400,D005893,IP006918,False,none
S004108,2025-07-07,Books,0.87,181,D005121,IP002851,False,none
S004109,2025-04-29,Fashion,0.913,1480,D002722,IP002994,False,none
S004110,2025-01-02,Electronics,0.992,1438,D006280,IP001736,False,none
S004111,2025-06-25,Electronics,0.99,977,D001445,IP008635,False,none
S004112,2025-02-25,Grocery,0.908,2709,D000103,IP002173,False,none
S004113,2025-12-23,Beauty,0.82,1028,D004768,IP008686,False,none
S004114,2025-04-17,Home & Kitchen,0.707,731,D001614,IP009163,True,account_takeover
S004115,2025-06-23,Books,0.871,2029,D008559,IP009640,False,none
S004116,2025-01-07,Fashion,0.959,1855,D003025,IP003432,False,none
S004117,2025-02-17,Sports,0.885,1862,D004287,IP006548,False,none
S004118,2025-03-17,Toys,0.506,1512,D002942,IP008275,False,none
S004119,2025-01-19,Books,0.937,956,D004336,IP000783,False,none
S004120,2025-09-22,Books,0.943,773,D000971,IP000643,False,none
S004121,2025-12-12,Books,0.82,356,D009338,IP002069,False,none
S004122,2025-12-26,Home & Kitchen,0.949,557,D001728,IP009818,False,none
S004123,2025-04-08,Fashion,0.913,1735,D003955,IP000898,False,none
S004124,2025-10-15,Sports,0.781,1218,D008470,IP007647,False,none
S004125,2025-07-03,Electronics,0.977,2218,D004264,IP008388,False,none
S004126,2025-01-17,Toys,0.723,2413,D007005,IP009067,False,none
S004127,2025-02-03,Books,0.844,1676,D000683,IP005287,False,none
S004128,2025-07-19,Jewelry,0.834,314,D002960,IP005259,False,none
S004129,2025-06-04,Books,0.767,11,D007598,IP007423,False,none
S004130,2025-01-04,Automotive Parts,0.88,686,D002634,IP006345,False,none
S004131,2025-12-06,Sports,0.981,847,D004139,IP007866,False,none
S004132,2025-09-24,Toys,0.975,221,D000801,IP003608,False,none
S004133,2025-07-03,Home & Kitchen,0.922,2335,D005045,IP009335,False,none
S004134,2025-12-27,Books,0.68,1101,D003489,IP004320,False,none
S004135,2025-12-21,Jewelry,0.716,2227,D008603,IP002481,False,none
S004136,2025-12-22,Beauty,0.867,627,D003980,IP007507,False,none
S004137,2025-04-05,Electronics,0.847,32,D008271,IP006208,False,none
S004138,2025-11-18,Electronics,0.8,411,D009041,IP000499,False,none
S004139,2025-07-04,Books,1.0,1411,D008390,IP001663,False,none
S004140,2025-09-23,Books,0.861,1439,D007431,IP000365,False,none
S004141,2025-11-10,Fashion,0.904,1312,D005839,IP005759,False,none
S004142,2025-03-01,Electronics,0.949,2878,D004791,IP008749,False,none
S004143,2025-06-13,Books,0.855,1957,D000812,IP003225,False,none
S004144,2025-02-17,Beauty,1.0,2196,D001348,IP001100,False,none
S004145,2025-04-13,Toys,0.756,375,D003802,IP008512,False,none
S004146,2025-05-31,Home & Kitchen,0.789,1397,D006561,IP007210,False,none
S004147,2025-11-09,Grocery,0.756,1864,D000049,IP005451,False,none
S004148,2025-11-11,Grocery,1.0,1754,D009360,IP001995,False,none
S004149,2025-05-23,Electronics,0.93,2840,D009927,IP006721,False,none
S004150,2025-05-01,Electronics,0.796,1427,D000780,IP003662,False,none
S004151,2025-07-13,Sports,0.713,1115,D000963,IP002450,True,collusion
S004152,2025-11-29,Books,0.988,2833,D008486,IP002935,False,none
S004153,2025-12-23,Fashion,0.886,1012,D001998,IP000614,False,none
S004154,2025-03-24,Fashion,0.991,1711,D001801,IP004903,False,none
S004155,2025-03-10,Books,0.844,85,D001872,IP007530,False,none
S004156,2025-09-15,Toys,0.901,497,D007012,IP008266,False,none
S004157,2025-04-21,Fashion,0.88,173,D001326,IP007240,True,stolen_goods
S004158,2025-03-14,Books,0.788,1254,D001838,IP008755,False,none
S004159,2025-01-12,Electronics,0.836,2794,D003976,IP009635,False,none
S004160,2025-05-28,Home & Kitchen,0.732,214,D006000,IP002220,False,none
S004161,2025-05-24,Grocery,0.899,2926,D009901,IP004334,False,none
S004162,2025-07-25,Home & Kitchen,0.926,2607,D002376,IP003376,False,none
S004163,2025-03-15,Electronics,0.949,17,D002548,IP006847,False,none
S004164,2025-09-18,Automotive Parts,0.917,47,D005416,IP008369,False,none
S004165,2025-09-06,Home & Kitchen,0.837,2702,D004177,IP008899,False,none
S004166,2025-06-18,Sports,1.0,1756,D006001,IP000896,False,none
S004167,2025-03-08,Jewelry,0.939,522,D002464,IP005148,False,none
S004168,2025-07-05,Automotive Parts,0.989,2861,D006185,IP001168,False,none
S004169,2025-09-04,Jewelry,0.995,1684,D009254,IP003298,False,none
S004170,2025-05-17,Beauty,0.837,1906,D006827,IP004795,False,none
S004171,2025-04-07,Jewelry,0.889,2034,D007350,IP006199,False,none
S004172,2025-07-04,Electronics,0.927,605,D000690,IP007901,False,none
S004173,2025-05-10,Beauty,0.735,1077,D009022,IP009945,False,none
S004174,2025-05-27,Fashion,0.737,386,D007033,IP003359,False,none
S004175,2025-05-08,Sports,0.72,1587,D006271,IP005594,False,none
S004176,2025-04-21,Jewelry,0.839,2961,D001545,IP000694,False,none
S004177,2025-09-19,Grocery,0.817,1882,D005537,IP001115,False,none
S004178,2025-06-17,Automotive Parts,0.706,2076,D006770,IP009678,False,none
S004179,2025-06-20,Fashion,0.865,582,D006235,IP009383,False,none
S004180,2025-08-27,Grocery,0.84,1626,D001240,IP009389,False,none
S004181,2025-05-12,Grocery,0.968,2982,D000410,IP002615,False,none
S004182,2025-02-06,Toys,1.0,265,D004794,IP006519,False,none
S004183,2025-11-08,Electronics,0.896,612,D007172,IP002290,False,none
S004184,2025-01-21,Fashion,0.78,2159,D003867,IP006818,False,none
S004185,2025-07-28,Automotive Parts,0.915,32,D006875,IP004846,False,none
S004186,2025-04-08,Home & Kitchen,0.851,620,D009673,IP009336,True,bust_out
S004187,2025-03-20,Books,0.826,2832,D008894,IP003736,False,none
S004188,2025-01-16,Automotive Parts,0.764,58,D006308,IP006438,False,none
S004189,2025-11-25,Toys,0.804,1287,D007282,IP006592,False,none
S004190,2025-06-06,Home & Kitchen,0.832,990,D000882,IP007884,False,none
S004191,2025-05-06,Toys,0.93,1196,D000852,IP000520,False,none
S004192,2025-09-28,Home & Kitchen,0.901,774,D007008,IP004635,False,none
S004193,2025-01-15,Fashion,1.0,827,D008010,IP004522,False,none
S004194,2025-07-26,Jewelry,0.917,2282,D001941,IP002280,False,none
S004195,2025-06-30,Beauty,0.892,78,D005924,IP008047,False,none
S004196,2025-07-22,Books,0.819,389,D002861,IP008325,False,none
S004197,2025-02-15,Grocery,0.746,794,D001085,IP000815,False,none
S004198,2025-12-14,Sports,0.793,2479,D003784,IP006843,False,none
S004199,2025-03-29,Sports,0.78,1180,D004477,IP008615,False,none
S004200,2025-09-05,Fashion,0.594,105,D007762,IP002895,False,none
S004201,2025-09-30,Sports,0.749,1561,D008645,IP006321,False,none
S004202,2025-05-06,Grocery,1.0,1882,D009440,IP006232,True,triangulation
S004203,2025-02-17,Fashion,0.887,1373,D001044,IP000185,False,none
S004204,2025-04-19,Home & Kitchen,0.812,266,D009243,IP008164,False,none
S004205,2025-10-22,Books,0.89,2637,D005177,IP007501,False,none
S004206,2025-11-27,Automotive Parts,0.655,2574,D001706,IP002703,False,none
S004207,2025-12-08,Beauty,0.878,2734,D006473,IP003140,False,none
S004208,2025-03-24,Jewelry,0.978,2891,D000604,IP007681,False,none
S004209,2025-08-10,Fashion,0.838,952,D004616,IP008016,False,none
S004210,2025-02-25,Sports,0.673,1265,D008285,IP000723,False,none
S004211,2025-09-17,Automotive Parts,0.809,2878,D009712,IP003589,False,none
S004212,2025-06-01,Toys,0.978,1349,D002882,IP006249,False,none
S004213,2025-09-18,Sports,0.876,2594,D001745,IP001271,False,none
S004214,2025-09-08,Fashion,0.708,1943,D005828,IP009989,False,none
S004215,2025-12-29,Sports,1.0,2782,D001573,IP002090,False,none
S004216,2025-06-28,Sports,0.725,32,D009786,IP008663,False,none
S004217,2025-05-05,Automotive Parts,0.826,2119,D003277,IP000644,False,none
S004218,2025-07-12,Home & Kitchen,0.746,2402,D001864,IP008756,False,none
S004219,2025-03-01,Beauty,0.746,595,D002381,IP000400,False,none
S004220,2025-02-10,Books,0.805,2206,D003748,IP006803,False,none
S004221,2025-07-09,Automotive Parts,0.914,586,D007416,IP003603,False,none
S004222,2025-10-29,Home & Kitchen,0.979,2714,D008675,IP004611,False,none
S004223,2025-07-14,Books,0.811,2726,D007363,IP001086,False,none
S004224,2025-10-13,Jewelry,0.749,12,D006499,IP006772,False,none
S004225,2025-03-06,Books,0.898,1521,D002701,IP006224,False,none
S004226,2025-06-14,Toys,0.901,1148,D009375,IP003211,False,none
S004227,2025-08-12,Home & Kitchen,0.874,2671,D009997,IP004721,False,none
S004228,2025-05-07,Home & Kitchen,0.878,961,D006317,IP005527,False,none
S004229,2025-01-06,Electronics,0.839,2161,D007830,IP006879,False,none
S004230,2025-01-27,Fashion,0.86,351,D003035,IP005396,False,none
S004231,2025-12-05,Toys,0.832,638,D004472,IP000590,False,none
S004232,2025-08-09,Fashion,0.957,2955,D008051,IP005437,False,none
S004233,2025-04-07,Electronics,1.0,1154,D004241,IP003486,False,none
S004234,2025-04-05,Books,0.868,2297,D007592,IP004119,False,none
S004235,2025-01-15,Electronics,0.849,2903,D008598,IP003707,True,triangulation
S004236,2025-12-11,Fashion,0.876,2895,D009336,IP003528,False,none
S004237,2025-02-09,Sports,0.784,59,D002916,IP002362,False,none
S004238,2025-10-05,Automotive Parts,0.926,698,D004761,IP003303,False,none
S004239,2025-03-29,Grocery,0.894,2144,D003858,IP007123,False,none
S004240,2025-05-03,Electronics,0.808,2780,D005028,IP002247,False,none
S004241,2025-04-10,Fashion,0.94,2936,D007427,IP007589,False,none
S004242,2025-10-28,Grocery,0.852,2161,D003238,IP004385,False,none
S004243,2025-01-12,Grocery,0.753,313,D002329,IP006105,False,none
S004244,2025-05-09,Beauty,0.885,2227,D002687,IP001177,False,none
S004245,2025-04-12,Automotive Parts,0.874,816,D007660,IP002073,False,none
S004246,2025-04-10,Jewelry,0.946,2426,D009965,IP009015,False,none
S004247,2025-03-12,Grocery,0.933,1641,D001031,IP008310,False,none
S004248,2025-11-30,Grocery,0.839,552,D009772,IP000696,False,none
S004249,2025-05-19,Grocery,0.803,2531,D000321,IP009034,False,none
S004250,2025-06-02,Fashion,0.85,2966,D005296,IP008374,False,none
S004251,2025-05-21,Grocery,0.886,1520,D001337,IP001370,False,none
S004252,2025-12-24,Automotive Parts,0.898,2437,D009550,IP002412,False,none
S004253,2025-05-04,Home & Kitchen,0.88,179,D007619,IP001776,False,none
S004254,2025-05-05,Electronics,0.841,814,D003561,IP008532,False,none
S004255,2025-04-30,Beauty,0.95,382,D006864,IP008537,False,none
S004256,2025-04-30,Home & Kitchen,0.783,852,D008499,IP007202,False,none
S004257,2025-02-02,Automotive Parts,1.0,1128,D002174,IP002501,False,none
S004258,2025-08-09,Toys,0.926,1294,D006348,IP009209,False,none
S004259,2025-01-10,Books,0.737,968,D002996,IP008474,False,none
S004260,2025-03-24,Automotive Parts,0.869,1634,D007170,IP008702,False,none
S004261,2025-03-15,Grocery,0.927,659,D005675,IP003599,False,none
S004262,2025-04-17,Grocery,0.815,1044,D007182,IP007010,False,none
S004263,2025-10-04,Automotive Parts,0.7,2520,D006367,IP006753,False,none
S004264,2025-08-07,Books,0.746,1687,D006358,IP001516,False,none
S004265,2025-12-28,Home & Kitchen,0.904,81,D000846,IP005827,False,none
S004266,2025-05-09,Grocery,0.675,985,D008523,IP005490,False,none
S004267,2025-12-05,Beauty,0.705,2488,D001715,IP005846,False,none
S004268,2025-01-17,Beauty,0.904,541,D003920,IP003398,False,none
S004269,2025-07-04,Books,0.828,2765,D005110,IP006692,False,none
S004270,2025-10-19,Beauty,0.78,888,D008491,IP008857,False,none
S004271,2025-07-14,Electronics,0.801,1890,D006292,IP006046,False,none
S004272,2025-12-07,Automotive Parts,0.703,1425,D001834,IP008722,False,none
S004273,2025-04-25,Sports,0.898,1876,D002863,IP007716,True,triangulation
S004274,2025-01-13,Books,0.769,2392,D001999,IP003140,False,none
S004275,2025-10-10,Jewelry,0.796,447,D005909,IP007359,False,none
S004276,2025-01-25,Books,0.885,1057,D007173,IP006716,False,none
S004277,2025-10-07,Books,0.824,1705,D007090,IP009437,False,none
S004278,2025-09-25,Grocery,0.78,782,D007501,IP003382,False,none
S004279,2025-11-05,Home & Kitchen,0.651,1126,D007018,IP001637,False,none
S004280,2025-06-24,Jewelry,0.887,2657,D009023,IP006781,False,none
S004281,2025-11-23,Grocery,0.858,687,D009065,IP006322,False,none
S004282,2025-03-03,Fashion,0.798,569,D002746,IP006138,False,none
S004283,2025-06-08,Fashion,0.746,1750,D003044,IP007398,False,none
S004284,2025-02-14,Jewelry,0.851,300,D000560,IP005109,False,none
S004285,2025-10-07,Jewelry,0.898,4,D002673,IP000301,False,none
S004286,2025-09-18,Automotive Parts,0.86,2609,D005074,IP008784,False,none
S004287,2025-10-22,Fashion,1.0,829,D006587,IP002773,False,none
S004288,2025-10-06,Jewelry,0.92,362,D008753,IP002460,False,none
S004289,2025-04-23,Jewelry,0.839,1968,D005939,IP008140,False,none
S004290,2025-01-25,Grocery,0.924,1443,D009714,IP007974,False,none
S004291,2025-12-06,Toys,0.855,1365,D005531,IP005054,False,none
S004292,2025-06-29,Sports,0.855,1315,D008578,IP006895,False,none
S004293,2025-02-04,Toys,0.98,437,D008081,IP000807,False,none
S004294,2025-12-05,Electronics,0.76,2575,D004899,IP002812,False,none
S004295,2025-12-29,Sports,0.852,4,D008724,IP002428,False,none
S004296,2025-06-12,Home & Kitchen,0.969,1450,D008633,IP004216,False,none
S004297,2025-10-09,Home & Kitchen,0.881,812,D003124,IP003571,False,none
S004298,2025-01-14,Electronics,0.813,1925,D002139,IP000690,False,none
S004299,2025-02-04,Toys,0.679,1647,D001214,IP006885,False,none
S004300,2025-04-11,Electronics,0.623,1155,D009211,IP005975,False,none
S004301,2025-08-28,Jewelry,1.0,1604,D004422,IP003793,False,none
S004302,2025-02-18,Jewelry,0.881,681,D005668,IP008878,False,none
S004303,2025-01-13,Jewelry,0.792,394,D002733,IP003607,False,none
S004304,2025-09-02,Beauty,0.885,2716,D003893,IP001178,False,none
S004305,2025-10-09,Fashion,0.755,1841,D004025,IP008480,False,none
S004306,2025-09-27,Sports,0.817,1961,D005816,IP001319,False,none
S004307,2025-10-19,Books,0.756,2996,D001751,IP000713,True,stolen_goods
S004308,2025-10-21,Electronics,0.709,2712,D007840,IP004745,False,none
S004309,2025-08-08,Jewelry,0.64,1755,D003907,IP005790,False,none
S004310,2025-07-09,Toys,0.69,2377,D002401,IP002812,False,none
S004311,2025-11-09,Jewelry,0.952,1583,D000146,IP008391,False,none
S004312,2025-05-08,Electronics,0.751,714,D001018,IP002769,False,none
S004313,2025-02-05,Toys,0.903,1868,D002691,IP009636,False,none
S004314,2025-10-02,Toys,0.946,2739,D007331,IP006386,False,none
S004315,2025-04-11,Electronics,0.852,2639,D008548,IP001845,False,none
S004316,2025-12-24,Grocery,0.82,1516,D009524,IP004102,False,none
S004317,2025-06-01,Automotive Parts,0.863,2838,D002978,IP000759,False,none
S004318,2025-11-07,Sports,0.808,593,D006369,IP008446,False,none
S004319,2025-01-16,Beauty,0.97,124,D002682,IP006479,True,triangulation
S004320,2025-08-29,Books,1.0,1210,D001425,IP004289,False,none
S004321,2025-06-13,Beauty,0.995,615,D005429,IP006790,True,bust_out
S004322,2025-06-18,Beauty,0.635,2873,D006433,IP006152,False,none
S004323,2025-04-07,Grocery,0.806,348,D007608,IP005998,False,none
S004324,2025-12-21,Sports,0.85,1604,D001166,IP003978,False,none
S004325,2025-05-24,Home & Kitchen,0.896,2317,D007469,IP003515,False,none
S004326,2025-11-07,Toys,0.677,333,D003035,IP002560,False,none
S004327,2025-06-05,Jewelry,0.676,137,D002783,IP007865,False,none
S004328,2025-01-18,Sports,0.981,1661,D000315,IP004713,False,none
S004329,2025-11-17,Electronics,0.794,2708,D002044,IP004688,False,none
S004330,2025-03-09,Jewelry,0.701,49,D004875,IP007204,False,none
S004331,2025-04-09,Grocery,0.74,62,D001891,IP005310,False,none
S004332,2025-11-11,Home & Kitchen,0.889,2776,D003213,IP009528,False,none
S004333,2025-11-23,Automotive Parts,0.768,1808,D005300,IP002406,True,triangulation
S004334,2025-12-01,Automotive Parts,0.874,2104,D000975,IP000421,False,none
S004335,2025-06-05,Automotive Parts,0.752,827,D008750,IP004213,False,none
S004336,2025-10-04,Beauty,0.676,937,D003090,IP005318,False,none
S004337,2025-04-30,Automotive Parts,0.992,1412,D007592,IP008212,False,none
S004338,2025-09-28,Jewelry,0.89,642,D006475,IP006359,True,account_takeover
S004339,2025-07-03,Jewelry,0.817,1326,D007513,IP009392,False,none
S004340,2025-01-19,Sports,0.798,2861,D002890,IP000857,False,none
S004341,2025-06-02,Home & Kitchen,0.528,2246,D001721,IP005373,True,collusion
S004342,2025-06-20,Home & Kitchen,0.909,2607,D001430,IP008291,False,none
S004343,2025-04-04,Automotive Parts,0.965,1490,D002294,IP005021,False,none
S004344,2025-05-17,Sports,0.792,2362,D005447,IP002759,False,none
S004345,2025-07-03,Automotive Parts,0.855,1264,D006242,IP007685,False,none
S004346,2025-01-19,Sports,0.89,1852,D007532,IP008749,False,none
S004347,2025-02-25,Sports,0.795,2191,D009638,IP002591,False,none
S004348,2025-10-07,Electronics,0.84,2474,D008301,IP005526,False,none
S004349,2025-05-09,Toys,0.792,2777,D003569,IP008047,True,stolen_goods
S004350,2025-08-11,Sports,0.308,11,D004720,IP001520,True,synthetic_identity
S004351,2025-07-26,Fashion,0.718,2381,D009549,IP000109,False,none
S004352,2025-07-21,Fashion,0.907,2129,D007110,IP007392,False,none
S004353,2025-05-31,Sports,0.881,2210,D004167,IP007521,False,none
S004354,2025-06-26,Home & Kitchen,0.83,45,D008333,IP001572,False,none
S004355,2025-10-28,Grocery,0.895,1463,D001361,IP005969,False,none
S004356,2025-12-19,Toys,0.814,2882,D006728,IP007203,False,none
S004357,2025-04-04,Toys,0.783,2700,D009487,IP009628,False,none
S004358,2025-09-02,Fashion,0.904,693,D005272,IP008081,False,none
S004359,2025-12-20,Toys,0.909,1459,D006131,IP002198,False,none
S004360,2025-01-03,Sports,0.799,2591,D000599,IP005755,False,none
S004361,2025-10-14,Sports,0.791,2790,D006048,IP007331,False,none
S004362,2025-07-01,Home & Kitchen,0.832,994,D002900,IP002710,False,none
S004363,2025-12-20,Electronics,0.795,2408,D009944,IP001628,False,none
S004364,2025-07-31,Automotive Parts,1.0,2504,D003198,IP004373,False,none
S004365,2025-11-02,Automotive Parts,0.882,451,D003139,IP007195,False,none
S004366,2025-03-02,Automotive Parts,0.851,96,D003950,IP005280,False,none
S004367,2025-02-21,Home & Kitchen,0.757,141,D006970,IP006044,False,none
S004368,2025-12-05,Books,0.924,436,D009508,IP006657,False,none
S004369,2025-07-12,Fashion,0.789,2222,D003462,IP009555,False,none
S004370,2025-07-23,Automotive Parts,0.785,1169,D002088,IP006339,False,none
S004371,2025-03-04,Electronics,0.927,2057,D007645,IP001349,False,none
S004372,2025-03-24,Toys,0.889,270,D005415,IP004004,False,none
S004373,2025-10-26,Jewelry,0.6,1806,D004547,IP001698,False,none
S004374,2025-04-21,Grocery,0.834,2235,D009912,IP007581,False,none
S004375,2025-08-02,Jewelry,0.863,2928,D004956,IP009971,False,none
S004376,2025-04-26,Toys,0.816,958,D006187,IP007714,False,none
S004377,2025-04-07,Electronics,0.866,1636,D009814,IP002459,False,none
S004378,2025-03-02,Electronics,0.669,1449,D002089,IP006963,False,none
S004379,2025-12-06,Fashion,0.567,1044,D009027,IP000211,False,none
S004380,2025-12-10,Electronics,0.752,1919,D009601,IP002721,False,none
S004381,2025-02-12,Toys,0.878,1695,D004706,IP003033,False,none
S004382,2025-05-09,Electronics,0.528,2499,D003362,IP004693,False,none
S004383,2025-07-25,Fashion,0.766,86,D001624,IP003204,False,none
S004384,2025-05-20,Toys,0.658,666,D000478,IP004327,True,bust_out
S004385,2025-09-21,Grocery,0.826,1738,D009840,IP000099,True,stolen_goods
S004386,2025-04-05,Books,1.0,1721,D004313,IP008167,False,none
S004387,2025-01-22,Electronics,0.828,2707,D006679,IP003955,False,none
S004388,2025-05-03,Automotive Parts,0.839,2024,D002406,IP008081,False,none
S004389,2025-08-07,Sports,0.934,13,D003236,IP000578,False,none
S004390,2025-03-07,Beauty,0.852,1467,D008188,IP008660,False,none
S004391,2025-10-25,Beauty,0.829,2536,D006563,IP006263,False,none
S004392,2025-01-05,Jewelry,0.943,2619,D002199,IP002311,False,none
S004393,2025-01-25,Toys,0.897,2405,D000054,IP007526,False,none
S004394,2025-07-05,Home & Kitchen,0.879,1432,D008198,IP007484,False,none
S004395,2025-07-06,Toys,0.836,319,D000800,IP007264,False,none
S004396,2025-04-18,Electronics,0.815,640,D000361,IP008703,True,bust_out
S004397,2025-04-05,Fashion,0.942,2540,D003002,IP009539,False,none
S004398,2025-01-26,Beauty,0.816,1022,D009291,IP001664,False,none
S004399,2025-08-30,Home & Kitchen,0.973,2290,D006445,IP002823,True,stolen_goods
S004400,2025-05-19,Beauty,0.745,109,D000421,IP000399,False,none
S004401,2025-02-13,Electronics,0.993,1473,D009170,IP000666,False,none
S004402,2025-05-26,Books,0.897,2851,D009385,IP001055,False,none
S004403,2025-12-09,Fashion,0.753,736,D006967,IP006919,False,none
S004404,2025-04-06,Home & Kitchen,0.901,92,D000736,IP006062,False,none
S004405,2025-11-23,Automotive Parts,0.785,865,D000142,IP000347,False,none
S004406,2025-04-05,Electronics,0.853,190,D008725,IP004216,False,none
S004407,2025-03-09,Home & Kitchen,0.801,1837,D008225,IP001104,False,none
S004408,2025-04-06,Sports,0.837,576,D008313,IP001950,True,account_takeover
S004409,2025-04-28,Beauty,0.944,739,D004866,IP000555,False,none
S004410,2025-02-14,Beauty,0.902,1763,D005944,IP005283,False,none
S004411,2025-08-03,Fashion,0.737,976,D001732,IP000812,False,none
S004412,2025-05-02,Toys,0.743,1951,D000359,IP007855,False,none
S004413,2025-09-20,Grocery,0.877,2792,D002211,IP009320,False,none
S004414,2025-06-29,Sports,0.884,2793,D006211,IP008558,False,none
S004415,2025-06-11,Automotive Parts,0.783,2188,D004020,IP008236,False,none
S004416,2025-06-21,Books,1.0,2906,D006178,IP007517,False,none
S004417,2025-02-27,Grocery,0.931,2208,D004407,IP009107,False,none
S004418,2025-09-18,Toys,0.787,204,D005571,IP008855,False,none
S004419,2025-02-08,Books,0.778,2867,D009513,IP002162,False,none
S004420,2025-09-21,Sports,0.827,1700,D006315,IP006041,False,none
S004421,2025-12-31,Jewelry,0.817,18,D009540,IP003060,False,none
S004422,2025-10-06,Sports,0.976,1861,D009681,IP008370,False,none
S004423,2025-06-16,Toys,0.948,734,D006176,IP000104,False,none
S004424,2025-04-25,Electronics,0.854,1603,D009955,IP004171,False,none
S004425,2025-11-15,Jewelry,0.918,1974,D002490,IP003790,False,none
S004426,2025-04-04,Toys,0.932,84,D005204,IP008524,False,none
S004427,2025-06-26,Grocery,0.856,1315,D000746,IP002945,False,none
S004428,2025-10-09,Books,0.89,167,D000918,IP008958,False,none
S004429,2025-12-03,Electronics,0.909,339,D001324,IP004963,True,triangulation
S004430,2025-12-03,Books,0.899,634,D001339,IP006864,False,none
S004431,2025-02-02,Toys,0.772,2343,D004102,IP005307,False,none
S004432,2025-11-24,Home & Kitchen,0.782,1239,D007203,IP004310,False,none
S004433,2025-02-11,Home & Kitchen,0.821,142,D009859,IP003041,False,none
S004434,2025-08-02,Books,0.779,2241,D009819,IP002816,False,none
S004435,2025-12-06,Electronics,0.703,1632,D001786,IP006403,False,none
S004436,2025-08-28,Books,0.918,425,D004360,IP003251,False,none
S004437,2025-12-12,Jewelry,0.885,1687,D004313,IP008641,False,none
S004438,2025-05-06,Electronics,0.716,747,D000980,IP001323,False,none
S004439,2025-04-25,Electronics,0.826,1908,D000397,IP002154,False,none
S004440,2025-04-30,Electronics,0.832,2842,D003530,IP000471,False,none
S004441,2025-05-10,Grocery,0.868,947,D008565,IP008636,False,none
S004442,2025-09-07,Jewelry,0.742,2236,D003850,IP004144,False,none
S004443,2025-06-15,Automotive Parts,0.715,71,D003834,IP000351,False,none
S004444,2025-09-27,Electronics,0.902,1222,D009965,IP000426,False,none
S004445,2025-06-01,Toys,0.697,2667,D003774,IP009180,False,none
S004446,2025-04-23,Electronics,0.827,224,D006865,IP008805,False,none
S004447,2025-03-11,Beauty,0.817,2787,D009813,IP002768,False,none
S004448,2025-07-21,Beauty,0.838,281,D001178,IP006499,False,none
S004449,2025-11-24,Books,0.875,1446,D005107,IP002525,False,none
S004450,2025-11-10,Automotive Parts,1.0,543,D003370,IP008436,False,none
S004451,2025-04-03,Jewelry,0.69,62,D001187,IP007153,True,triangulation
S004452,2025-06-24,Electronics,0.938,1048,D000485,IP004444,False,none
S004453,2025-09-15,Home & Kitchen,0.599,1743,D006478,IP009285,False,none
S004454,2025-08-12,Home & Kitchen,0.989,2167,D006530,IP002239,False,none
S004455,2025-01-25,Home & Kitchen,0.646,948,D005619,IP009968,False,none
S004456,2025-08-04,Beauty,1.0,1477,D006727,IP002902,False,none
S004457,2025-01-15,Books,0.811,548,D007189,IP008887,False,none
S004458,2025-02-12,Grocery,0.979,2189,D000574,IP008547,False,none
S004459,2025-08-27,Automotive Parts,0.958,507,D000340,IP005626,False,none
S004460,2025-02-07,Grocery,0.806,2583,D003355,IP001218,False,none
S004461,2025-05-04,Home & Kitchen,0.814,538,D005685,IP007511,False,none
S004462,2025-08-03,Fashion,0.766,1992,D009028,IP006982,False,none
S004463,2025-08-28,Beauty,0.929,993,D009798,IP008652,False,none
S004464,2025-06-12,Grocery,0.808,2989,D008268,IP002256,False,none
S004465,2025-02-04,Automotive Parts,0.768,842,D002912,IP002393,False,none
S004466,2025-10-19,Beauty,0.904,2846,D005742,IP003531,False,none
S004467,2025-12-13,Fashion,0.76,2509,D001160,IP003688,False,none
S004468,2025-11-21,Electronics,0.817,1404,D004846,IP000030,False,none
S004469,2025-10-01,Electronics,0.861,1486,D000988,IP001535,False,none
S004470,2025-05-27,Books,0.786,1062,D009928,IP004790,False,none
S004471,2025-11-16,Sports,0.801,1283,D004510,IP009670,False,none
S004472,2025-06-28,Books,1.0,1398,D007221,IP001283,False,none
S004473,2025-02-19,Electronics,0.83,438,D001040,IP002411,True,stolen_goods
S004474,2025-11-07,Toys,0.814,969,D009526,IP008596,False,none
S004475,2025-04-27,Fashion,0.832,2627,D005240,IP000392,False,none
S004476,2025-12-09,Beauty,0.895,2936,D000715,IP000977,False,none
S004477,2025-05-15,Books,0.747,165,D003685,IP008898,False,none
S004478,2025-11-14,Home & Kitchen,0.893,2197,D002121,IP002503,False,none
S004479,2025-07-16,Books,0.876,719,D000689,IP003079,False,none
S004480,2025-06-20,Home & Kitchen,0.671,1961,D000311,IP000147,True,triangulation
S004481,2025-04-19,Sports,1.0,1864,D007123,IP004063,True,triangulation
S004482,2025-11-02,Toys,0.996,2636,D008679,IP009928,False,none
S004483,2025-01-23,Beauty,0.77,2107,D006600,IP009854,False,none
S004484,2025-06-21,Fashion,0.738,2471,D006942,IP006414,False,none
S004485,2025-05-15,Sports,0.873,2403,D000373,IP006751,False,none
S004486,2025-07-18,Automotive Parts,0.707,1942,D001776,IP006435,False,none
S004487,2025-04-03,Books,0.986,1231,D000343,IP006949,False,none
S004488,2025-08-31,Grocery,0.803,1011,D009741,IP005188,False,none
S004489,2025-05-21,Jewelry,1.0,1040,D007377,IP002057,False,none
S004490,2025-03-10,Electronics,0.768,1076,D009557,IP008680,False,none
S004491,2025-03-13,Grocery,0.839,866,D009050,IP008794,False,none
S004492,2025-09-12,Home & Kitchen,0.977,932,D002245,IP001441,False,none
S004493,2025-04-06,Books,0.818,1704,D005114,IP000945,False,none
S004494,2025-04-23,Automotive Parts,0.877,811,D006470,IP007928,False,none
S004495,2025-08-17,Jewelry,0.959,1046,D007415,IP000475,False,none
S004496,2025-05-01,Toys,0.794,2127,D006681,IP008071,False,none
S004497,2025-05-22,Jewelry,0.724,984,D004531,IP009818,False,none
S004498,2025-03-31,Books,0.704,320,D000040,IP000361,False,none
S004499,2025-05-07,Fashion,0.908,51,D009388,IP007989,False,none
S004500,2025-09-10,Home & Kitchen,0.889,2295,D006887,IP001326,False,none
S004501,2025-07-14,Automotive Parts,0.956,2844,D008362,IP002902,False,none
S004502,2025-12-31,Automotive Parts,0.823,2047,D002213,IP005471,False,none
S004503,2025-10-09,Jewelry,0.707,182,D001064,IP006801,False,none
S004504,2025-01-07,Beauty,0.615,1690,D009013,IP000901,False,none
S004505,2025-05-19,Beauty,1.0,813,D008058,IP001092,False,none
S004506,2025-04-16,Jewelry,0.903,963,D008385,IP002823,False,none
S004507,2025-08-03,Electronics,0.864,2764,D004403,IP006817,False,none
S004508,2025-04-07,Jewelry,0.878,2473,D009052,IP004036,False,none
S004509,2025-12-19,Books,0.707,2206,D002241,IP002755,False,none
S004510,2025-04-20,Books,0.771,1503,D007575,IP001572,False,none
S004511,2025-07-10,Toys,1.0,1734,D004944,IP009684,True,triangulation
S004512,2025-02-14,Automotive Parts,0.916,2747,D001649,IP007041,False,none
S004513,2025-11-29,Grocery,0.774,1982,D007174,IP009858,False,none
S004514,2025-11-29,Electronics,0.727,1737,D003605,IP004950,False,none
S004515,2025-10-17,Sports,0.798,292,D001587,IP008187,True,triangulation
S004516,2025-05-09,Jewelry,0.818,2989,D007089,IP006398,False,none
S004517,2025-01-22,Electronics,1.0,2426,D007718,IP005251,False,none
S004518,2025-09-17,Grocery,0.831,1094,D003233,IP004742,False,none
S004519,2025-06-06,Home & Kitchen,0.731,751,D009668,IP005001,False,none
S004520,2025-12-28,Sports,0.844,2903,D007100,IP004124,True,account_takeover
S004521,2025-09-12,Jewelry,0.876,2868,D000223,IP006399,True,triangulation
S004522,2025-07-16,Toys,0.722,1261,D003361,IP004923,False,none
S004523,2025-12-27,Electronics,0.89,694,D009743,IP009707,False,none
S004524,2025-10-20,Electronics,0.971,2393,D001777,IP008995,False,none
S004525,2025-06-17,Grocery,0.864,1876,D009535,IP004643,False,none
S004526,2025-01-07,Automotive Parts,0.77,2700,D005181,IP003960,False,none
S004527,2025-02-03,Home & Kitchen,0.797,1636,D006752,IP007589,False,none
S004528,2025-06-11,Automotive Parts,0.684,1655,D006862,IP006422,False,none
S004529,2025-07-25,Toys,0.837,430,D005116,IP002317,False,none
S004530,2025-01-12,Electronics,0.881,1809,D005171,IP008339,False,none
S004531,2025-02-16,Sports,0.76,1089,D005673,IP006822,False,none
S004532,2025-09-15,Automotive Parts,1.0,617,D006418,IP006210,False,none
S004533,2025-10-02,Home & Kitchen,0.929,2344,D007376,IP007820,False,none
S004534,2025-01-11,Automotive Parts,0.671,1038,D004380,IP002260,False,none
S004535,2025-07-05,Books,0.673,638,D004356,IP007999,False,none
S004536,2025-01-30,Beauty,0.752,2881,D007783,IP001219,False,none
S004537,2025-09-22,Books,1.0,2888,D007571,IP007934,False,none
S004538,2025-11-01,Toys,0.939,1484,D006499,IP005908,False,none
S004539,2025-11-14,Electronics,1.0,887,D004610,IP005819,True,bust_out
S004540,2025-08-07,Jewelry,0.851,486,D005746,IP007273,False,none
S004541,2025-08-18,Beauty,0.829,1880,D005709,IP003107,False,none
S004542,2025-12-05,Sports,0.725,1832,D004353,IP007687,False,none
S004543,2025-08-12,Grocery,0.885,1856,D001785,IP000255,False,none
S004544,2025-06-12,Electronics,0.83,2303,D005357,IP006938,True,stolen_goods
S004545,2025-10-03,Grocery,0.827,1412,D004428,IP007943,True,stolen_goods
S004546,2025-08-04,Beauty,1.0,2050,D000510,IP000034,False,none
S004547,2025-11-04,Sports,0.837,1966,D009554,IP006945,False,none
S004548,2025-07-11,Toys,0.983,2387,D006667,IP007738,False,none
S004549,2025-11-14,Grocery,0.691,2230,D001137,IP005221,False,none
S004550,2025-01-17,Fashion,1.0,108,D002044,IP006046,True,triangulation
S004551,2025-01-14,Fashion,0.813,1857,D005713,IP000593,False,none
S004552,2025-02-06,Toys,0.921,2926,D008601,IP009881,False,none
S004553,2025-07-23,Fashion,0.937,1680,D004853,IP009667,False,none
S004554,2025-09-16,Home & Kitchen,0.8,1589,D008123,IP007645,False,none
S004555,2025-03-20,Books,0.932,1820,D001281,IP000151,False,none
S004556,2025-02-26,Jewelry,0.937,1680,D005279,IP004302,False,none
S004557,2025-11-11,Books,0.779,1206,D008273,IP008179,False,none
S004558,2025-10-01,Beauty,0.78,2981,D008471,IP006761,False,none
S004559,2025-08-25,Jewelry,0.855,213,D002401,IP009046,False,none
S004560,2025-06-28,Toys,0.838,2442,D006708,IP006159,False,none
S004561,2025-06-03,Fashion,0.989,479,D000396,IP007137,False,none
S004562,2025-01-08,Grocery,0.92,620,D001412,IP003373,False,none
S004563,2025-03-10,Sports,0.843,1820,D009001,IP008128,False,none
S004564,2025-11-24,Beauty,0.911,1914,D007407,IP005335,False,none
S004565,2025-05-04,Books,0.645,2781,D002069,IP008000,False,none
S004566,2025-09-15,Grocery,0.788,883,D009958,IP002043,False,none
S004567,2025-09-14,Home & Kitchen,0.879,78,D009926,IP002682,True,stolen_goods
S004568,2025-04-23,Fashion,0.962,765,D000409,IP000878,False,none
S004569,2025-03-16,Sports,0.87,1632,D000256,IP006750,False,none
S004570,2025-09-10,Electronics,0.996,1072,D002449,IP007330,False,none
S004571,2025-02-04,Books,0.937,756,D007939,IP002836,False,none
S004572,2025-06-30,Toys,0.801,2742,D005977,IP003841,False,none
S004573,2025-11-21,Home & Kitchen,0.836,1685,D005126,IP005694,False,none
S004574,2025-09-17,Sports,0.891,2016,D004151,IP007557,False,none
S004575,2025-10-06,Beauty,0.805,2249,D004796,IP003029,False,none
S004576,2025-01-31,Beauty,1.0,1228,D006375,IP004883,False,none
S004577,2025-03-14,Home & Kitchen,0.922,2206,D000637,IP001855,True,collusion
S004578,2025-04-11,Books,0.882,2891,D005864,IP008097,False,none
S004579,2025-04-17,Automotive Parts,0.924,2174,D002208,IP008734,True,stolen_goods
S004580,2025-03-12,Books,0.819,891,D007879,IP007396,False,none
S004581,2025-12-21,Home & Kitchen,0.796,2336,D001954,IP008154,False,none
S004582,2025-03-02,Jewelry,0.842,709,D000709,IP007641,False,none
S004583,2025-09-16,Fashion,0.931,218,D004347,IP008357,False,none
S004584,2025-08-03,Home & Kitchen,0.8,1332,D004406,IP004293,False,none
S004585,2025-08-11,Electronics,0.743,1529,D005185,IP002054,False,none
S004586,2025-03-20,Jewelry,0.965,1409,D008600,IP009611,False,none
S004587,2025-04-23,Electronics,0.89,786,D006998,IP000023,False,none
S004588,2025-08-10,Sports,0.951,819,D003627,IP004052,False,none
S004589,2025-04-20,Fashion,0.926,2763,D007266,IP007262,False,none
S004590,2025-09-11,Home & Kitchen,1.0,875,D005037,IP007931,False,none
S004591,2025-01-15,Books,0.961,2348,D002237,IP006855,False,none
S004592,2025-01-27,Jewelry,0.778,773,D000215,IP004895,False,none
S004593,2025-09-23,Electronics,0.897,323,D000039,IP009224,False,none
S004594,2025-08-14,Fashion,0.794,190,D002241,IP002350,False,none
S004595,2025-01-16,Home & Kitchen,0.805,730,D008190,IP001420,False,none
S004596,2025-11-25,Automotive Parts,0.709,2524,D004636,IP006289,False,none
S004597,2025-01-02,Electronics,0.821,1366,D004517,IP003204,False,none
S004598,2025-12-15,Fashion,0.905,2085,D003989,IP004691,False,none
S004599,2025-09-24,Toys,0.843,2888,D002559,IP004569,False,none
S004600,2025-12-27,Beauty,0.74,145,D007146,IP002640,False,none
S004601,2025-12-13,Electronics,0.698,329,D000127,IP009984,False,none
S004602,2025-04-25,Sports,1.0,2760,D006118,IP003825,False,none
S004603,2025-10-04,Books,0.883,1704,D009369,IP006704,False,none
S004604,2025-03-18,Fashion,0.768,1854,D008802,IP001599,False,none
S004605,2025-06-22,Books,0.896,1024,D003693,IP009910,False,none
S004606,2025-03-29,Electronics,1.0,2480,D008547,IP009870,False,none
S004607,2025-06-27,Grocery,0.912,1939,D002376,IP000691,False,none
S004608,2025-11-15,Home & Kitchen,0.571,773,D002412,IP006431,False,none
S004609,2025-06-09,Home & Kitchen,1.0,1946,D003434,IP005946,False,none
S004610,2025-02-03,Fashion,0.665,12,D000176,IP001735,True,stolen_goods
S004611,2025-04-29,Jewelry,0.829,722,D002656,IP007694,False,none
S004612,2025-10-15,Sports,0.737,612,D008544,IP007645,False,none
S004613,2025-07-10,Books,0.776,2357,D007623,IP008441,False,none
S004614,2025-07-24,Home & Kitchen,0.878,2205,D003291,IP006018,False,none
S004615,2025-06-07,Electronics,0.643,274,D003124,IP007072,False,none
S004616,2025-04-17,Electronics,0.841,2719,D003471,IP007225,False,none
S004617,2025-08-07,Toys,0.965,2454,D001189,IP007674,False,none
S004618,2025-08-20,Beauty,0.766,1304,D001583,IP005844,False,none
S004619,2025-11-24,Grocery,0.711,636,D009927,IP007446,False,none
S004620,2025-08-14,Grocery,0.836,1261,D006930,IP000604,False,none
S004621,2025-12-30,Beauty,0.816,1769,D006775,IP006176,False,none
S004622,2025-10-29,Toys,0.79,1890,D002801,IP002032,True,stolen_goods
S004623,2025-01-29,Beauty,0.731,1042,D008559,IP004070,False,none
S004624,2025-05-24,Books,0.902,305,D001767,IP007687,False,none
S004625,2025-05-21,Books,0.215,6,D009686,IP001138,True,synthetic_identity
S004626,2025-01-02,Books,0.743,2115,D005033,IP007543,False,none
S004627,2025-03-07,Electronics,0.757,802,D003308,IP002595,False,none
S004628,2025-10-06,Beauty,0.864,1918,D007504,IP007538,False,none
S004629,2025-05-09,Automotive Parts,0.754,1707,D004172,IP007666,False,none
S004630,2025-02-23,Beauty,0.868,1504,D002695,IP000152,False,none
S004631,2025-04-15,Fashion,0.997,25,D006836,IP002337,False,none
S004632,2025-04-11,Fashion,0.844,922,D007220,IP008051,False,none
S004633,2025-03-05,Electronics,0.729,1123,D006032,IP003421,False,none
S004634,2025-02-06,Grocery,0.889,2501,D004619,IP004391,False,none
S004635,2025-10-06,Electronics,0.832,2479,D003288,IP000156,False,none
S004636,2025-10-28,Sports,0.835,2621,D004037,IP006936,False,none
S004637,2025-07-01,Beauty,0.898,1389,D008743,IP000933,False,none
S004638,2025-08-13,Electronics,0.919,981,D003595,IP002720,False,none
S004639,2025-12-02,Jewelry,0.854,1498,D009671,IP004768,False,none
S004640,2025-11-04,Grocery,0.844,2375,D001455,IP007695,False,none
S004641,2025-01-12,Jewelry,1.0,1865,D001627,IP004982,False,none
S004642,2025-12-14,Automotive Parts,0.97,1804,D003326,IP009822,False,none
S004643,2025-01-25,Automotive Parts,0.933,1303,D000029,IP005222,False,none
S004644,2025-01-10,Grocery,0.863,2089,D008792,IP002535,False,none
S004645,2025-05-28,Sports,0.749,2601,D003403,IP001908,False,none
S004646,2025-09-30,Books,0.963,2004,D001021,IP007841,False,none
S004647,2025-01-30,Toys,0.864,1210,D006185,IP004595,False,none
S004648,2025-04-17,Fashion,0.792,2520,D009583,IP006049,False,none
S004649,2025-04-06,Beauty,0.826,2827,D009937,IP003701,False,none
S004650,2025-05-26,Toys,0.753,2389,D001074,IP002730,False,none
S004651,2025-12-26,Electronics,0.956,2630,D007928,IP005998,False,none
S004652,2025-05-01,Jewelry,0.171,0,D003620,IP002943,True,synthetic_identity
S004653,2025-03-18,Automotive Parts,0.868,1263,D008362,IP009998,False,none
S004654,2025-02-14,Toys,0.846,748,D006063,IP007316,False,none
S004655,2025-03-14,Toys,0.782,1098,D007317,IP008195,False,none
S004656,2025-02-18,Jewelry,0.637,2200,D008378,IP002843,False,none
S004657,2025-07-29,Toys,0.709,2030,D008953,IP000292,True,stolen_goods
S004658,2025-06-03,Books,0.776,10,D001435,IP000477,False,none
S004659,2025-07-01,Sports,0.761,2266,D007238,IP008589,False,none
S004660,2025-10-31,Home & Kitchen,0.879,577,D001411,IP008739,False,none
S004661,2025-07-31,Grocery,0.931,558,D009439,IP006795,False,none
S004662,2025-02-26,Fashion,0.837,1631,D006283,IP005889,False,none
S004663,2025-05-18,Home & Kitchen,0.991,723,D001926,IP002092,False,none
S004664,2025-04-25,Books,0.772,2888,D002927,IP007584,True,bust_out
S004665,2025-10-29,Grocery,0.836,439,D008956,IP005162,False,none
S004666,2025-04-23,Automotive Parts,0.845,455,D006445,IP006032,False,none
S004667,2025-02-20,Grocery,0.959,2282,D002292,IP000239,False,none
S004668,2025-09-26,Electronics,0.861,860,D008205,IP005164,False,none
S004669,2025-06-06,Jewelry,0.863,2143,D007183,IP006936,False,none
S004670,2025-02-04,Toys,0.685,2044,D000768,IP007699,False,none
S004671,2025-09-09,Electronics,0.76,567,D002832,IP001454,False,none
S004672,2025-03-18,Sports,0.96,1740,D008444,IP000321,False,none
S004673,2025-11-13,Fashion,0.642,1611,D003508,IP008556,False,none
S004674,2025-10-31,Toys,0.984,284,D000375,IP003118,False,none
S004675,2025-05-15,Toys,0.9,2292,D006038,IP004728,False,none
S004676,2025-07-22,Electronics,0.775,2572,D008988,IP006274,False,none
S004677,2025-07-27,Jewelry,0.767,2841,D005564,IP004914,True,triangulation
S004678,2025-08-27,Sports,1.0,264,D009756,IP009439,True,bust_out
S004679,2025-01-26,Automotive Parts,0.991,536,D001141,IP008423,False,none
S004680,2025-04-29,Toys,0.838,2475,D006674,IP003936,False,none
S004681,2025-03-04,Sports,0.863,913,D006497,IP001910,False,none
S004682,2025-09-12,Jewelry,0.785,1876,D009842,IP009752,False,none
S004683,2025-01-26,Home & Kitchen,0.863,1045,D005211,IP007082,False,none
S004684,2025-07-08,Automotive Parts,0.783,653,D008219,IP007552,False,none
S004685,2025-09-23,Fashion,0.842,1875,D001454,IP004640,False,none
S004686,2025-12-13,Automotive Parts,1.0,617,D000443,IP004848,False,none
S004687,2025-04-16,Books,0.84,410,D007164,IP001817,False,none
S004688,2025-01-03,Sports,0.745,1591,D000038,IP004291,False,none
S004689,2025-09-22,Home & Kitchen,0.713,581,D008748,IP005425,False,none
S004690,2025-01-01,Sports,0.863,577,D000207,IP001294,False,none
S004691,2025-01-25,Sports,0.774,2341,D006885,IP006354,False,none
S004692,2025-12-28,Automotive Parts,0.875,1586,D004519,IP006151,False,none
S004693,2025-11-11,Jewelry,0.688,1626,D006454,IP008409,False,none
S004694,2025-09-16,Toys,0.919,431,D006233,IP000523,False,none
S004695,2025-11-01,Beauty,0.744,481,D004442,IP002256,True,stolen_goods
S004696,2025-01-28,Beauty,0.855,1172,D004814,IP004290,False,none
S004697,2025-02-02,Beauty,0.816,1165,D005033,IP008799,False,none
S004698,2025-04-20,Electronics,1.0,1355,D006771,IP002377,False,none
S004699,2025-01-09,Electronics,0.867,404,D007102,IP009721,False,none
S004700,2025-11-21,Grocery,1.0,2695,D004496,IP009562,False,none
S004701,2025-01-21,Home & Kitchen,0.906,1088,D003525,IP000948,False,none
S004702,2025-07-18,Toys,0.993,2448,D000425,IP003632,False,none
S004703,2025-11-08,Books,0.829,1201,D007792,IP002588,True,account_takeover
S004704,2025-09-26,Books,0.885,1417,D002261,IP004892,False,none
S004705,2025-03-27,Beauty,0.972,337,D004341,IP009243,False,none
S004706,2025-06-21,Grocery,0.94,2030,D009926,IP003754,False,none
S004707,2025-07-20,Fashion,0.903,180,D007848,IP006629,False,none
S004708,2025-10-08,Toys,0.817,2243,D003458,IP001372,False,none
S004709,2025-06-05,Fashion,0.834,2644,D004749,IP005702,False,none
S004710,2025-04-15,Sports,0.964,1085,D003247,IP003525,False,none
S004711,2025-10-18,Electronics,0.985,2663,D006261,IP009178,False,none
S004712,2025-11-20,Automotive Parts,0.791,2096,D001527,IP007789,False,none
S004713,2025-06-28,Books,0.776,8,D009526,IP002151,False,none
S004714,2025-01-11,Home & Kitchen,0.76,609,D009871,IP006211,False,none
S004715,2025-07-02,Books,0.933,1923,D002985,IP003421,False,none
S004716,2025-11-21,Beauty,0.757,2105,D002304,IP004374,False,none
S004717,2025-12-28,Sports,0.932,281,D005392,IP004626,False,none
S004718,2025-05-27,Fashion,0.905,2054,D006468,IP008205,False,none
S004719,2025-02-24,Sports,0.795,2430,D006436,IP002901,False,none
S004720,2025-07-28,Fashion,1.0,276,D000420,IP000041,False,none
S004721,2025-10-31,Fashion,0.704,2638,D007110,IP001928,False,none
S004722,2025-12-11,Sports,1.0,1599,D000664,IP008266,False,none
S004723,2025-01-19,Sports,0.882,1850,D003419,IP002966,False,none
S004724,2025-04-17,Home & Kitchen,0.643,152,D007167,IP000595,False,none
S004725,2025-06-24,Electronics,1.0,1839,D008870,IP004003,False,none
S004726,2025-02-05,Toys,0.947,1363,D006351,IP008702,False,none
S004727,2025-11-20,Automotive Parts,0.807,1115,D001597,IP008732,False,none
S004728,2025-02-10,Grocery,0.754,2341,D006801,IP009475,False,none
S004729,2025-08-31,Electronics,0.374,749,D000370,IP006838,True,collusion
S004730,2025-12-02,Automotive Parts,1.0,180,D002309,IP008191,False,none
S004731,2025-09-08,Toys,0.758,1498,D001237,IP007729,False,none
S004732,2025-10-06,Sports,0.724,2231,D009848,IP000195,False,none
S004733,2025-04-07,Electronics,0.877,402,D003683,IP004180,False,none
S004734,2025-10-30,Beauty,0.686,2954,D005583,IP005262,False,none
S004735,2025-06-02,Grocery,0.752,2017,D007905,IP004638,False,none
S004736,2025-01-23,Beauty,0.949,2802,D009695,IP008287,False,none
S004737,2025-05-14,Fashion,0.896,1410,D009954,IP009821,False,none
S004738,2025-05-08,Electronics,0.811,370,D001641,IP005450,False,none
S004739,2025-07-10,Automotive Parts,0.852,533,D003939,IP000963,False,none
S004740,2025-04-07,Jewelry,0.806,1502,D004050,IP003599,False,none
S004741,2025-06-18,Electronics,0.844,1765,D007962,IP001977,False,none
S004742,2025-06-06,Automotive Parts,0.774,2202,D003356,IP004706,False,none
S004743,2025-04-30,Jewelry,0.792,2386,D002312,IP002341,False,none
S004744,2025-09-12,Beauty,0.789,2288,D007550,IP000806,False,none
S004745,2025-04-22,Books,0.777,1766,D004951,IP001715,True,account_takeover
S004746,2025-10-07,Home & Kitchen,0.954,55,D007475,IP004963,False,none
S004747,2025-04-02,Home & Kitchen,0.927,1589,D003799,IP001414,False,none
S004748,2025-11-12,Grocery,0.757,2458,D004865,IP000278,False,none
S004749,2025-05-14,Home & Kitchen,0.731,2543,D000091,IP002803,False,none
S004750,2025-01-15,Beauty,0.834,2503,D000161,IP006441,False,none
S004751,2025-02-24,Beauty,1.0,33,D000003,IP006307,False,none
S004752,2025-10-22,Fashion,0.747,1306,D001752,IP003904,False,none
S004753,2025-11-15,Jewelry,0.834,1850,D003476,IP006633,False,none
S004754,2025-03-19,Books,0.859,743,D000502,IP001913,False,none
S004755,2025-08-08,Jewelry,0.839,1229,D001607,IP007225,False,none
S004756,2025-07-29,Sports,0.804,292,D008470,IP000173,False,none
S004757,2025-02-18,Fashion,0.966,581,D008545,IP001351,False,none
S004758,2025-06-14,Home & Kitchen,0.895,18,D002897,IP009221,False,none
S004759,2025-09-11,Beauty,0.935,2938,D009464,IP004678,False,none
S004760,2025-12-20,Automotive Parts,0.909,2579,D001179,IP005563,False,none
S004761,2025-11-06,Home & Kitchen,0.939,1212,D000314,IP003973,False,none
S004762,2025-02-05,Books,1.0,13,D003541,IP006469,False,none
S004763,2025-03-28,Fashion,0.983,1006,D002647,IP007480,False,none
S004764,2025-06-09,Automotive Parts,1.0,1302,D000772,IP007793,False,none
S004765,2025-02-24,Books,0.972,507,D008474,IP002491,False,none
S004766,2025-07-28,Toys,0.783,1985,D009788,IP006265,False,none
S004767,2025-01-04,Beauty,0.935,2993,D002703,IP007843,False,none
S004768,2025-02-11,Beauty,0.921,2531,D003150,IP004131,False,none
S004769,2025-01-18,Home & Kitchen,1.0,2568,D007183,IP003820,False,none
S004770,2025-04-18,Sports,0.753,2492,D009330,IP006275,False,none
S004771,2025-10-06,Jewelry,0.906,210,D002868,IP005738,False,none
S004772,2025-03-06,Home & Kitchen,0.782,1654,D006827,IP002525,False,none
S004773,2025-12-27,Grocery,0.901,1697,D000231,IP009578,False,none
S004774,2025-04-09,Sports,0.829,303,D005661,IP005613,False,none
S004775,2025-01-17,Grocery,0.898,443,D009871,IP005644,False,none
S004776,2025-05-03,Grocery,0.709,1696,D004754,IP002055,False,none
S004777,2025-10-01,Electronics,0.929,2147,D006415,IP006753,False,none
S004778,2025-02-08,Electronics,0.871,628,D006873,IP009174,False,none
S004779,2025-01-27,Automotive Parts,0.865,1452,D006322,IP007261,False,none
S004780,2025-11-07,Fashion,1.0,226,D006862,IP005095,False,none
S004781,2025-08-05,Sports,0.812,332,D008867,IP006365,False,none
S004782,2025-05-06,Grocery,0.884,1741,D000105,IP002338,False,none
S004783,2025-10-03,Sports,0.86,1671,D008846,IP000605,False,none
S004784,2025-11-05,Electronics,0.87,2250,D009077,IP006396,True,bust_out
S004785,2025-05-12,Electronics,1.0,2732,D009040,IP001817,False,none
S004786,2025-07-24,Books,0.856,570,D003679,IP000903,False,none
S004787,2025-01-04,Jewelry,0.793,1024,D005829,IP007748,False,none
S004788,2025-04-22,Beauty,1.0,2567,D003532,IP004340,False,none
S004789,2025-08-06,Sports,0.819,153,D008403,IP008533,False,none
S004790,2025-03-13,Automotive Parts,0.689,2485,D004065,IP008659,False,none
S004791,2025-12-28,Jewelry,0.776,2835,D003130,IP001229,False,none
S004792,2025-12-21,Sports,0.725,300,D006852,IP007678,False,none
S004793,2025-04-05,Books,0.67,426,D000493,IP003348,False,none
S004794,2025-05-25,Automotive Parts,0.814,2053,D003760,IP007034,False,none
S004795,2025-03-11,Grocery,0.843,1425,D002062,IP000440,True,account_takeover
S004796,2025-07-03,Toys,0.968,2962,D003738,IP004706,False,none
S004797,2025-02-15,Books,0.913,1634,D004487,IP006285,False,none
S004798,2025-05-23,Beauty,0.908,1965,D000634,IP004468,False,none
S004799,2025-07-22,Automotive Parts,0.761,712,D008646,IP005517,False,none
S004800,2025-08-12,Electronics,0.938,974,D004166,IP000113,False,none
S004801,2025-08-06,Home & Kitchen,0.989,533,D003588,IP000073,False,none
S004802,2025-03-22,Beauty,0.889,441,D001494,IP006000,False,none
S004803,2025-10-17,Home & Kitchen,0.892,340,D009957,IP004159,False,none
S004804,2025-09-10,Sports,0.724,2678,D008555,IP005770,False,none
S004805,2025-10-02,Grocery,0.955,210,D004818,IP003595,False,none
S004806,2025-06-20,Jewelry,1.0,1549,D003345,IP000052,False,none
S004807,2025-11-22,Sports,0.882,1524,D004674,IP007002,False,none
S004808,2025-05-23,Books,0.791,168,D009608,IP001370,False,none
S004809,2025-10-22,Sports,0.834,2526,D002213,IP007849,False,none
S004810,2025-03-16,Electronics,0.808,1502,D006845,IP000124,False,none
S004811,2025-04-01,Grocery,0.814,381,D009035,IP009288,False,none
S004812,2025-07-12,Electronics,0.915,386,D007561,IP002531,False,none
S004813,2025-07-22,Sports,0.878,2102,D008701,IP008926,False,none
S004814,2025-09-30,Automotive Parts,0.95,1859,D009477,IP000038,False,none
S004815,2025-04-19,Grocery,0.887,1238,D000599,IP004501,False,none
S004816,2025-11-15,Sports,0.764,1216,D002389,IP004173,False,none
S004817,2025-05-01,Beauty,0.8,106,D001444,IP001643,True,triangulation
S004818,2025-07-14,Jewelry,0.794,96,D005672,IP004763,False,none
S004819,2025-12-07,Jewelry,0.831,1608,D004074,IP002151,False,none
S004820,2025-07-16,Beauty,1.0,1091,D000407,IP004370,False,none
S004821,2025-09-06,Fashion,1.0,756,D005575,IP003746,False,none
S004822,2025-11-28,Sports,0.934,1137,D001007,IP001993,False,none
S004823,2025-12-22,Books,0.862,1816,D004073,IP007886,True,bust_out
S004824,2025-07-02,Automotive Parts,0.714,880,D003665,IP005235,False,none
S004825,2025-06-02,Jewelry,0.872,1048,D008935,IP008384,False,none
S004826,2025-03-13,Home & Kitchen,0.771,849,D006825,IP008140,True,triangulation
S004827,2025-07-16,Home & Kitchen,1.0,1999,D006241,IP002624,False,none
S004828,2025-12-02,Automotive Parts,0.689,165,D008316,IP002912,False,none
S004829,2025-06-27,Beauty,0.888,2755,D001805,IP009515,False,none
S004830,2025-05-08,Toys,0.763,1663,D002564,IP003125,False,none
S004831,2025-02-09,Beauty,0.849,734,D007523,IP000947,False,none
S004832,2025-05-23,Beauty,0.917,2278,D007490,IP005428,False,none
S004833,2025-03-28,Sports,0.952,2819,D000213,IP009667,False,none
S004834,2025-12-23,Home & Kitchen,0.844,175,D002242,IP002337,False,none
S004835,2025-07-12,Toys,0.926,613,D002270,IP006375,False,none
S004836,2025-02-20,Beauty,0.784,432,D000060,IP003377,False,none
S004837,2025-01-25,Fashion,0.875,213,D006613,IP003849,False,none
S004838,2025-11-07,Grocery,0.95,2216,D000544,IP004524,False,none
S004839,2025-12-06,Jewelry,0.883,578,D008413,IP001432,False,none
S004840,2025-10-06,Toys,0.797,1151,D005855,IP003863,False,none
S004841,2025-02-15,Home & Kitchen,0.822,2444,D007617,IP002730,False,none
S004842,2025-02-05,Books,0.952,1835,D004971,IP008182,False,none
S004843,2025-03-14,Sports,0.741,2032,D009702,IP002279,False,none
S004844,2025-10-02,Sports,0.756,293,D002704,IP008489,False,none
S004845,2025-10-07,Sports,0.91,2912,D005579,IP000168,False,none
S004846,2025-11-02,Grocery,0.806,249,D000065,IP004028,False,none
S004847,2025-02-05,Electronics,0.705,2129,D008328,IP002683,False,none
S004848,2025-02-25,Electronics,0.985,1918,D005680,IP004477,False,none
S004849,2025-11-25,Electronics,0.74,1238,D001759,IP007709,False,none
S004850,2025-12-05,Fashion,0.83,2514,D008176,IP009568,False,none
S004851,2025-09-22,Automotive Parts,0.788,2677,D009892,IP007278,False,none
S004852,2025-02-08,Grocery,0.82,211,D000685,IP005030,True,stolen_goods
S004853,2025-01-26,Books,0.762,2874,D008457,IP005124,False,none
S004854,2025-01-21,Books,0.921,724,D007364,IP009930,False,none
S004855,2025-09-10,Electronics,0.861,2375,D003544,IP009915,False,none
S004856,2025-11-05,Home & Kitchen,0.948,2462,D006345,IP007628,False,none
S004857,2025-08-19,Grocery,0.789,1670,D007854,IP001642,False,none
S004858,2025-04-06,Toys,1.0,2589,D004793,IP002642,False,none
S004859,2025-10-04,Sports,0.66,2477,D006664,IP002723,False,none
S004860,2025-01-22,Grocery,0.691,1568,D000483,IP002290,False,none
S004861,2025-10-30,Electronics,1.0,537,D009253,IP009676,False,none
S004862,2025-11-22,Grocery,0.897,1304,D009235,IP001590,False,none
S004863,2025-09-20,Books,0.884,2701,D002102,IP008528,False,none
S004864,2025-11-17,Toys,0.893,608,D004774,IP008061,False,none
S004865,2025-08-02,Toys,0.907,2998,D002387,IP005285,False,none
S004866,2025-06-20,Electronics,0.88,545,D003996,IP003068,False,none
S004867,2025-04-28,Home & Kitchen,0.753,1995,D002752,IP002658,False,none
S004868,2025-12-03,Home & Kitchen,0.932,1923,D008614,IP006757,False,none
S004869,2025-09-12,Jewelry,0.916,588,D006947,IP006711,True,bust_out
S004870,2025-03-11,Fashion,0.993,1417,D008455,IP005401,False,none
S004871,2025-12-16,Home & Kitchen,1.0,434,D007928,IP005684,False,none
S004872,2025-01-22,Fashion,0.883,1094,D007272,IP008259,False,none
S004873,2025-08-03,Home & Kitchen,0.727,2878,D001666,IP007544,False,none
S004874,2025-03-11,Electronics,1.0,163,D008293,IP007508,False,none
S004875,2025-08-31,Home & Kitchen,0.748,2614,D007830,IP002803,False,none
S004876,2025-05-31,Grocery,0.884,2032,D001243,IP000637,False,none
S004877,2025-06-09,Grocery,0.824,2246,D000877,IP004586,True,stolen_goods
S004878,2025-09-03,Beauty,0.807,847,D007609,IP003384,False,none
S004879,2025-10-03,Grocery,0.926,2847,D003901,IP003349,False,none
S004880,2025-05-19,Books,0.874,760,D003280,IP005200,False,none
S004881,2025-12-31,Automotive Parts,0.901,1510,D003965,IP009253,False,none
S004882,2025-07-01,Jewelry,0.768,111,D008674,IP008036,True,bust_out
S004883,2025-02-28,Home & Kitchen,0.833,2663,D003636,IP006750,False,none
S004884,2025-01-03,Sports,0.773,2113,D003702,IP007140,False,none
S004885,2025-03-15,Grocery,0.83,489,D003992,IP004137,False,none
S004886,2025-09-10,Beauty,0.838,1986,D000543,IP005494,False,none
S004887,2025-07-16,Sports,1.0,549,D000374,IP004337,False,none
S004888,2025-05-04,Toys,0.824,1333,D004143,IP008083,False,none
S004889,2025-06-25,Beauty,0.637,1537,D000168,IP009903,False,none
S004890,2025-11-02,Fashion,0.99,2793,D007567,IP004349,False,none
S004891,2025-07-28,Electronics,0.895,998,D004243,IP007208,False,none
S004892,2025-01-22,Grocery,0.837,39,D005009,IP000556,False,none
S004893,2025-01-18,Jewelry,0.806,1298,D003360,IP004017,False,none
S004894,2025-06-25,Books,0.755,2779,D007636,IP008705,False,none
S004895,2025-05-28,Home & Kitchen,1.0,2394,D004275,IP006864,False,none
S004896,2025-11-07,Electronics,0.855,178,D000352,IP005265,False,none
S004897,2025-08-01,Books,0.676,161,D004883,IP002137,False,none
S004898,2025-10-04,Fashion,0.351,7,D001771,IP008084,True,synthetic_identity
S004899,2025-08-02,Sports,0.971,2162,D005950,IP009705,False,none
S004900,2025-05-07,Automotive Parts,0.866,1672,D005636,IP003920,False,none
S004901,2025-08-28,Electronics,0.76,265,D004745,IP008095,False,none
S004902,2025-08-15,Sports,0.751,840,D003853,IP005885,False,none
S004903,2025-09-20,Automotive Parts,0.758,2542,D005959,IP003974,False,none
S004904,2025-03-11,Beauty,1.0,419,D006801,IP003310,False,none
S004905,2025-08-23,Jewelry,0.843,606,D008785,IP005029,False,none
S004906,2025-04-15,Jewelry,0.682,1357,D009625,IP004095,True,stolen_goods
S004907,2025-10-16,Toys,0.888,2205,D000831,IP006170,False,none
S004908,2025-10-19,Beauty,0.864,2484,D006598,IP001473,False,none
S004909,2025-08-17,Books,0.805,1776,D000846,IP004771,False,none
S004910,2025-12-12,Books,0.748,1477,D004173,IP007416,False,none
S004911,2025-07-16,Toys,0.744,1157,D007412,IP008450,False,none
S004912,2025-01-10,Fashion,0.959,132,D005423,IP002802,False,none
S004913,2025-08-10,Grocery,0.875,803,D008077,IP006002,False,none
S004914,2025-10-11,Home & Kitchen,0.898,645,D009128,IP003017,False,none
S004915,2025-02-06,Fashion,0.874,173,D009738,IP007899,False,none
S004916,2025-02-08,Electronics,0.883,2235,D006729,IP003541,False,none
S004917,2025-04-10,Toys,0.803,1060,D006734,IP006734,False,none
S004918,2025-11-05,Fashion,0.829,1529,D008031,IP004321,False,none
S004919,2025-07-12,Beauty,0.966,602,D002330,IP002671,False,none
S004920,2025-12-23,Home & Kitchen,0.991,1774,D003015,IP005761,False,none
S004921,2025-11-15,Toys,0.728,408,D003412,IP006239,False,none
S004922,2025-07-22,Grocery,0.829,2033,D007443,IP006828,False,none
S004923,2025-09-05,Toys,0.934,2215,D003512,IP007912,False,none
S004924,2025-05-01,Sports,1.0,934,D001394,IP006756,False,none
S004925,2025-02-02,Fashion,1.0,638,D007986,IP008513,False,none
S004926,2025-05-26,Fashion,0.788,2340,D007497,IP004236,True,collusion
S004927,2025-08-05,Automotive Parts,0.978,670,D005941,IP005086,False,none
S004928,2025-03-08,Books,0.856,535,D008815,IP004818,False,none
S004929,2025-03-22,Electronics,0.954,1022,D007918,IP005781,True,bust_out
S004930,2025-01-06,Sports,0.929,2899,D009002,IP001403,False,none
S004931,2025-09-25,Electronics,0.724,1388,D002597,IP008541,False,none
S004932,2025-11-25,Electronics,0.905,788,D001165,IP005215,False,none
S004933,2025-10-30,Beauty,0.951,1541,D003415,IP005534,False,none
S004934,2025-05-19,Books,0.848,1045,D008298,IP008770,False,none
S004935,2025-08-05,Books,0.825,1993,D009246,IP004648,False,none
S004936,2025-12-17,Grocery,0.693,1317,D001099,IP004604,False,none
S004937,2025-08-04,Fashion,0.918,1765,D008555,IP005651,False,none
S004938,2025-04-18,Fashion,0.871,1309,D004783,IP009380,False,none
S004939,2025-05-04,Sports,0.758,1445,D008179,IP002534,False,none
S004940,2025-09-23,Jewelry,0.817,1342,D006825,IP001557,False,none
S004941,2025-06-12,Grocery,0.865,1182,D000600,IP001078,False,none
S004942,2025-11-02,Books,0.794,2891,D004842,IP007369,False,none
S004943,2025-11-12,Electronics,0.85,798,D000889,IP000106,False,none
S004944,2025-01-14,Jewelry,0.675,2416,D003399,IP007079,False,none
S004945,2025-09-22,Automotive Parts,0.985,2130,D007575,IP008844,False,none
S004946,2025-05-16,Sports,0.852,1584,D006838,IP006815,False,none
S004947,2025-07-09,Beauty,0.74,953,D007046,IP001705,False,none
S004948,2025-04-07,Books,0.604,1451,D006608,IP006628,False,none
S004949,2025-05-15,Books,0.953,2548,D000147,IP004428,False,none
S004950,2025-05-01,Automotive Parts,0.906,546,D005828,IP000223,False,none
S004951,2025-01-19,Fashion,0.871,1758,D004850,IP001976,False,none
S004952,2025-10-13,Sports,0.936,2294,D005284,IP007421,False,none
S004953,2025-02-22,Grocery,0.936,1902,D002127,IP005609,False,none
S004954,2025-05-18,Beauty,0.869,433,D007057,IP004996,True,stolen_goods
S004955,2025-03-12,Jewelry,0.825,1526,D006075,IP007763,False,none
S004956,2025-02-28,Electronics,0.808,549,D004030,IP005241,False,none
S004957,2025-05-17,Fashion,0.892,2785,D000565,IP009682,False,none
S004958,2025-12-02,Grocery,0.99,1055,D000687,IP000508,False,none
S004959,2025-12-11,Fashion,0.84,1265,D003590,IP002862,False,none
S004960,2025-05-20,Toys,0.998,2572,D005374,IP001883,False,none
S004961,2025-07-04,Home & Kitchen,0.887,1281,D009968,IP004138,False,none
S004962,2025-12-26,Books,0.888,582,D007234,IP009110,False,none
S004963,2025-03-27,Electronics,1.0,2679,D004853,IP004093,False,none
S004964,2025-12-11,Beauty,1.0,1944,D002991,IP003155,True,stolen_goods
S004965,2025-02-08,Automotive Parts,1.0,1815,D001686,IP000845,False,none
S004966,2025-03-24,Beauty,0.77,227,D001407,IP003938,False,none
S004967,2025-05-04,Sports,1.0,1347,D000718,IP002288,False,none
S004968,2025-01-14,Automotive Parts,0.842,1378,D009118,IP001892,False,none
S004969,2025-10-25,Books,0.827,787,D000158,IP001337,False,none
S004970,2025-11-09,Grocery,0.634,1693,D008637,IP006321,False,none
S004971,2025-05-20,Automotive Parts,0.883,735,D005835,IP007088,False,none
S004972,2025-11-02,Books,0.742,1413,D006184,IP007407,False,none
S004973,2025-10-09,Jewelry,0.891,2404,D009586,IP000535,False,none
S004974,2025-10-20,Sports,0.734,2206,D007866,IP009212,False,none
S004975,2025-10-20,Jewelry,1.0,839,D001471,IP005070,False,none
S004976,2025-07-29,Books,0.905,623,D009688,IP005620,False,none
S004977,2025-02-10,Beauty,1.0,18,D001760,IP008774,False,none
S004978,2025-12-04,Sports,0.748,1037,D005692,IP002756,False,none
S004979,2025-08-11,Beauty,1.0,59,D006406,IP005033,False,none
S004980,2025-11-25,Beauty,0.67,385,D002441,IP000709,False,none
S004981,2025-12-17,Home & Kitchen,0.871,2935,D006302,IP004923,False,none
S004982,2025-03-10,Toys,0.787,2567,D006388,IP002661,False,none
S004983,2025-05-27,Beauty,0.805,1679,D009798,IP001823,False,none
S004984,2025-03-12,Books,0.798,2323,D009145,IP006183,False,none
S004985,2025-01-19,Beauty,0.759,1467,D003996,IP001300,False,none
S004986,2025-12-19,Toys,0.724,1804,D006901,IP009741,False,none
S004987,2025-12-04,Fashion,0.806,2753,D008209,IP002324,False,none
S004988,2025-12-07,Beauty,0.862,236,D000262,IP000791,False,none
S004989,2025-11-19,Beauty,0.966,1055,D006848,IP004466,False,none
S004990,2025-08-25,Automotive Parts,0.88,357,D009171,IP003883,True,stolen_goods
S004991,2025-07-10,Toys,0.126,12,D001202,IP006578,True,synthetic_identity
S004992,2025-12-28,Electronics,0.702,2467,D007536,IP006672,False,none
S004993,2025-07-21,Beauty,0.807,2165,D000603,IP005922,False,none
S004994,2025-08-23,Grocery,0.921,1827,D004018,IP005745,False,none
S004995,2025-03-19,Fashion,0.884,1431,D008194,IP007771,False,none
S004996,2025-09-30,Fashion,0.764,71,D009874,IP006516,False,none
S004997,2025-10-27,Beauty,0.943,2324,D007277,IP001394,False,none
S004998,2025-09-05,Beauty,0.797,2682,D007216,IP004632,False,none
S004999,2025-07-01,Toys,0.772,2897,D002591,IP006877,False,none
